student_id,gender,age,study_hours,attendance,previous_score,assignments_completed,internet_access,extracurricular,final_grade,performance
1001,Male,21,2,51,87,4,Yes,Yes,49,Poor
1002,Male,21,9,55,77,6,Yes,Yes,65,Good
1003,Female,17,9,88,41,8,Yes,No,71,Good
1004,Male,20,5,50,88,2,No,No,56,Average
1005,Female,17,6,56,45,6,Yes,No,57,Average
1006,Female,22,1,96,69,8,Yes,No,57,Average
1007,Female,22,10,73,76,3,Yes,Yes,75,Good
1008,Female,16,4,56,64,4,No,No,47,Poor
1009,Male,18,4,92,57,10,Yes,Yes,67,Good
1010,Male,19,7,67,99,10,Yes,No,73,Good
1011,Male,22,1,70,65,4,Yes,Yes,52,Average
1012,Male,21,8,75,96,10,No,Yes,81,Excellent
1013,Male,17,9,84,56,9,No,No,76,Good
1014,Female,17,9,81,45,0,Yes,Yes,60,Average
1015,Male,20,2,74,64,9,No,No,47,Poor
1016,Female,21,9,98,57,10,No,Yes,80,Excellent
1017,Male,17,8,50,86,4,Yes,Yes,69,Good
1018,Male,17,6,98,50,8,Yes,No,77,Good
1019,Female,16,6,69,55,0,Yes,Yes,49,Poor
1020,Female,22,2,98,74,2,Yes,No,59,Average
1021,Female,20,10,77,53,8,Yes,No,79,Good
1022,Male,19,9,78,47,3,Yes,Yes,68,Good
1023,Male,20,9,64,77,3,Yes,Yes,64,Average
1024,Male,16,1,71,44,8,Yes,No,55,Average
1025,Female,20,3,96,99,9,No,Yes,82,Excellent
1026,Female,17,2,56,82,6,No,No,57,Average
1027,Female,22,1,93,81,10,Yes,Yes,72,Good
1028,Male,22,2,65,52,3,No,Yes,48,Poor
1029,Male,18,8,65,95,1,No,Yes,62,Average
1030,Male,16,4,60,66,7,No,Yes,59,Average
1031,Female,17,7,50,64,4,No,No,61,Average
1032,Male,17,4,68,53,0,Yes,No,42,Poor
1033,Male,20,8,82,98,8,Yes,Yes,93,Excellent
1034,Male,22,3,54,78,1,Yes,No,46,Poor
1035,Male,20,10,52,79,1,No,No,65,Good
1036,Female,21,6,65,56,6,Yes,No,66,Good
1037,Female,22,2,50,69,9,Yes,Yes,51,Average
1038,Female,17,6,54,96,3,No,No,60,Average
1039,Male,22,9,95,59,9,Yes,No,76,Good
1040,Male,18,2,56,87,8,Yes,No,60,Average
1041,Male,21,6,63,83,10,No,No,69,Good
1042,Male,16,7,67,42,0,No,Yes,50,Average
1043,Male,21,8,85,85,6,Yes,Yes,74,Good
1044,Male,20,1,73,77,8,Yes,No,54,Average
1045,Male,18,6,100,95,0,No,Yes,72,Good
1046,Female,18,9,76,79,2,Yes,Yes,71,Good
1047,Male,16,3,97,99,5,No,Yes,71,Good
1048,Female,22,2,74,95,0,No,Yes,54,Average
1049,Female,18,5,100,95,3,Yes,Yes,75,Good
1050,Male,18,5,54,89,4,No,No,61,Average
1051,Female,16,5,61,77,4,Yes,Yes,66,Good
1052,Female,21,6,77,78,8,Yes,No,70,Good
1053,Male,16,7,50,73,8,Yes,No,70,Good
1054,Female,21,6,89,60,10,Yes,No,81,Excellent
1055,Female,21,7,70,65,4,Yes,Yes,70,Good
1056,Female,21,3,89,76,4,No,Yes,62,Average
1057,Female,17,7,100,77,9,No,No,86,Excellent
1058,Female,21,4,82,70,2,Yes,No,69,Good
1059,Male,16,4,93,59,3,Yes,Yes,54,Average
1060,Female,17,8,89,94,1,No,No,74,Good
1061,Male,19,7,65,49,10,Yes,Yes,70,Good
1062,Male,17,9,79,43,8,Yes,Yes,76,Good
1063,Female,22,8,92,73,8,No,No,86,Excellent
1064,Male,22,9,78,97,2,No,No,77,Good
1065,Female,22,5,99,89,8,No,Yes,77,Good
1066,Male,16,5,65,57,5,No,Yes,50,Average
1067,Female,17,7,94,49,3,Yes,No,71,Good
1068,Female,20,8,76,43,3,No,No,51,Average
1069,Male,19,1,72,59,6,No,Yes,55,Average
1070,Female,18,7,81,41,6,No,No,57,Average
1071,Male,17,10,84,41,6,Yes,Yes,76,Good
1072,Female,22,8,61,43,4,No,No,53,Average
1073,Male,18,6,98,96,6,No,No,79,Good
1074,Male,19,1,97,74,0,No,Yes,48,Poor
1075,Female,22,1,65,52,0,Yes,Yes,37,Poor
1076,Male,21,2,86,100,3,No,No,67,Good
1077,Male,20,10,97,85,1,Yes,No,79,Good
1078,Male,18,10,93,98,6,No,Yes,82,Excellent
1079,Female,16,5,93,78,1,Yes,No,73,Good
1080,Female,16,9,91,61,0,No,No,63,Average
1081,Female,18,8,95,49,6,Yes,No,79,Good
1082,Male,19,10,67,60,3,Yes,No,75,Good
1083,Female,22,8,86,79,10,No,No,72,Good
1084,Female,22,6,61,71,3,No,No,60,Average
1085,Female,20,5,85,40,8,Yes,Yes,60,Average
1086,Male,19,9,98,55,7,No,No,67,Good
1087,Female,18,4,75,84,3,No,No,68,Good
1088,Male,19,9,71,62,7,No,No,69,Good
1089,Female,16,4,70,47,8,Yes,Yes,54,Average
1090,Female,18,10,98,73,9,No,Yes,83,Excellent
1091,Male,17,6,61,59,0,Yes,No,47,Poor
1092,Female,20,5,94,100,2,No,Yes,65,Good
1093,Male,19,8,78,61,2,Yes,No,74,Good
1094,Female,22,2,75,71,1,Yes,Yes,49,Poor
1095,Female,16,4,57,75,6,Yes,No,65,Good
1096,Male,18,10,77,59,9,Yes,Yes,76,Good
1097,Female,18,2,60,55,2,Yes,Yes,36,Poor
1098,Female,19,10,80,58,0,Yes,No,70,Good
1099,Male,16,4,66,90,10,Yes,No,65,Good
1100,Female,21,3,67,92,2,Yes,Yes,57,Average
1101,Female,20,10,68,68,1,No,No,71,Good
1102,Female,20,9,81,68,1,Yes,No,73,Good
1103,Male,16,2,64,83,9,Yes,No,54,Average
1104,Male,19,9,91,68,4,Yes,No,84,Excellent
1105,Female,19,6,76,61,5,Yes,Yes,66,Good
1106,Female,21,8,68,82,6,Yes,No,68,Good
1107,Male,18,6,57,89,6,Yes,No,73,Good
1108,Female,17,9,73,79,7,No,Yes,73,Good
1109,Male,20,3,68,68,7,Yes,Yes,57,Average
1110,Female,18,9,50,75,6,Yes,Yes,64,Average
1111,Female,16,3,81,99,4,No,No,72,Good
1112,Female,17,8,85,49,6,Yes,Yes,63,Average
1113,Female,22,7,71,99,8,No,Yes,78,Good
1114,Female,22,10,87,82,7,Yes,No,93,Excellent
1115,Male,18,9,98,74,6,No,No,78,Good
1116,Female,20,7,64,94,6,Yes,No,81,Excellent
1117,Male,19,3,81,42,2,No,Yes,52,Average
1118,Female,20,8,50,86,2,No,Yes,57,Average
1119,Female,22,5,71,79,6,Yes,No,70,Good
1120,Male,21,8,84,42,9,Yes,Yes,71,Good
1121,Female,21,2,77,46,10,Yes,No,52,Average
1122,Female,16,1,70,90,0,No,No,54,Average
1123,Male,17,4,83,66,9,Yes,Yes,64,Average
1124,Female,20,7,89,83,3,No,Yes,71,Good
1125,Male,21,5,79,56,10,Yes,No,67,Good
1126,Female,16,8,72,77,4,No,No,75,Good
1127,Female,17,7,80,46,3,No,No,59,Average
1128,Male,16,7,67,40,9,Yes,No,63,Average
1129,Male,20,6,64,80,3,No,Yes,56,Average
1130,Female,18,8,52,77,5,Yes,Yes,68,Good
1131,Female,21,7,61,52,2,No,No,50,Average
1132,Male,22,8,68,87,5,Yes,No,68,Good
1133,Female,22,4,93,86,10,No,No,68,Good
1134,Female,16,5,84,47,7,No,No,63,Average
1135,Female,16,4,80,41,9,No,Yes,49,Poor
1136,Female,21,5,91,66,1,Yes,Yes,57,Average
1137,Female,19,2,56,55,8,Yes,No,55,Average
1138,Female,21,9,76,77,2,No,Yes,77,Good
1139,Female,18,1,94,63,3,No,No,52,Average
1140,Female,16,6,84,97,10,No,Yes,83,Excellent
1141,Female,17,2,79,45,10,Yes,Yes,48,Poor
1142,Male,17,3,100,76,3,Yes,Yes,64,Average
1143,Male,18,3,100,97,9,Yes,No,75,Good
1144,Female,20,5,61,47,10,Yes,Yes,50,Average
1145,Male,22,4,87,60,0,Yes,No,50,Average
1146,Male,21,7,83,47,1,No,No,60,Average
1147,Male,19,9,64,100,9,Yes,No,90,Excellent
1148,Male,16,8,75,67,10,Yes,No,82,Excellent
1149,Female,16,6,88,49,1,Yes,No,62,Average
1150,Male,20,9,68,69,8,No,Yes,67,Good
1151,Male,19,8,64,66,5,No,No,69,Good
1152,Male,18,7,70,82,4,No,Yes,74,Good
1153,Female,16,2,55,67,1,No,Yes,36,Poor
1154,Female,21,2,76,62,10,No,Yes,57,Average
1155,Male,18,2,86,72,3,Yes,No,57,Average
1156,Female,18,9,73,47,4,Yes,No,58,Average
1157,Male,16,3,67,84,4,No,No,49,Poor
1158,Male,22,3,86,82,6,Yes,Yes,59,Average
1159,Female,21,9,63,64,6,No,No,64,Average
1160,Male,18,6,99,100,9,Yes,Yes,83,Excellent
1161,Female,22,10,53,83,1,No,No,72,Good
1162,Male,20,8,76,57,3,Yes,No,71,Good
1163,Female,18,10,81,73,10,No,Yes,80,Excellent
1164,Female,20,1,50,53,4,Yes,Yes,40,Poor
1165,Male,18,2,50,71,6,Yes,Yes,54,Average
1166,Female,20,9,92,91,5,Yes,No,78,Good
1167,Female,16,8,54,95,5,No,No,75,Good
1168,Female,16,7,51,60,2,No,No,47,Poor
1169,Female,22,2,65,67,9,No,Yes,58,Average
1170,Male,21,6,64,61,2,Yes,Yes,66,Good
1171,Male,22,6,72,86,10,Yes,Yes,70,Good
1172,Female,18,4,61,78,2,Yes,Yes,64,Average
1173,Female,22,10,98,77,7,No,No,80,Excellent
1174,Male,16,8,78,80,4,No,Yes,74,Good
1175,Male,18,8,78,42,0,No,No,50,Average
1176,Female,20,10,82,64,7,Yes,No,77,Good
1177,Male,20,8,82,49,0,No,Yes,61,Average
1178,Female,20,3,52,55,7,No,Yes,50,Average
1179,Female,18,7,76,89,5,Yes,No,69,Good
1180,Male,16,9,93,64,4,No,Yes,76,Good
1181,Female,20,3,72,59,10,No,Yes,51,Average
1182,Female,20,7,91,90,5,Yes,Yes,85,Excellent
1183,Male,16,6,69,51,3,No,No,52,Average
1184,Female,17,3,54,58,1,Yes,No,41,Poor
1185,Female,17,3,61,93,9,Yes,No,59,Average
1186,Female,18,4,78,79,4,No,Yes,60,Average
1187,Female,22,8,62,63,10,No,No,68,Good
1188,Female,20,9,76,50,3,Yes,No,59,Average
1189,Male,22,6,85,99,1,Yes,No,68,Good
1190,Female,18,8,82,49,6,Yes,Yes,74,Good
1191,Male,16,7,53,65,8,No,Yes,65,Good
1192,Male,18,4,51,60,1,No,Yes,40,Poor
1193,Male,18,8,94,93,2,No,No,70,Good
1194,Male,16,5,63,93,2,No,Yes,62,Average
1195,Female,18,2,53,55,6,No,Yes,38,Poor
1196,Female,20,9,51,80,8,Yes,Yes,74,Good
1197,Female,16,10,72,55,9,No,Yes,66,Good
1198,Male,16,9,84,72,8,Yes,No,87,Excellent
1199,Male,21,7,73,56,0,No,Yes,59,Average
1200,Female,21,2,99,77,5,Yes,Yes,69,Good
1201,Male,22,3,99,83,7,No,Yes,65,Good
1202,Female,21,8,52,58,3,Yes,Yes,52,Average
1203,Male,18,9,75,92,8,No,No,74,Good
1204,Female,18,6,99,43,10,No,No,63,Average
1205,Female,19,7,97,68,6,No,Yes,80,Excellent
1206,Male,18,9,67,91,1,No,Yes,76,Good
1207,Female,20,5,70,46,1,No,No,49,Poor
1208,Female,20,7,60,84,7,No,No,61,Average
1209,Male,20,7,67,80,0,Yes,No,68,Good
1210,Male,16,3,88,83,7,Yes,Yes,63,Average
1211,Female,22,6,73,64,9,Yes,Yes,74,Good
1212,Female,18,8,98,44,9,Yes,No,79,Good
1213,Female,21,5,65,47,0,Yes,No,57,Average
1214,Female,20,2,66,89,4,No,Yes,56,Average
1215,Male,17,2,58,94,1,No,Yes,58,Average
1216,Male,22,6,92,62,1,No,No,59,Average
1217,Female,22,6,82,54,1,Yes,Yes,59,Average
1218,Male,16,6,85,76,5,No,Yes,62,Average
1219,Male,18,7,95,86,7,No,No,73,Good
1220,Male,18,2,78,69,10,No,Yes,56,Average
1221,Male,19,9,53,93,1,Yes,No,67,Good
1222,Male,18,4,72,100,8,No,Yes,70,Good
1223,Male,21,9,67,48,10,No,Yes,75,Good
1224,Male,20,10,59,50,10,No,Yes,60,Average
1225,Female,16,10,66,81,3,No,Yes,79,Good
1226,Male,21,5,80,55,10,No,No,69,Good
1227,Female,21,1,60,68,6,No,No,45,Poor
1228,Female,20,3,70,95,5,No,No,58,Average
1229,Female,20,9,56,60,3,No,Yes,60,Average
1230,Male,17,3,56,43,4,No,No,40,Poor
1231,Female,22,6,86,86,5,Yes,Yes,82,Excellent
1232,Male,19,5,81,41,1,No,No,49,Poor
1233,Male,20,6,53,43,4,No,No,49,Poor
1234,Male,22,2,77,48,4,No,No,50,Average
1235,Female,19,1,86,75,3,No,No,48,Poor
1236,Female,20,8,98,75,4,Yes,Yes,74,Good
1237,Female,18,6,85,100,5,Yes,Yes,86,Excellent
1238,Female,20,1,52,42,2,No,No,41,Poor
1239,Female,17,10,82,48,5,No,Yes,73,Good
1240,Male,20,6,82,93,8,No,No,82,Excellent
1241,Female,18,6,93,47,6,No,Yes,70,Good
1242,Female,21,10,86,54,0,No,Yes,75,Good
1243,Female,17,4,52,76,1,Yes,Yes,58,Average
1244,Male,19,3,76,84,3,No,No,52,Average
1245,Male,20,4,85,60,10,No,No,66,Good
1246,Male,19,9,71,74,5,No,No,69,Good
1247,Female,18,9,69,54,4,No,Yes,70,Good
1248,Female,19,6,85,99,4,No,Yes,78,Good
1249,Male,22,6,99,91,2,No,Yes,75,Good
1250,Female,18,8,91,56,7,Yes,Yes,74,Good
1251,Male,17,2,89,87,9,Yes,Yes,63,Average
1252,Male,21,4,53,46,6,No,No,41,Poor
1253,Female,16,9,60,66,10,No,No,68,Good
1254,Female,18,5,91,43,1,Yes,Yes,54,Average
1255,Male,22,3,52,93,6,No,Yes,58,Average
1256,Female,16,5,86,78,1,No,No,69,Good
1257,Female,17,9,79,57,3,Yes,No,66,Good
1258,Male,21,5,95,51,0,No,No,54,Average
1259,Male,20,7,77,72,5,Yes,No,65,Good
1260,Male,17,8,70,99,3,Yes,No,81,Excellent
1261,Male,19,5,71,59,9,Yes,No,66,Good
1262,Female,16,2,79,59,2,No,No,43,Poor
1263,Female,18,10,64,54,2,No,Yes,68,Good
1264,Female,19,9,80,88,8,Yes,Yes,78,Good
1265,Male,20,6,54,98,9,Yes,Yes,81,Excellent
1266,Female,20,9,59,50,5,No,Yes,58,Average
1267,Female,16,9,78,91,0,No,Yes,81,Excellent
1268,Female,19,10,53,75,7,No,Yes,74,Good
1269,Female,22,1,97,53,9,Yes,Yes,64,Average
1270,Female,21,2,84,43,1,No,Yes,45,Poor
1271,Female,17,3,99,81,10,No,No,76,Good
1272,Male,22,7,74,45,10,Yes,No,61,Average
1273,Female,20,7,83,48,3,Yes,Yes,64,Average
1274,Female,21,9,77,74,6,Yes,Yes,83,Excellent
1275,Male,17,5,62,99,1,Yes,No,57,Average
1276,Male,17,2,56,78,0,No,Yes,44,Poor
1277,Female,19,8,64,74,3,Yes,Yes,75,Good
1278,Male,17,10,70,76,9,No,Yes,79,Good
1279,Female,21,9,64,66,4,No,Yes,62,Average
1280,Female,20,8,53,62,10,No,No,70,Good
1281,Female,17,5,74,51,8,No,Yes,57,Average
1282,Male,22,3,79,98,0,No,No,69,Good
1283,Male,19,4,66,53,5,Yes,No,57,Average
1284,Male,20,4,53,57,6,Yes,Yes,50,Average
1285,Female,19,4,71,59,0,Yes,Yes,47,Poor
1286,Female,17,10,95,53,6,Yes,No,79,Good
1287,Female,19,9,91,62,4,No,No,80,Excellent
1288,Female,19,2,96,70,5,Yes,No,65,Good
1289,Female,16,10,64,87,2,Yes,No,80,Excellent
1290,Female,17,4,71,54,6,Yes,No,58,Average
1291,Male,22,8,96,81,7,No,Yes,83,Excellent
1292,Male,17,9,81,51,8,Yes,Yes,67,Good
1293,Male,22,1,76,48,10,Yes,Yes,49,Poor
1294,Male,17,9,79,63,0,No,No,57,Average
1295,Female,20,9,76,40,0,No,No,49,Poor
1296,Female,22,3,56,98,1,Yes,Yes,56,Average
1297,Female,22,6,67,90,6,Yes,No,75,Good
1298,Female,20,4,94,54,4,Yes,Yes,55,Average
1299,Female,19,7,85,70,0,Yes,Yes,61,Average
1300,Male,22,7,91,90,5,Yes,Yes,79,Good
1301,Male,22,10,80,57,0,Yes,No,62,Average
1302,Female,22,6,51,53,9,Yes,No,52,Average
1303,Male,17,10,65,76,6,No,No,69,Good
1304,Female,20,6,53,46,6,Yes,Yes,56,Average
1305,Female,22,6,51,80,4,No,No,57,Average
1306,Male,20,7,77,51,10,No,Yes,67,Good
1307,Female,21,2,55,57,2,No,Yes,45,Poor
1308,Male,18,2,55,40,4,No,No,38,Poor
1309,Male,17,2,61,67,7,No,Yes,42,Poor
1310,Female,18,9,55,78,9,No,No,63,Average
1311,Male,19,7,99,45,8,Yes,Yes,76,Good
1312,Female,17,5,69,57,7,Yes,Yes,57,Average
1313,Female,18,7,69,70,1,No,No,59,Average
1314,Female,20,10,62,69,1,Yes,No,60,Average
1315,Male,18,10,74,91,5,No,No,84,Excellent
1316,Female,18,6,88,100,3,No,No,71,Good
1317,Female,18,5,97,84,10,No,Yes,79,Good
1318,Female,18,7,73,47,9,Yes,Yes,58,Average
1319,Male,21,4,78,91,4,Yes,No,75,Good
1320,Male,21,5,65,56,10,Yes,No,66,Good
1321,Male,19,10,80,77,6,No,Yes,81,Excellent
1322,Female,16,4,92,82,5,Yes,Yes,74,Good
1323,Male,22,7,56,40,1,No,Yes,55,Average
1324,Female,19,6,75,69,10,Yes,No,63,Average
1325,Female,16,5,76,98,1,Yes,Yes,72,Good
1326,Male,18,8,100,53,8,No,No,81,Excellent
1327,Female,19,8,70,44,4,Yes,Yes,53,Average
1328,Female,21,2,93,91,2,Yes,Yes,62,Average
1329,Female,20,7,79,54,6,Yes,Yes,71,Good
1330,Male,16,10,62,68,9,No,No,65,Good
1331,Female,17,5,98,85,1,Yes,Yes,74,Good
1332,Female,17,8,57,56,10,No,No,68,Good
1333,Male,20,2,72,62,7,Yes,No,49,Poor
1334,Female,18,2,65,59,1,Yes,No,42,Poor
1335,Male,19,10,58,76,6,No,Yes,78,Good
1336,Male,20,3,81,58,2,Yes,No,60,Average
1337,Female,22,6,50,71,2,Yes,No,64,Average
1338,Male,19,8,76,85,7,No,Yes,69,Good
1339,Female,22,4,68,42,4,Yes,No,47,Poor
1340,Male,20,8,85,72,1,Yes,No,74,Good
1341,Male,22,8,84,53,6,Yes,Yes,71,Good
1342,Male,19,5,72,95,1,No,Yes,63,Average
1343,Male,22,10,94,62,9,No,Yes,77,Good
1344,Female,22,4,53,76,5,No,Yes,56,Average
1345,Male,18,10,67,100,8,Yes,Yes,91,Excellent
1346,Male,18,3,94,95,2,Yes,Yes,71,Good
1347,Female,22,7,81,49,9,No,No,70,Good
1348,Female,16,2,75,72,4,No,No,60,Average
1349,Female,20,1,99,94,1,No,No,55,Average
1350,Male,17,7,63,71,4,No,No,64,Average
1351,Female,20,8,100,61,10,Yes,Yes,76,Good
1352,Male,16,2,60,68,7,Yes,No,51,Average
1353,Male,21,5,60,95,4,Yes,No,66,Good
1354,Male,18,3,53,65,10,No,Yes,58,Average
1355,Female,21,2,50,53,7,Yes,Yes,45,Poor
1356,Male,16,1,94,61,1,No,Yes,57,Average
1357,Female,17,7,55,86,1,Yes,No,67,Good
1358,Male,17,7,99,92,2,Yes,Yes,88,Excellent
1359,Male,20,3,78,62,3,Yes,No,62,Average
1360,Female,16,2,58,88,1,No,No,55,Average
1361,Male,22,3,65,57,10,Yes,Yes,58,Average
1362,Male,22,5,63,73,9,Yes,No,66,Good
1363,Male,22,4,81,64,1,Yes,No,52,Average
1364,Female,18,6,58,64,9,No,No,58,Average
1365,Male,22,2,51,77,1,Yes,No,45,Poor
1366,Male,16,7,82,58,10,No,No,74,Good
1367,Male,21,9,84,79,2,No,Yes,74,Good
1368,Female,20,4,59,74,5,No,Yes,56,Average
1369,Male,21,4,53,55,1,No,Yes,49,Poor
1370,Female,18,3,57,40,2,Yes,Yes,49,Poor
1371,Female,20,9,100,92,4,Yes,No,83,Excellent
1372,Male,21,2,99,97,0,No,No,64,Average
1373,Female,18,10,90,44,7,No,No,65,Good
1374,Male,22,10,60,63,2,No,Yes,59,Average
1375,Female,21,9,50,42,0,Yes,Yes,60,Average
1376,Male,19,3,61,99,0,No,Yes,58,Average
1377,Male,19,6,67,92,1,No,Yes,72,Good
1378,Female,17,4,83,42,6,Yes,No,58,Average
1379,Female,18,2,85,69,0,No,Yes,52,Average
1380,Male,21,10,65,69,5,No,Yes,69,Good
1381,Male,16,7,51,54,8,No,Yes,59,Average
1382,Male,22,7,97,86,4,Yes,Yes,87,Excellent
1383,Female,19,8,53,49,4,Yes,Yes,57,Average
1384,Male,21,6,79,87,1,Yes,Yes,73,Good
1385,Female,20,10,53,67,10,Yes,Yes,75,Good
1386,Male,22,6,75,84,5,No,No,68,Good
1387,Male,16,4,58,89,9,Yes,Yes,61,Average
1388,Female,19,8,70,66,1,No,Yes,68,Good
1389,Female,19,5,57,45,2,No,Yes,43,Poor
1390,Female,17,2,95,55,5,No,Yes,56,Average
1391,Female,22,3,51,100,6,No,Yes,54,Average
1392,Female,16,3,57,40,0,Yes,Yes,38,Poor
1393,Male,18,2,87,77,4,Yes,Yes,55,Average
1394,Male,21,8,58,45,5,Yes,Yes,65,Good
1395,Female,17,10,77,92,6,No,Yes,86,Excellent
1396,Male,17,6,63,98,2,No,No,71,Good
1397,Female,16,10,89,79,3,No,No,83,Excellent
1398,Male,16,2,67,64,2,No,Yes,54,Average
1399,Female,21,9,100,41,6,No,No,78,Good
1400,Male,20,9,70,64,4,Yes,Yes,72,Good
1401,Male,16,5,53,91,7,No,Yes,60,Average
1402,Male,17,4,67,74,0,Yes,No,58,Average
1403,Male,17,4,87,60,5,Yes,No,58,Average
1404,Male,22,8,84,59,2,No,Yes,59,Average
1405,Male,17,10,64,41,8,No,Yes,66,Good
1406,Male,22,3,71,85,2,No,Yes,48,Poor
1407,Female,20,3,99,47,8,No,Yes,62,Average
1408,Female,20,2,71,59,5,Yes,Yes,57,Average
1409,Female,21,6,61,85,8,No,Yes,64,Average
1410,Female,18,5,58,51,0,No,Yes,42,Poor
1411,Female,22,10,64,80,9,Yes,No,76,Good
1412,Female,21,2,65,62,5,Yes,Yes,53,Average
1413,Male,16,5,63,55,1,No,No,44,Poor
1414,Female,16,7,78,86,6,Yes,No,83,Excellent
1415,Male,18,9,74,46,7,Yes,Yes,74,Good
1416,Female,22,1,68,41,5,No,Yes,34,Poor
1417,Male,17,7,60,86,1,Yes,No,72,Good
1418,Female,19,3,88,96,6,Yes,Yes,67,Good
1419,Male,17,4,76,84,8,No,No,67,Good
1420,Female,16,1,75,76,8,No,Yes,49,Poor
1421,Male,16,7,55,58,10,No,Yes,56,Average
1422,Female,17,3,90,58,1,No,Yes,54,Average
1423,Female,19,8,92,56,1,No,Yes,68,Good
1424,Male,18,3,78,42,4,No,No,48,Poor
1425,Female,22,5,86,43,2,Yes,Yes,59,Average
1426,Male,22,10,64,75,0,No,No,74,Good
1427,Male,19,5,55,65,0,Yes,Yes,58,Average
1428,Male,17,4,62,48,0,No,Yes,48,Poor
1429,Female,22,3,88,56,5,Yes,Yes,63,Average
1430,Female,20,6,67,73,7,Yes,No,62,Average
1431,Female,17,3,86,77,9,Yes,Yes,63,Average
1432,Female,22,9,72,96,6,No,No,86,Excellent
1433,Female,16,3,67,65,2,No,Yes,53,Average
1434,Female,21,4,53,87,7,No,No,51,Average
1435,Female,22,5,69,57,7,Yes,Yes,56,Average
1436,Male,21,8,99,92,5,No,No,76,Good
1437,Male,19,4,76,87,7,No,Yes,74,Good
1438,Male,16,5,95,72,6,Yes,Yes,69,Good
1439,Male,22,4,53,55,0,No,Yes,45,Poor
1440,Female,18,6,79,72,6,Yes,Yes,68,Good
1441,Female,19,10,78,51,7,No,No,68,Good
1442,Male,21,2,68,41,6,Yes,Yes,45,Poor
1443,Female,21,4,93,53,4,No,Yes,50,Average
1444,Female,17,3,88,91,0,Yes,No,65,Good
1445,Female,19,7,72,69,4,Yes,No,68,Good
1446,Male,20,2,50,72,10,No,No,53,Average
1447,Female,19,2,71,57,10,No,No,53,Average
1448,Male,17,3,83,88,3,Yes,No,67,Good
1449,Female,21,1,91,71,4,No,No,59,Average
1450,Female,21,1,87,85,9,Yes,No,65,Good
1451,Female,21,6,82,59,2,Yes,No,57,Average
1452,Male,17,5,96,91,8,Yes,No,74,Good
1453,Female,18,4,97,95,4,No,No,75,Good
1454,Female,20,5,79,94,1,No,Yes,59,Average
1455,Male,17,9,57,95,10,No,No,83,Excellent
1456,Female,22,3,58,52,5,No,No,42,Poor
1457,Male,22,3,99,45,7,No,Yes,60,Average
1458,Male,16,8,67,53,2,Yes,No,55,Average
1459,Male,20,7,90,67,6,No,No,75,Good
1460,Male,16,9,62,86,5,Yes,No,83,Excellent
1461,Male,16,1,90,86,3,Yes,No,62,Average
1462,Female,16,7,82,77,4,Yes,Yes,65,Good
1463,Female,18,8,96,73,9,No,No,76,Good
1464,Male,19,6,98,52,2,No,Yes,61,Average
1465,Male,21,3,63,86,0,Yes,Yes,58,Average
1466,Male,19,5,99,74,9,Yes,Yes,71,Good
1467,Male,16,2,76,68,6,Yes,No,64,Average
1468,Female,17,1,69,66,10,Yes,No,52,Average
1469,Male,22,2,82,86,9,Yes,No,62,Average
1470,Female,19,4,88,52,4,Yes,No,64,Average
1471,Male,17,1,85,71,3,No,No,51,Average
1472,Male,16,2,57,93,9,No,Yes,53,Average
1473,Female,21,2,66,81,3,No,No,52,Average
1474,Female,16,2,61,95,0,No,No,54,Average
1475,Female,21,2,56,94,0,Yes,Yes,50,Average
1476,Male,18,8,89,57,1,No,No,62,Average
1477,Male,19,7,79,57,6,No,No,61,Average
1478,Female,17,1,60,46,6,No,No,37,Poor
1479,Male,22,6,89,41,10,Yes,No,74,Good
1480,Male,19,8,52,44,4,No,Yes,61,Average
1481,Female,21,6,83,73,9,Yes,No,73,Good
1482,Female,18,7,59,93,8,Yes,Yes,71,Good
1483,Female,22,8,60,44,7,No,Yes,60,Average
1484,Male,16,9,64,75,10,No,No,73,Good
1485,Male,19,8,86,68,1,No,No,69,Good
1486,Female,19,1,56,65,6,Yes,Yes,42,Poor
1487,Male,20,9,63,81,10,No,No,79,Good
1488,Male,22,4,79,61,8,No,No,66,Good
1489,Male,16,4,50,61,5,No,No,43,Poor
1490,Male,17,8,58,92,6,Yes,No,72,Good
1491,Male,16,7,63,69,3,No,Yes,65,Good
1492,Male,21,10,57,89,7,No,Yes,83,Excellent
1493,Male,20,1,85,99,6,No,Yes,61,Average
1494,Male,16,7,92,78,9,No,No,82,Excellent
1495,Female,18,7,71,58,7,Yes,Yes,71,Good
1496,Female,22,9,70,85,8,Yes,Yes,78,Good
1497,Female,21,6,93,48,10,Yes,No,65,Good
1498,Male,20,8,87,76,10,No,No,84,Excellent
1499,Female,20,2,51,64,2,Yes,Yes,42,Poor
1500,Male,22,3,68,83,4,Yes,Yes,61,Average
1501,Male,22,9,52,62,7,Yes,Yes,71,Good
1502,Female,20,5,94,82,0,No,No,70,Good
1503,Female,20,1,50,87,4,Yes,No,50,Average
1504,Female,22,10,84,87,9,Yes,Yes,89,Excellent
1505,Female,17,2,61,51,8,Yes,No,43,Poor
1506,Female,18,9,66,48,2,No,Yes,61,Average
1507,Female,21,3,52,49,5,Yes,No,53,Average
1508,Female,16,6,83,54,2,Yes,Yes,66,Good
1509,Female,16,6,64,96,3,No,No,69,Good
1510,Female,17,10,83,70,8,Yes,Yes,85,Excellent
1511,Female,17,10,89,55,0,No,No,63,Average
1512,Male,18,9,96,58,0,No,No,76,Good
1513,Male,18,4,70,72,1,Yes,Yes,49,Poor
1514,Male,17,4,93,67,1,Yes,No,56,Average
1515,Male,16,8,95,61,0,Yes,Yes,63,Average
1516,Female,22,5,85,44,9,Yes,No,68,Good
1517,Male,19,7,77,60,0,No,Yes,51,Average
1518,Female,22,10,52,84,1,No,Yes,68,Good
1519,Female,20,2,68,88,7,No,No,51,Average
1520,Female,17,9,64,48,6,No,Yes,63,Average
1521,Male,16,9,85,49,1,Yes,Yes,71,Good
1522,Male,18,4,97,87,5,Yes,No,81,Excellent
1523,Male,17,3,64,79,4,Yes,Yes,54,Average
1524,Female,22,9,79,81,8,Yes,No,76,Good
1525,Male,16,4,96,77,7,No,No,65,Good
1526,Female,16,5,89,44,3,No,No,61,Average
1527,Male,20,5,94,77,2,No,No,71,Good
1528,Male,16,6,65,90,3,No,No,68,Good
1529,Male,21,6,80,69,7,No,No,74,Good
1530,Male,17,10,55,93,4,Yes,Yes,76,Good
1531,Male,21,2,51,94,8,Yes,No,58,Average
1532,Female,20,5,84,97,8,No,Yes,78,Good
1533,Male,17,10,96,94,4,Yes,No,97,Excellent
1534,Male,19,6,82,40,10,Yes,Yes,73,Good
1535,Male,19,3,61,76,9,Yes,No,64,Average
1536,Male,17,8,64,44,4,No,Yes,49,Poor
1537,Male,20,6,74,70,7,Yes,Yes,70,Good
1538,Female,21,9,90,93,4,No,Yes,85,Excellent
1539,Female,18,10,91,97,1,No,No,81,Excellent
1540,Male,18,6,81,90,7,Yes,Yes,82,Excellent
1541,Male,17,2,82,81,4,Yes,Yes,58,Average
1542,Male,18,10,95,92,1,Yes,No,87,Excellent
1543,Male,19,8,80,53,9,Yes,No,64,Average
1544,Male,16,3,86,77,2,Yes,Yes,57,Average
1545,Male,17,5,61,73,6,Yes,No,56,Average
1546,Male,19,10,80,95,7,Yes,Yes,92,Excellent
1547,Female,22,10,99,51,9,No,Yes,81,Excellent
1548,Male,20,10,54,54,6,No,Yes,58,Average
1549,Female,17,9,82,83,6,Yes,Yes,78,Good
1550,Male,20,10,52,96,8,Yes,Yes,87,Excellent
1551,Male,20,9,50,97,10,No,No,80,Excellent
1552,Female,21,9,77,54,7,No,No,64,Average
1553,Female,17,5,80,89,3,Yes,No,74,Good
1554,Male,17,1,95,87,0,Yes,Yes,64,Average
1555,Female,21,6,76,63,1,Yes,No,61,Average
1556,Female,22,9,77,76,5,No,No,71,Good
1557,Female,20,9,80,51,5,No,No,68,Good
1558,Male,22,7,97,48,10,Yes,Yes,80,Excellent
1559,Male,16,4,82,65,5,Yes,Yes,66,Good
1560,Female,22,2,59,70,9,No,Yes,47,Poor
1561,Female,17,6,55,78,0,No,No,63,Average
1562,Male,21,10,53,100,2,No,No,65,Good
1563,Female,22,9,68,52,0,Yes,Yes,54,Average
1564,Female,17,1,60,45,4,No,No,42,Poor
1565,Female,20,4,83,40,1,Yes,No,54,Average
1566,Female,22,5,64,78,3,No,No,50,Average
1567,Male,17,7,82,46,8,Yes,No,69,Good
1568,Female,22,9,66,96,8,No,No,83,Excellent
1569,Male,22,4,98,61,7,No,Yes,72,Good
1570,Female,18,2,74,80,3,Yes,No,62,Average
1571,Female,20,9,50,84,4,Yes,No,64,Average
1572,Male,21,6,54,75,2,No,No,59,Average
1573,Male,20,5,61,100,10,Yes,No,72,Good
1574,Male,21,4,66,53,3,Yes,Yes,55,Average
1575,Female,22,2,57,98,1,No,Yes,46,Poor
1576,Female,18,10,70,71,9,No,No,73,Good
1577,Male,19,4,98,76,2,Yes,No,74,Good
1578,Female,20,6,75,95,10,Yes,No,74,Good
1579,Female,18,1,50,83,3,No,Yes,47,Poor
1580,Female,20,5,61,75,4,Yes,No,67,Good
1581,Female,18,3,81,67,3,No,No,58,Average
1582,Male,18,8,61,76,2,Yes,Yes,66,Good
1583,Male,20,7,74,52,2,Yes,No,52,Average
1584,Female,19,8,58,97,10,No,No,78,Good
1585,Female,20,10,53,65,1,Yes,Yes,62,Average
1586,Female,19,2,78,87,5,No,No,62,Average
1587,Female,18,1,76,47,5,Yes,Yes,48,Poor
1588,Female,18,9,81,89,7,Yes,No,84,Excellent
1589,Male,21,3,60,80,5,No,No,48,Poor
1590,Female,17,6,64,60,5,No,No,61,Average
1591,Male,19,6,97,77,8,No,No,72,Good
1592,Male,22,1,58,86,3,No,Yes,47,Poor
1593,Male,19,2,56,44,7,Yes,Yes,49,Poor
1594,Male,16,5,89,49,1,No,No,54,Average
1595,Male,21,5,78,80,2,Yes,Yes,57,Average
1596,Male,21,6,70,95,7,No,No,78,Good
1597,Female,21,9,61,77,9,No,No,81,Excellent
1598,Female,18,8,84,54,1,No,No,65,Good
1599,Female,18,3,69,40,0,Yes,No,44,Poor
1600,Female,20,1,94,99,7,No,No,59,Average
1601,Female,22,5,88,54,0,No,Yes,60,Average
1602,Female,19,4,60,85,10,No,No,62,Average
1603,Female,16,7,90,55,8,No,No,69,Good
1604,Female,17,2,61,48,4,Yes,No,51,Average
1605,Male,21,10,81,52,5,Yes,Yes,66,Good
1606,Male,17,2,68,57,2,No,Yes,44,Poor
1607,Female,17,1,81,53,5,No,No,55,Average
1608,Male,19,1,71,45,2,Yes,No,46,Poor
1609,Male,20,8,61,52,4,No,Yes,53,Average
1610,Male,19,8,65,87,0,Yes,No,64,Average
1611,Male,19,7,93,59,5,Yes,Yes,79,Good
1612,Male,18,8,90,59,3,No,Yes,66,Good
1613,Male,17,7,70,40,2,No,Yes,56,Average
1614,Male,16,1,87,90,7,Yes,No,60,Average
1615,Female,17,8,55,83,9,No,Yes,63,Average
1616,Female,21,3,94,74,1,Yes,No,61,Average
1617,Male,20,6,78,86,3,Yes,No,73,Good
1618,Male,18,1,81,85,7,No,No,57,Average
1619,Male,20,6,70,86,7,No,Yes,63,Average
1620,Female,19,5,66,74,5,No,Yes,68,Good
1621,Female,21,3,51,79,5,Yes,No,48,Poor
1622,Female,17,9,93,71,8,Yes,No,85,Excellent
1623,Male,21,6,57,46,8,Yes,Yes,53,Average
1624,Female,22,1,62,46,7,Yes,Yes,38,Poor
1625,Male,21,8,83,79,9,No,Yes,81,Excellent
1626,Male,20,2,50,99,3,No,Yes,59,Average
1627,Male,18,9,97,100,6,No,Yes,88,Excellent
1628,Female,21,2,69,44,3,Yes,Yes,44,Poor
1629,Female,17,4,83,82,3,Yes,No,60,Average
1630,Female,21,8,94,82,6,Yes,Yes,79,Good
1631,Female,20,6,92,50,8,No,No,68,Good
1632,Male,22,6,76,88,10,No,No,73,Good
1633,Male,19,9,97,56,5,No,No,77,Good
1634,Female,21,1,68,78,0,Yes,No,41,Poor
1635,Female,17,4,70,41,4,Yes,Yes,43,Poor
1636,Female,18,3,58,56,5,Yes,Yes,50,Average
1637,Male,16,10,75,76,3,Yes,No,83,Excellent
1638,Male,19,10,56,78,10,No,Yes,79,Good
1639,Male,22,1,99,61,5,No,No,50,Average
1640,Male,21,10,50,80,10,No,Yes,75,Good
1641,Female,18,9,86,49,5,Yes,Yes,64,Average
1642,Female,19,10,86,72,1,Yes,No,77,Good
1643,Male,17,3,71,45,7,Yes,No,52,Average
1644,Female,19,9,77,89,2,Yes,No,75,Good
1645,Female,19,10,62,75,9,Yes,Yes,72,Good
1646,Female,22,7,70,83,9,Yes,Yes,80,Excellent
1647,Female,18,6,62,60,5,Yes,No,57,Average
1648,Female,20,8,89,49,7,Yes,Yes,69,Good
1649,Male,17,2,57,87,0,Yes,Yes,52,Average
1650,Male,18,2,69,68,7,Yes,No,54,Average
1651,Female,17,9,83,88,4,No,Yes,70,Good
1652,Female,20,9,52,56,2,Yes,No,58,Average
1653,Female,16,8,91,100,0,Yes,No,80,Excellent
1654,Male,22,2,51,58,10,No,Yes,52,Average
1655,Female,18,8,88,74,1,Yes,Yes,81,Excellent
1656,Female,20,1,52,55,8,No,No,50,Average
1657,Male,21,3,51,62,10,No,No,52,Average
1658,Male,20,5,53,80,4,No,Yes,56,Average
1659,Male,17,6,75,82,2,Yes,No,75,Good
1660,Male,19,4,86,49,6,No,No,62,Average
1661,Male,17,3,87,74,10,Yes,Yes,70,Good
1662,Male,19,3,91,99,9,Yes,No,70,Good
1663,Female,17,6,59,86,0,No,No,64,Average
1664,Male,19,5,59,89,3,Yes,Yes,60,Average
1665,Male,22,10,89,57,9,Yes,Yes,80,Excellent
1666,Male,18,2,94,89,7,Yes,No,73,Good
1667,Male,22,7,81,70,2,Yes,Yes,67,Good
1668,Male,19,1,67,100,6,Yes,Yes,60,Average
1669,Female,17,8,89,71,5,No,Yes,78,Good
1670,Male,22,1,88,87,6,No,No,69,Good
1671,Female,20,2,78,69,0,Yes,No,45,Poor
1672,Female,20,1,62,58,7,No,No,46,Poor
1673,Male,17,7,68,79,0,Yes,No,71,Good
1674,Female,21,9,57,51,9,Yes,No,72,Good
1675,Female,19,1,61,69,9,Yes,No,48,Poor
1676,Female,18,3,95,86,1,Yes,Yes,72,Good
1677,Male,16,9,95,64,8,Yes,No,85,Excellent
1678,Male,22,3,71,76,10,Yes,Yes,61,Average
1679,Male,22,1,76,59,4,No,No,44,Poor
1680,Female,17,4,50,79,4,Yes,No,63,Average
1681,Female,20,1,88,96,7,Yes,Yes,75,Good
1682,Male,19,8,55,78,9,Yes,Yes,72,Good
1683,Male,16,3,59,43,10,No,Yes,44,Poor
1684,Female,21,10,88,59,5,Yes,Yes,72,Good
1685,Male,17,3,93,58,9,Yes,No,68,Good
1686,Female,16,5,70,63,6,Yes,No,55,Average
1687,Male,19,3,57,84,4,No,No,62,Average
1688,Female,21,4,89,43,1,Yes,No,55,Average
1689,Female,20,6,66,73,9,No,Yes,73,Good
1690,Male,19,3,89,54,4,Yes,Yes,52,Average
1691,Female,19,2,97,94,3,No,No,58,Average
1692,Male,18,9,90,53,0,Yes,No,68,Good
1693,Female,18,5,82,75,5,Yes,Yes,70,Good
1694,Female,19,10,89,41,2,Yes,No,71,Good
1695,Female,19,1,91,48,7,Yes,No,56,Average
1696,Male,22,7,97,43,8,No,No,60,Average
1697,Female,20,6,100,62,1,Yes,No,60,Average
1698,Female,19,9,60,76,9,No,Yes,67,Good
1699,Male,21,6,95,42,4,No,Yes,67,Good
1700,Female,18,8,69,53,8,No,Yes,60,Average
1701,Male,22,1,99,52,1,No,Yes,56,Average
1702,Male,17,6,80,86,8,No,No,69,Good
1703,Male,22,9,93,48,3,Yes,No,75,Good
1704,Male,16,5,52,83,9,Yes,No,71,Good
1705,Female,16,9,99,82,4,Yes,No,82,Excellent
1706,Female,17,4,68,57,8,No,No,50,Average
1707,Female,17,3,67,47,0,Yes,Yes,48,Poor
1708,Female,18,3,95,91,4,Yes,Yes,64,Average
1709,Male,20,6,84,68,0,Yes,Yes,71,Good
1710,Female,16,7,53,45,6,No,Yes,59,Average
1711,Male,18,6,62,85,10,Yes,No,68,Good
1712,Male,22,8,56,69,4,No,No,60,Average
1713,Female,17,10,66,98,5,No,Yes,81,Excellent
1714,Female,19,8,51,44,7,Yes,No,66,Good
1715,Male,22,3,68,89,5,Yes,Yes,67,Good
1716,Male,18,9,91,44,4,No,No,72,Good
1717,Male,20,4,85,50,7,No,Yes,60,Average
1718,Male,22,10,77,90,6,No,Yes,78,Good
1719,Female,21,10,81,47,9,No,No,67,Good
1720,Female,17,5,75,44,9,Yes,No,62,Average
1721,Female,21,1,55,53,2,Yes,Yes,36,Poor
1722,Female,20,5,74,79,9,No,Yes,65,Good
1723,Male,18,10,100,98,10,No,No,97,Excellent
1724,Female,20,1,89,72,6,Yes,No,53,Average
1725,Male,20,1,50,85,8,No,Yes,52,Average
1726,Female,17,7,94,77,6,No,No,79,Good
1727,Female,19,9,63,82,2,No,Yes,66,Good
1728,Male,22,6,76,49,4,Yes,Yes,52,Average
1729,Male,21,1,59,86,7,No,Yes,47,Poor
1730,Female,21,7,79,97,9,No,Yes,85,Excellent
1731,Female,20,8,74,62,3,Yes,No,59,Average
1732,Male,22,4,95,72,4,No,No,57,Average
1733,Female,20,8,95,63,1,No,Yes,64,Average
1734,Male,19,9,55,73,9,Yes,Yes,80,Excellent
1735,Female,21,9,87,59,9,Yes,No,70,Good
1736,Female,19,9,80,76,5,No,No,75,Good
1737,Female,17,1,94,99,9,No,No,62,Average
1738,Female,20,3,86,43,10,No,Yes,57,Average
1739,Female,16,3,82,44,4,No,Yes,49,Poor
1740,Female,22,5,50,87,1,Yes,Yes,64,Average
1741,Male,22,3,66,90,3,No,Yes,65,Good
1742,Male,18,2,59,78,2,No,No,52,Average
1743,Female,21,8,96,80,2,Yes,No,71,Good
1744,Female,22,2,53,50,7,No,No,44,Poor
1745,Male,21,9,64,64,10,No,No,71,Good
1746,Male,20,7,50,58,7,No,No,65,Good
1747,Female,16,9,90,62,6,No,No,74,Good
1748,Male,22,2,66,81,9,No,No,57,Average
1749,Male,20,6,93,84,2,No,Yes,62,Average
1750,Female,16,7,56,73,1,No,No,56,Average
1751,Male,18,4,52,41,9,Yes,Yes,48,Poor
1752,Male,21,2,55,94,9,Yes,No,59,Average
1753,Female,21,3,66,58,7,Yes,No,55,Average
1754,Female,21,6,66,50,1,No,Yes,55,Average
1755,Female,18,1,66,92,4,Yes,No,51,Average
1756,Female,17,10,75,51,10,No,Yes,69,Good
1757,Male,17,10,91,46,7,No,Yes,66,Good
1758,Male,16,10,96,56,7,Yes,No,77,Good
1759,Female,16,7,67,49,5,No,Yes,65,Good
1760,Female,19,7,75,94,1,Yes,Yes,76,Good
1761,Male,16,10,84,99,5,No,No,89,Excellent
1762,Male,21,2,73,74,5,Yes,No,58,Average
1763,Male,17,9,52,64,10,Yes,No,74,Good
1764,Male,21,6,81,45,10,No,Yes,59,Average
1765,Female,17,1,96,77,3,No,No,51,Average
1766,Male,19,9,78,41,0,No,Yes,60,Average
1767,Male,19,2,63,91,10,No,Yes,60,Average
1768,Male,16,3,81,81,0,No,Yes,55,Average
1769,Male,16,3,90,43,4,Yes,No,51,Average
1770,Female,22,2,57,71,9,Yes,Yes,53,Average
1771,Male,18,7,70,47,10,Yes,No,64,Average
1772,Male,20,3,71,44,1,No,Yes,48,Poor
1773,Male,21,6,85,50,7,Yes,Yes,62,Average
1774,Male,22,10,74,89,2,Yes,No,73,Good
1775,Male,16,3,55,85,10,No,No,66,Good
1776,Male,17,3,90,57,8,No,No,59,Average
1777,Female,20,1,88,51,7,Yes,No,57,Average
1778,Male,16,9,65,52,1,Yes,No,70,Good
1779,Female,19,4,67,43,3,Yes,Yes,56,Average
1780,Male,17,3,92,99,0,Yes,No,69,Good
1781,Male,19,5,71,79,7,Yes,Yes,60,Average
1782,Female,17,1,81,72,1,Yes,Yes,58,Average
1783,Male,19,4,97,83,5,Yes,Yes,74,Good
1784,Female,16,4,97,66,3,No,Yes,56,Average
1785,Male,20,8,53,96,6,Yes,Yes,80,Excellent
1786,Female,19,6,58,69,3,No,No,54,Average
1787,Female,17,1,94,76,0,No,Yes,48,Poor
1788,Male,19,7,60,88,5,Yes,No,67,Good
1789,Female,20,9,64,45,6,No,Yes,68,Good
1790,Male,18,1,96,67,3,Yes,No,62,Average
1791,Female,20,3,86,97,0,No,Yes,55,Average
1792,Female,21,9,52,67,8,No,No,61,Average
1793,Female,19,4,55,75,0,No,Yes,45,Poor
1794,Female,18,4,91,45,0,No,No,48,Poor
1795,Female,22,10,97,77,0,No,No,73,Good
1796,Female,17,6,90,69,10,Yes,Yes,80,Excellent
1797,Male,20,1,68,67,4,Yes,Yes,52,Average
1798,Female,20,6,53,47,6,No,No,44,Poor
1799,Male,18,3,91,75,1,Yes,Yes,63,Average
1800,Female,20,2,91,70,9,Yes,Yes,67,Good
1801,Female,18,9,93,67,4,Yes,Yes,80,Excellent
1802,Female,19,8,82,73,1,No,No,74,Good
1803,Male,22,2,62,97,7,Yes,Yes,67,Good
1804,Male,18,2,56,50,4,Yes,Yes,51,Average
1805,Male,22,4,83,100,10,Yes,No,83,Excellent
1806,Male,19,6,76,68,10,Yes,No,69,Good
1807,Female,16,4,83,81,5,No,No,66,Good
1808,Male,20,9,85,68,7,No,Yes,76,Good
1809,Female,22,5,64,70,5,No,Yes,54,Average
1810,Male,18,8,60,79,2,No,Yes,61,Average
1811,Female,17,4,57,42,5,Yes,No,48,Poor
1812,Female,17,4,85,85,0,No,No,57,Average
1813,Female,19,9,60,74,4,Yes,Yes,74,Good
1814,Female,22,3,79,99,5,Yes,Yes,77,Good
1815,Male,21,5,80,97,4,Yes,No,75,Good
1816,Female,21,8,52,48,10,Yes,No,55,Average
1817,Male,20,4,78,62,1,No,Yes,51,Average
1818,Female,22,5,62,41,1,No,Yes,52,Average
1819,Male,17,8,70,78,9,Yes,No,80,Excellent
1820,Female,21,7,73,64,5,Yes,No,70,Good
1821,Female,18,8,85,45,3,No,No,68,Good
1822,Male,17,7,96,97,6,Yes,Yes,80,Excellent
1823,Female,18,8,83,61,1,No,Yes,56,Average
1824,Male,21,5,76,51,8,No,Yes,57,Average
1825,Female,22,7,68,75,7,Yes,No,71,Good
1826,Female,20,8,64,41,0,Yes,No,56,Average
1827,Female,16,5,76,51,7,Yes,Yes,56,Average
1828,Female,19,2,88,87,5,No,No,62,Average
1829,Male,21,2,73,72,9,Yes,No,58,Average
1830,Female,17,6,79,96,2,No,Yes,62,Average
1831,Male,18,7,90,98,5,Yes,No,83,Excellent
1832,Female,20,4,99,80,2,Yes,Yes,71,Good
1833,Male,22,5,67,83,5,Yes,No,62,Average
1834,Male,17,9,68,63,7,No,No,66,Good
1835,Male,17,3,82,54,3,Yes,No,60,Average
1836,Female,16,3,51,70,5,No,No,45,Poor
1837,Male,20,9,98,61,2,No,Yes,67,Good
1838,Male,17,3,94,54,4,Yes,Yes,55,Average
1839,Male,19,2,54,41,7,No,Yes,38,Poor
1840,Male,16,9,87,43,7,Yes,No,64,Average
1841,Female,18,1,98,46,1,Yes,Yes,47,Poor
1842,Male,16,2,59,94,4,No,No,52,Average
1843,Female,20,10,54,46,9,Yes,Yes,65,Good
1844,Male,17,9,50,86,1,Yes,No,70,Good
1845,Male,19,2,61,93,5,No,No,54,Average
1846,Male,19,2,98,60,1,No,Yes,61,Average
1847,Female,19,6,95,58,8,Yes,Yes,74,Good
1848,Female,16,7,68,69,9,No,No,67,Good
1849,Male,18,7,62,94,1,No,No,62,Average
1850,Male,21,8,93,46,6,No,Yes,63,Average
1851,Male,19,7,94,77,1,Yes,Yes,76,Good
1852,Female,18,4,88,94,6,Yes,Yes,79,Good
1853,Female,18,10,87,57,10,No,No,85,Excellent
1854,Female,19,9,67,49,7,Yes,Yes,67,Good
1855,Male,19,4,90,100,2,Yes,Yes,65,Good
1856,Male,19,1,61,64,9,No,Yes,50,Average
1857,Female,22,2,92,88,8,No,No,65,Good
1858,Female,21,8,81,72,4,No,Yes,63,Average
1859,Male,16,7,78,60,6,No,No,58,Average
1860,Male,17,9,92,95,4,Yes,No,91,Excellent
1861,Male,18,7,81,88,1,No,No,76,Good
1862,Female,20,1,75,56,7,No,No,50,Average
1863,Female,16,1,87,42,2,No,No,35,Poor
1864,Male,19,2,77,62,5,No,No,45,Poor
1865,Male,17,4,91,59,9,Yes,Yes,68,Good
1866,Female,18,3,51,74,5,Yes,No,58,Average
1867,Female,18,1,94,70,9,Yes,No,68,Good
1868,Female,18,10,56,91,7,Yes,Yes,81,Excellent
1869,Female,20,6,60,79,4,No,No,59,Average
1870,Female,21,2,84,53,4,No,Yes,51,Average
1871,Male,22,4,89,87,1,Yes,No,67,Good
1872,Female,20,9,80,67,3,No,Yes,71,Good
1873,Female,19,9,70,52,6,No,No,73,Good
1874,Female,21,9,61,96,0,Yes,No,71,Good
1875,Female,18,9,89,94,6,Yes,Yes,89,Excellent
1876,Female,17,4,59,87,10,No,No,69,Good
1877,Female,22,2,90,53,6,No,No,51,Average
1878,Male,21,10,65,65,3,Yes,Yes,68,Good
1879,Male,17,5,79,71,8,No,No,58,Average
1880,Female,17,5,58,41,4,No,Yes,39,Poor
1881,Female,22,1,53,95,1,No,No,42,Poor
1882,Male,18,2,75,100,2,Yes,Yes,70,Good
1883,Male,20,10,99,99,8,No,No,86,Excellent
1884,Female,20,2,99,91,5,No,No,66,Good
1885,Female,17,3,56,51,3,No,No,48,Poor
1886,Female,22,10,53,71,8,No,Yes,72,Good
1887,Female,19,4,67,96,2,No,No,64,Average
1888,Female,16,10,52,93,10,Yes,Yes,82,Excellent
1889,Male,18,6,93,47,8,Yes,No,72,Good
1890,Female,19,5,69,45,3,No,Yes,47,Poor
1891,Female,21,6,99,81,6,Yes,No,72,Good
1892,Male,19,7,71,85,6,Yes,Yes,73,Good
1893,Male,18,7,88,86,8,No,No,70,Good
1894,Male,21,3,90,68,10,Yes,Yes,72,Good
1895,Male,21,5,70,76,1,Yes,Yes,59,Average
1896,Female,22,10,93,66,5,No,No,74,Good
1897,Female,17,10,70,91,4,Yes,Yes,85,Excellent
1898,Male,17,7,74,100,9,Yes,Yes,74,Good
1899,Female,16,8,62,56,2,Yes,No,65,Good
1900,Female,17,2,73,50,9,Yes,Yes,62,Average
1901,Female,22,8,93,71,1,Yes,Yes,71,Good
1902,Male,18,8,74,48,6,Yes,Yes,67,Good
1903,Male,19,3,76,90,2,Yes,No,62,Average
1904,Female,20,8,65,63,9,No,Yes,59,Average
1905,Female,17,6,94,65,10,Yes,No,81,Excellent
1906,Female,16,2,85,43,0,No,Yes,50,Average
1907,Female,20,10,95,87,0,Yes,No,91,Excellent
1908,Male,18,7,92,63,2,Yes,Yes,69,Good
1909,Female,20,8,71,96,7,Yes,Yes,82,Excellent
1910,Female,17,5,57,60,0,Yes,No,51,Average
1911,Female,19,5,66,79,4,No,No,57,Average
1912,Male,21,8,98,100,2,No,Yes,79,Good
1913,Female,16,4,61,42,7,No,Yes,54,Average
1914,Male,16,8,52,68,5,No,No,68,Good
1915,Male,22,3,57,62,1,Yes,No,44,Poor
1916,Male,21,9,67,76,10,Yes,Yes,86,Excellent
1917,Female,19,2,65,89,7,Yes,No,53,Average
1918,Male,21,2,75,63,9,Yes,No,54,Average
1919,Female,16,8,95,82,7,No,No,72,Good
1920,Female,16,10,78,60,9,Yes,Yes,71,Good
1921,Female,18,1,97,44,8,No,Yes,57,Average
1922,Male,17,4,99,95,6,Yes,Yes,75,Good
1923,Female,19,7,68,81,10,Yes,Yes,76,Good
1924,Female,22,7,97,91,4,Yes,No,76,Good
1925,Male,20,4,81,68,6,No,No,66,Good
1926,Male,22,7,73,79,2,No,No,59,Average
1927,Male,20,6,79,83,3,Yes,No,78,Good
1928,Female,18,8,77,45,7,No,Yes,60,Average
1929,Male,22,4,83,67,4,Yes,Yes,55,Average
1930,Male,20,7,76,46,7,No,No,61,Average
1931,Female,22,9,51,47,10,No,Yes,59,Average
1932,Female,16,2,76,96,4,No,No,67,Good
1933,Male,18,3,63,51,1,No,Yes,48,Poor
1934,Female,16,7,57,40,2,No,No,53,Average
1935,Male,18,10,89,63,10,No,No,75,Good
1936,Female,17,1,62,47,0,Yes,Yes,36,Poor
1937,Female,21,3,91,55,6,Yes,Yes,61,Average
1938,Female,17,8,77,41,1,Yes,Yes,65,Good
1939,Male,19,1,78,77,3,Yes,No,59,Average
1940,Male,18,1,56,80,6,No,No,50,Average
1941,Male,19,7,81,72,9,No,Yes,65,Good
1942,Male,19,10,70,75,1,No,No,76,Good
1943,Female,19,10,91,62,7,No,Yes,75,Good
1944,Female,21,4,80,62,7,Yes,Yes,65,Good
1945,Male,17,5,96,85,6,No,No,80,Excellent
1946,Male,20,4,68,84,1,No,Yes,54,Average
1947,Male,17,10,81,46,6,No,No,68,Good
1948,Male,20,1,51,62,4,No,Yes,37,Poor
1949,Female,22,2,71,67,1,Yes,Yes,49,Poor
1950,Male,18,6,100,62,0,No,Yes,72,Good
1951,Male,21,1,78,91,7,Yes,Yes,58,Average
1952,Female,20,2,60,80,1,Yes,No,48,Poor
1953,Female,21,8,98,72,7,Yes,Yes,84,Excellent
1954,Male,22,3,57,94,3,No,No,48,Poor
1955,Female,22,8,71,58,8,Yes,Yes,70,Good
1956,Female,21,7,73,80,10,Yes,Yes,84,Excellent
1957,Female,22,4,58,91,6,No,No,67,Good
1958,Female,16,8,59,89,0,Yes,Yes,69,Good
1959,Female,19,3,77,43,6,Yes,Yes,46,Poor
1960,Male,19,7,93,84,8,No,No,82,Excellent
1961,Female,22,5,83,79,2,No,No,61,Average
1962,Male,21,6,100,81,6,Yes,No,72,Good
1963,Female,20,6,74,86,2,No,Yes,59,Average
1964,Male,20,6,98,80,2,Yes,Yes,73,Good
1965,Female,22,5,96,67,8,Yes,Yes,75,Good
1966,Male,21,9,72,47,0,Yes,No,62,Average
1967,Female,19,6,65,91,9,Yes,No,75,Good
1968,Male,21,10,93,48,6,Yes,Yes,78,Good
1969,Male,22,6,79,46,2,No,No,48,Poor
1970,Female,16,7,58,70,3,No,Yes,62,Average
1971,Female,20,9,83,89,6,No,No,85,Excellent
1972,Female,21,8,96,66,2,Yes,Yes,81,Excellent
1973,Male,17,9,83,47,3,No,No,58,Average
1974,Female,20,6,57,78,6,Yes,Yes,68,Good
1975,Female,16,9,59,47,5,No,No,60,Average
1976,Female,19,1,100,49,2,No,Yes,50,Average
1977,Male,17,3,97,71,0,Yes,No,55,Average
1978,Female,19,8,86,59,9,No,No,76,Good
1979,Male,22,10,58,88,2,No,No,77,Good
1980,Female,22,6,55,91,9,No,No,67,Good
1981,Male,18,9,52,82,7,No,Yes,67,Good
1982,Male,20,5,85,81,1,Yes,Yes,59,Average
1983,Female,22,8,82,97,0,Yes,Yes,69,Good
1984,Female,22,4,65,93,9,No,Yes,68,Good
1985,Female,20,1,81,95,0,No,No,52,Average
1986,Male,16,9,70,64,4,Yes,Yes,65,Good
1987,Male,18,3,61,56,1,Yes,No,52,Average
1988,Male,16,10,70,51,0,Yes,No,68,Good
1989,Male,18,3,76,97,5,No,No,59,Average
1990,Female,17,4,98,78,9,Yes,No,83,Excellent
1991,Male,16,5,53,60,7,No,Yes,60,Average
1992,Female,19,4,51,57,8,Yes,Yes,49,Poor
1993,Male,20,7,78,45,10,Yes,Yes,70,Good
1994,Female,22,4,84,100,6,No,Yes,63,Average
1995,Female,22,10,68,81,2,Yes,Yes,82,Excellent
1996,Male,20,5,93,64,5,Yes,No,61,Average
1997,Male,21,9,86,44,4,Yes,No,64,Average
1998,Female,21,9,67,96,6,Yes,No,82,Excellent
1999,Female,22,8,67,55,10,No,No,65,Good
2000,Male,20,6,51,98,2,Yes,No,57,Average
2001,Male,21,3,76,75,7,No,Yes,54,Average
2002,Male,22,8,93,47,5,No,No,71,Good
2003,Male,22,1,57,69,5,Yes,No,40,Poor
2004,Female,21,1,98,57,10,No,Yes,53,Average
2005,Male,22,4,64,71,5,Yes,No,66,Good
2006,Male,16,4,90,65,1,No,No,54,Average
2007,Male,21,10,93,83,9,Yes,Yes,86,Excellent
2008,Female,17,5,86,94,3,No,Yes,62,Average
2009,Female,21,9,79,40,6,Yes,No,72,Good
2010,Male,18,2,93,73,7,No,No,70,Good
2011,Female,21,4,53,57,6,No,No,41,Poor
2012,Male,17,6,55,96,9,Yes,Yes,77,Good
2013,Female,17,4,60,61,4,Yes,Yes,45,Poor
2014,Male,19,1,87,91,10,No,No,65,Good
2015,Female,19,4,71,93,0,No,Yes,53,Average
2016,Male,22,2,90,68,9,Yes,Yes,57,Average
2017,Female,19,6,94,44,2,Yes,No,54,Average
2018,Female,20,7,54,46,10,Yes,Yes,62,Average
2019,Female,19,2,89,88,6,Yes,Yes,73,Good
2020,Female,19,7,89,79,1,No,Yes,75,Good
2021,Female,20,4,56,46,0,Yes,Yes,40,Poor
2022,Male,18,7,80,86,9,No,Yes,75,Good
2023,Male,22,1,53,48,4,No,No,38,Poor
2024,Male,17,8,69,78,5,No,No,61,Average
2025,Male,16,4,82,92,8,Yes,No,76,Good
2026,Female,17,4,100,44,5,Yes,No,67,Good
2027,Male,22,10,86,61,9,No,No,80,Excellent
2028,Male,16,8,100,98,0,No,Yes,71,Good
2029,Female,21,4,79,79,3,Yes,No,65,Good
2030,Female,17,7,61,92,0,No,Yes,57,Average
2031,Male,16,9,57,49,4,No,Yes,61,Average
2032,Female,16,4,62,58,2,Yes,No,48,Poor
2033,Male,22,9,65,51,3,Yes,Yes,63,Average
2034,Female,16,3,74,81,1,No,Yes,56,Average
2035,Male,17,6,73,82,2,No,Yes,58,Average
2036,Male,17,4,62,74,6,No,No,62,Average
2037,Male,16,10,87,52,8,No,Yes,77,Good
2038,Female,16,5,58,94,8,No,Yes,60,Average
2039,Female,22,10,54,50,8,No,No,71,Good
2040,Female,17,6,95,63,8,No,No,77,Good
2041,Male,20,7,90,98,9,Yes,Yes,85,Excellent
2042,Female,19,4,75,53,4,No,No,49,Poor
2043,Female,18,9,55,48,1,No,No,62,Average
2044,Female,17,10,52,69,8,No,No,75,Good
2045,Male,19,7,73,91,7,No,No,78,Good
2046,Female,17,8,64,56,10,Yes,No,63,Average
2047,Male,22,9,82,74,10,Yes,No,81,Excellent
2048,Female,16,2,73,42,8,Yes,No,48,Poor
2049,Female,18,5,97,92,10,No,Yes,75,Good
2050,Female,16,5,68,92,5,No,No,58,Average
2051,Male,21,9,98,100,2,No,Yes,83,Excellent
2052,Male,19,4,83,77,8,No,No,68,Good
2053,Male,18,4,77,89,6,Yes,No,75,Good
2054,Female,18,3,86,95,2,No,Yes,71,Good
2055,Male,18,4,76,67,10,No,No,65,Good
2056,Female,20,1,58,49,5,No,No,38,Poor
2057,Female,16,9,74,52,7,Yes,No,76,Good
2058,Male,16,3,56,83,8,Yes,Yes,67,Good
2059,Female,17,4,54,98,6,No,Yes,61,Average
2060,Female,21,9,54,69,0,No,Yes,56,Average
2061,Male,22,7,75,50,1,Yes,No,66,Good
2062,Male,19,4,58,95,3,No,No,66,Good
2063,Male,20,10,69,77,3,No,No,70,Good
2064,Female,17,8,54,92,6,Yes,No,80,Excellent
2065,Female,19,10,52,87,1,No,No,71,Good
2066,Female,19,10,61,66,3,Yes,No,75,Good
2067,Male,21,3,94,76,1,No,Yes,58,Average
2068,Male,18,9,68,82,1,Yes,No,76,Good
2069,Male,18,2,98,46,8,No,No,62,Average
2070,Female,18,4,82,42,7,Yes,Yes,63,Average
2071,Male,18,7,62,65,0,Yes,No,54,Average
2072,Male,18,8,81,69,1,Yes,Yes,75,Good
2073,Male,19,5,60,50,0,Yes,Yes,50,Average
2074,Female,20,7,60,44,10,Yes,No,58,Average
2075,Male,18,3,63,85,0,Yes,No,48,Poor
2076,Male,19,5,78,43,9,Yes,Yes,65,Good
2077,Male,17,6,65,52,1,Yes,No,46,Poor
2078,Male,18,4,93,82,1,Yes,Yes,64,Average
2079,Female,16,7,82,46,5,No,Yes,59,Average
2080,Male,19,2,64,53,1,No,No,38,Poor
2081,Female,19,6,50,64,3,No,Yes,46,Poor
2082,Female,21,10,73,42,1,Yes,No,64,Average
2083,Female,16,9,100,99,9,Yes,No,89,Excellent
2084,Female,21,7,93,99,2,No,Yes,79,Good
2085,Male,16,6,51,78,9,No,No,71,Good
2086,Male,20,10,95,40,3,Yes,Yes,72,Good
2087,Female,21,7,98,55,9,Yes,Yes,71,Good
2088,Female,19,5,62,49,6,Yes,Yes,54,Average
2089,Male,21,6,58,57,5,Yes,No,58,Average
2090,Female,17,6,71,55,3,Yes,Yes,58,Average
2091,Male,20,6,61,68,10,Yes,Yes,74,Good
2092,Male,17,1,90,49,3,Yes,Yes,47,Poor
2093,Male,17,9,55,67,7,No,Yes,64,Average
2094,Female,19,3,88,55,4,No,No,52,Average
2095,Female,22,8,55,100,5,No,No,68,Good
2096,Female,19,7,82,79,6,Yes,No,67,Good
2097,Female,19,2,98,98,4,Yes,Yes,71,Good
2098,Male,19,5,79,58,6,No,Yes,62,Average
2099,Female,21,8,62,49,3,Yes,Yes,67,Good
2100,Female,19,7,76,100,6,No,No,83,Excellent
2101,Male,21,10,54,66,0,Yes,No,61,Average
2102,Female,22,7,66,89,5,No,No,62,Average
2103,Female,19,4,65,70,0,No,Yes,46,Poor
2104,Male,20,8,93,49,4,Yes,Yes,62,Average
2105,Male,22,2,91,85,6,No,Yes,72,Good
2106,Male,19,3,77,56,4,No,No,56,Average
2107,Female,16,10,99,91,5,Yes,No,88,Excellent
2108,Female,21,5,50,50,7,Yes,Yes,46,Poor
2109,Male,20,7,91,58,6,Yes,Yes,74,Good
2110,Male,21,3,62,71,2,Yes,No,50,Average
2111,Male,17,1,97,51,3,No,No,56,Average
2112,Male,22,3,55,58,1,No,Yes,42,Poor
2113,Male,18,1,87,55,7,No,Yes,44,Poor
2114,Male,18,1,92,77,0,Yes,Yes,64,Average
2115,Female,19,10,83,88,4,No,No,82,Excellent
2116,Female,18,6,93,96,5,No,Yes,80,Excellent
2117,Female,19,10,53,62,5,Yes,Yes,74,Good
2118,Female,21,3,51,78,1,No,Yes,50,Average
2119,Male,20,8,82,66,10,Yes,Yes,79,Good
2120,Female,21,6,52,91,5,No,Yes,70,Good
2121,Female,21,10,100,45,5,No,No,68,Good
2122,Male,18,10,62,85,2,Yes,Yes,81,Excellent
2123,Male,18,9,79,50,7,Yes,No,70,Good
2124,Male,17,3,98,100,10,Yes,Yes,85,Excellent
2125,Male,17,6,74,89,4,Yes,No,78,Good
2126,Male,21,3,84,80,7,Yes,No,66,Good
2127,Female,21,6,74,98,6,No,Yes,72,Good
2128,Female,16,5,55,47,1,No,Yes,39,Poor
2129,Female,17,6,74,76,0,No,Yes,58,Average
2130,Female,19,6,99,63,10,Yes,Yes,72,Good
2131,Female,16,9,79,60,2,No,Yes,73,Good
2132,Male,17,10,68,49,10,Yes,No,74,Good
2133,Male,18,10,80,80,3,No,No,80,Excellent
2134,Female,22,6,59,92,3,Yes,Yes,63,Average
2135,Female,21,7,69,92,10,Yes,Yes,83,Excellent
2136,Female,19,8,72,88,6,No,Yes,82,Excellent
2137,Female,18,4,94,94,8,No,Yes,70,Good
2138,Female,22,10,53,94,4,No,Yes,69,Good
2139,Male,21,8,68,97,2,Yes,Yes,72,Good
2140,Male,18,10,56,83,2,No,No,66,Good
2141,Male,16,6,80,51,0,Yes,No,62,Average
2142,Female,21,7,65,42,1,Yes,No,61,Average
2143,Female,21,10,61,81,6,Yes,No,81,Excellent
2144,Female,21,8,73,40,1,Yes,Yes,53,Average
2145,Male,21,9,64,41,9,No,No,58,Average
2146,Female,19,8,91,84,6,No,Yes,74,Good
2147,Male,16,9,61,65,0,No,No,54,Average
2148,Female,22,4,92,97,1,Yes,Yes,63,Average
2149,Female,22,6,57,42,2,Yes,Yes,44,Poor
2150,Female,22,1,55,47,8,No,No,38,Poor
2151,Female,21,1,65,59,0,No,No,36,Poor
2152,Male,21,6,83,98,5,Yes,Yes,70,Good
2153,Female,16,4,59,59,3,Yes,Yes,54,Average
2154,Male,17,10,77,44,8,No,No,73,Good
2155,Male,19,8,55,100,4,No,Yes,68,Good
2156,Male,21,5,90,84,10,Yes,No,86,Excellent
2157,Male,19,3,70,90,6,No,Yes,60,Average
2158,Male,18,2,84,47,10,No,Yes,56,Average
2159,Male,18,6,99,57,2,Yes,No,59,Average
2160,Female,19,4,74,100,1,Yes,Yes,74,Good
2161,Male,20,8,56,73,5,No,No,59,Average
2162,Male,17,6,98,64,2,No,No,73,Good
2163,Female,18,1,93,72,2,Yes,Yes,61,Average
2164,Female,16,6,95,89,3,No,No,70,Good
2165,Male,18,8,82,58,4,No,Yes,67,Good
2166,Male,18,7,99,60,1,Yes,Yes,68,Good
2167,Male,17,10,53,45,4,No,Yes,63,Average
2168,Male,19,8,82,83,10,Yes,No,74,Good
2169,Male,22,1,95,67,8,No,Yes,67,Good
2170,Female,20,8,60,83,8,Yes,Yes,68,Good
2171,Male,22,3,82,62,0,No,No,55,Average
2172,Female,18,2,71,98,10,Yes,Yes,70,Good
2173,Male,19,5,66,53,0,No,Yes,49,Poor
2174,Female,19,10,81,43,5,Yes,No,72,Good
2175,Male,18,2,50,62,2,No,No,33,Poor
2176,Female,19,8,62,45,8,Yes,No,58,Average
2177,Female,16,3,99,82,4,Yes,No,73,Good
2178,Female,18,6,77,97,2,No,Yes,75,Good
2179,Male,17,3,72,87,6,Yes,No,62,Average
2180,Male,17,5,52,48,6,No,No,42,Poor
2181,Female,21,4,80,82,4,Yes,No,73,Good
2182,Male,22,3,70,88,6,No,Yes,56,Average
2183,Female,22,1,58,49,5,Yes,Yes,36,Poor
2184,Female,19,10,97,40,6,No,No,73,Good
2185,Male,16,7,65,79,2,Yes,Yes,66,Good
2186,Male,22,5,94,55,10,No,Yes,74,Good
2187,Male,21,9,89,51,3,Yes,Yes,66,Good
2188,Male,19,1,67,52,2,No,Yes,38,Poor
2189,Female,22,1,74,66,8,No,Yes,52,Average
2190,Female,19,8,53,72,6,Yes,No,62,Average
2191,Male,18,5,72,85,6,Yes,No,62,Average
2192,Female,16,1,53,82,5,Yes,No,58,Average
2193,Female,20,2,77,51,4,No,No,49,Poor
2194,Female,16,2,92,40,10,Yes,No,61,Average
2195,Female,21,10,83,78,5,Yes,No,79,Good
2196,Male,16,2,58,80,9,Yes,Yes,56,Average
2197,Male,21,8,56,44,8,No,No,65,Good
2198,Female,20,3,52,48,3,No,No,44,Poor
2199,Female,19,2,77,44,7,No,Yes,45,Poor
2200,Female,21,3,68,42,9,Yes,Yes,56,Average
2201,Female,21,9,82,44,2,No,No,66,Good
2202,Female,20,5,63,51,0,Yes,Yes,42,Poor
2203,Male,20,9,66,59,3,No,No,58,Average
2204,Male,17,1,84,55,4,Yes,Yes,51,Average
2205,Female,18,1,91,55,3,Yes,Yes,55,Average
2206,Female,18,2,95,96,8,No,Yes,75,Good
2207,Male,18,1,90,92,0,No,Yes,57,Average
2208,Male,18,1,84,82,9,Yes,No,64,Average
2209,Female,22,8,64,60,4,Yes,No,60,Average
2210,Female,17,7,73,49,7,Yes,No,61,Average
2211,Female,17,3,62,76,7,Yes,No,51,Average
2212,Male,17,3,75,83,9,Yes,Yes,63,Average
2213,Male,19,4,79,98,10,No,Yes,81,Excellent
2214,Male,21,1,88,46,6,No,Yes,44,Poor
2215,Male,22,1,58,55,1,No,Yes,29,Poor
2216,Female,22,2,84,87,5,Yes,Yes,60,Average
2217,Male,22,10,78,92,2,No,No,85,Excellent
2218,Male,17,1,84,84,4,Yes,Yes,53,Average
2219,Male,20,5,56,72,6,Yes,Yes,59,Average
2220,Male,17,7,74,49,5,No,Yes,63,Average
2221,Female,19,3,57,54,1,No,No,36,Poor
2222,Female,16,6,55,97,0,Yes,Yes,69,Good
2223,Male,20,3,93,67,2,No,No,60,Average
2224,Male,18,8,92,63,4,Yes,Yes,70,Good
2225,Female,18,3,74,68,7,Yes,Yes,65,Good
2226,Female,17,2,70,48,2,No,No,44,Poor
2227,Female,19,8,94,66,9,No,Yes,76,Good
2228,Male,19,9,81,74,8,No,Yes,81,Excellent
2229,Male,20,7,83,76,3,Yes,Yes,74,Good
2230,Female,17,1,73,75,7,Yes,Yes,50,Average
2231,Male,18,3,68,69,2,No,Yes,49,Poor
2232,Female,16,3,57,84,2,No,Yes,57,Average
2233,Male,16,2,92,77,1,No,Yes,49,Poor
2234,Male,18,3,55,55,1,Yes,No,40,Poor
2235,Female,19,3,97,73,4,No,No,64,Average
2236,Male,22,1,68,47,2,Yes,Yes,39,Poor
2237,Female,16,7,77,83,7,No,No,72,Good
2238,Male,17,5,55,73,6,Yes,Yes,64,Average
2239,Female,17,7,61,92,8,Yes,No,81,Excellent
2240,Female,21,7,74,50,0,No,No,53,Average
2241,Female,16,2,54,63,9,No,Yes,48,Poor
2242,Male,17,9,56,44,3,Yes,No,56,Average
2243,Male,21,1,65,57,1,Yes,No,36,Poor
2244,Male,18,2,69,40,5,No,No,51,Average
2245,Male,18,7,96,62,2,Yes,No,75,Good
2246,Male,20,3,51,77,6,No,Yes,53,Average
2247,Male,17,8,55,96,10,Yes,Yes,76,Good
2248,Female,22,3,82,73,9,No,No,59,Average
2249,Male,18,6,89,94,6,Yes,No,78,Good
2250,Male,20,10,54,49,9,No,Yes,57,Average
2251,Female,22,5,85,95,1,No,Yes,74,Good
2252,Male,17,5,60,44,4,No,No,42,Poor
2253,Female,17,8,66,70,4,No,Yes,60,Average
2254,Female,16,6,68,65,6,Yes,No,67,Good
2255,Male,18,2,93,66,8,No,No,54,Average
2256,Female,21,4,94,92,8,Yes,Yes,72,Good
2257,Male,19,3,86,65,1,Yes,No,63,Average
2258,Male,18,8,79,81,8,No,Yes,70,Good
2259,Male,21,2,75,89,6,Yes,No,65,Good
2260,Female,18,6,88,71,3,No,Yes,66,Good
2261,Male,16,9,59,100,7,Yes,Yes,82,Excellent
2262,Male,20,7,53,99,5,No,No,66,Good
2263,Male,17,1,98,83,6,No,No,60,Average
2264,Male,17,2,67,65,1,No,No,51,Average
2265,Female,21,5,61,93,0,Yes,No,64,Average
2266,Female,17,4,72,100,6,No,No,65,Good
2267,Female,18,10,74,92,0,Yes,Yes,74,Good
2268,Male,21,6,50,49,7,Yes,No,57,Average
2269,Male,22,7,66,73,0,No,Yes,65,Good
2270,Female,16,4,97,52,6,Yes,No,62,Average
2271,Female,17,4,93,76,0,No,No,53,Average
2272,Female,18,9,57,84,7,No,No,77,Good
2273,Female,18,9,77,73,5,Yes,Yes,82,Excellent
2274,Female,18,3,85,78,2,No,No,59,Average
2275,Male,21,5,94,79,1,Yes,Yes,62,Average
2276,Male,20,7,56,71,9,Yes,No,76,Good
2277,Male,21,5,76,53,3,No,No,49,Poor
2278,Female,22,8,57,62,7,No,No,55,Average
2279,Male,22,4,82,58,4,No,No,61,Average
2280,Female,16,7,52,40,0,Yes,No,56,Average
2281,Male,18,3,86,67,3,No,Yes,60,Average
2282,Female,22,10,77,48,10,No,Yes,76,Good
2283,Female,20,3,77,54,1,Yes,Yes,55,Average
2284,Male,22,9,60,100,5,Yes,Yes,72,Good
2285,Female,19,1,90,89,9,Yes,Yes,62,Average
2286,Male,16,3,79,80,10,No,Yes,64,Average
2287,Female,18,4,84,93,3,No,No,59,Average
2288,Male,16,3,90,41,10,Yes,Yes,66,Good
2289,Female,16,3,68,56,2,Yes,Yes,57,Average
2290,Female,22,4,75,46,7,Yes,No,50,Average
2291,Male,21,2,63,83,6,No,No,61,Average
2292,Female,17,5,50,97,2,Yes,Yes,64,Average
2293,Male,19,10,88,74,0,Yes,No,72,Good
2294,Male,20,1,84,41,8,Yes,Yes,54,Average
2295,Female,17,1,70,48,3,Yes,Yes,44,Poor
2296,Female,19,4,55,62,8,No,No,60,Average
2297,Male,20,7,62,56,2,Yes,No,62,Average
2298,Female,20,10,69,50,3,No,No,70,Good
2299,Female,20,5,70,79,1,No,No,56,Average
2300,Female,18,2,78,50,0,No,No,44,Poor
2301,Male,19,1,57,51,5,No,Yes,43,Poor
2302,Male,16,4,92,63,5,Yes,No,60,Average
2303,Male,18,1,95,61,3,No,No,51,Average
2304,Male,19,5,88,53,8,Yes,Yes,66,Good
2305,Male,20,7,93,88,6,No,No,76,Good
2306,Female,16,8,81,42,4,No,Yes,56,Average
2307,Male,17,10,70,77,6,Yes,Yes,79,Good
2308,Male,21,10,50,98,7,No,Yes,80,Excellent
2309,Male,20,9,52,61,10,Yes,Yes,76,Good
2310,Male,22,7,96,59,4,No,No,72,Good
2311,Female,20,6,81,79,0,No,No,69,Good
2312,Male,22,2,73,100,9,Yes,Yes,68,Good
2313,Male,22,1,58,46,5,No,Yes,36,Poor
2314,Male,17,6,84,40,0,No,Yes,47,Poor
2315,Male,18,2,66,61,9,No,No,49,Poor
2316,Male,20,8,57,48,5,Yes,No,66,Good
2317,Female,20,9,65,76,7,No,No,74,Good
2318,Male,17,2,66,89,4,Yes,No,58,Average
2319,Female,21,2,54,71,0,Yes,Yes,44,Poor
2320,Female,22,7,62,71,1,No,Yes,66,Good
2321,Male,22,5,95,69,10,Yes,Yes,71,Good
2322,Male,18,7,78,95,9,Yes,No,79,Good
2323,Male,18,7,60,83,4,Yes,Yes,73,Good
2324,Female,21,2,65,41,7,Yes,No,39,Poor
2325,Female,21,9,78,62,4,Yes,Yes,74,Good
2326,Female,17,3,75,72,6,No,Yes,64,Average
2327,Male,18,2,53,81,6,No,Yes,52,Average
2328,Male,19,3,88,57,8,No,No,54,Average
2329,Male,21,4,57,54,1,Yes,Yes,47,Poor
2330,Male,16,9,56,57,3,No,No,63,Average
2331,Female,17,5,81,53,2,Yes,No,59,Average
2332,Male,21,1,56,51,8,No,No,42,Poor
2333,Female,18,2,60,51,5,No,Yes,35,Poor
2334,Female,19,6,51,51,4,Yes,Yes,45,Poor
2335,Male,19,10,50,71,3,No,Yes,57,Average
2336,Male,20,5,64,73,8,Yes,Yes,60,Average
2337,Female,18,6,78,71,5,No,No,65,Good
2338,Male,19,1,72,59,5,No,Yes,47,Poor
2339,Male,17,7,64,82,2,No,No,55,Average
2340,Female,20,7,73,53,1,Yes,No,54,Average
2341,Female,21,9,78,96,8,Yes,No,89,Excellent
2342,Female,19,10,76,100,4,No,Yes,75,Good
2343,Male,22,10,57,67,7,No,No,64,Average
2344,Female,19,3,79,83,2,No,Yes,59,Average
2345,Male,18,2,68,40,7,Yes,Yes,48,Poor
2346,Female,16,8,69,40,6,No,Yes,52,Average
2347,Male,17,6,68,90,8,Yes,Yes,73,Good
2348,Female,21,4,77,77,1,No,Yes,50,Average
2349,Female,18,4,93,80,6,No,No,63,Average
2350,Male,18,10,69,51,9,No,No,66,Good
2351,Female,18,3,76,75,3,No,No,50,Average
2352,Female,20,8,84,51,6,No,Yes,62,Average
2353,Female,21,6,82,99,10,No,No,82,Excellent
2354,Male,19,7,76,69,0,Yes,No,58,Average
2355,Male,20,5,100,55,9,No,Yes,69,Good
2356,Female,22,7,58,65,10,Yes,No,75,Good
2357,Female,22,1,55,43,4,Yes,No,34,Poor
2358,Male,20,8,94,61,0,Yes,Yes,68,Good
2359,Male,20,8,58,54,10,Yes,No,68,Good
2360,Male,22,8,89,84,3,Yes,Yes,70,Good
2361,Male,20,2,83,46,3,Yes,Yes,57,Average
2362,Female,22,9,78,65,0,Yes,No,72,Good
2363,Male,17,4,84,56,9,No,Yes,66,Good
2364,Male,21,1,61,49,10,Yes,Yes,56,Average
2365,Female,19,8,68,58,10,Yes,No,74,Good
2366,Male,19,7,94,91,1,No,No,79,Good
2367,Male,16,5,79,47,9,No,Yes,60,Average
2368,Female,21,10,78,42,5,Yes,No,75,Good
2369,Female,16,3,72,72,8,Yes,No,70,Good
2370,Male,20,2,61,81,2,No,No,56,Average
2371,Male,18,5,75,44,10,No,No,65,Good
2372,Female,20,9,99,82,8,No,Yes,87,Excellent
2373,Male,20,10,75,44,0,Yes,Yes,63,Average
2374,Male,21,2,81,99,10,No,No,68,Good
2375,Female,16,3,96,97,6,No,Yes,64,Average
2376,Female,16,1,97,44,7,No,Yes,49,Poor
2377,Female,16,8,74,48,10,Yes,Yes,70,Good
2378,Male,19,5,64,52,2,No,Yes,43,Poor
2379,Male,21,2,63,42,2,Yes,No,46,Poor
2380,Female,18,3,93,86,10,No,Yes,69,Good
2381,Female,20,6,72,79,8,Yes,Yes,77,Good
2382,Male,21,7,54,76,1,Yes,No,56,Average
2383,Female,19,4,53,78,8,No,Yes,56,Average
2384,Male,22,5,74,85,5,Yes,Yes,69,Good
2385,Male,20,10,65,94,8,No,No,74,Good
2386,Female,20,8,66,81,0,Yes,No,72,Good
2387,Male,17,6,98,43,2,Yes,No,55,Average
2388,Female,19,2,86,97,9,Yes,No,66,Good
2389,Male,20,10,55,96,8,No,Yes,78,Good
2390,Female,16,1,81,72,3,No,No,58,Average
2391,Male,22,4,51,99,0,Yes,Yes,62,Average
2392,Male,20,8,53,64,6,Yes,No,69,Good
2393,Female,16,8,57,97,9,No,No,73,Good
2394,Male,19,1,65,54,1,Yes,Yes,47,Poor
2395,Female,22,1,96,55,0,Yes,Yes,47,Poor
2396,Female,17,5,52,60,5,Yes,No,50,Average
2397,Female,19,2,92,44,1,No,Yes,54,Average
2398,Female,22,4,78,85,4,No,No,62,Average
2399,Female,18,9,82,46,0,No,No,68,Good
2400,Male,16,4,58,93,8,Yes,No,64,Average
2401,Female,18,3,52,55,7,No,Yes,39,Poor
2402,Male,22,1,67,57,9,No,No,43,Poor
2403,Male,18,10,74,71,0,No,No,74,Good
2404,Male,17,4,74,51,10,No,Yes,58,Average
2405,Male,20,6,51,98,9,No,No,67,Good
2406,Female,18,10,77,95,6,Yes,Yes,90,Excellent
2407,Female,22,9,79,67,9,No,Yes,79,Good
2408,Male,21,4,58,98,0,No,No,51,Average
2409,Female,22,9,68,61,9,No,Yes,70,Good
2410,Female,18,5,100,81,9,Yes,Yes,80,Excellent
2411,Female,22,5,61,68,7,Yes,No,53,Average
2412,Male,16,6,80,80,8,Yes,No,67,Good
2413,Female,18,10,85,60,1,No,Yes,70,Good
2414,Male,18,8,58,54,10,Yes,Yes,60,Average
2415,Male,16,1,61,83,8,No,No,47,Poor
2416,Female,16,5,66,41,10,No,Yes,54,Average
2417,Female,16,2,82,68,1,Yes,Yes,52,Average
2418,Male,20,6,93,66,1,No,No,60,Average
2419,Female,18,10,100,63,5,No,No,86,Excellent
2420,Male,20,1,60,63,0,No,Yes,31,Poor
2421,Male,20,4,70,72,8,No,Yes,65,Good
2422,Female,21,3,74,88,10,Yes,Yes,68,Good
2423,Female,20,2,83,91,0,No,No,59,Average
2424,Male,17,10,68,98,3,No,Yes,81,Excellent
2425,Male,19,6,97,47,3,No,No,64,Average
2426,Female,18,9,82,44,5,No,Yes,71,Good
2427,Female,17,10,58,99,8,Yes,No,79,Good
2428,Male,22,5,71,60,1,Yes,No,61,Average
2429,Male,20,8,90,96,3,Yes,No,74,Good
2430,Male,16,7,66,88,8,No,Yes,68,Good
2431,Female,22,7,51,84,2,Yes,Yes,71,Good
2432,Female,19,6,58,65,8,Yes,No,58,Average
2433,Female,22,6,87,78,9,Yes,Yes,70,Good
2434,Male,19,7,90,68,6,No,No,67,Good
2435,Female,21,10,82,45,2,Yes,No,74,Good
2436,Female,18,8,61,72,9,No,Yes,68,Good
2437,Female,19,6,53,76,8,No,No,64,Average
2438,Male,18,3,59,42,3,No,No,43,Poor
2439,Male,18,5,60,47,4,No,No,55,Average
2440,Male,17,5,66,78,1,Yes,No,56,Average
2441,Male,17,9,82,88,2,Yes,Yes,76,Good
2442,Male,19,1,73,53,4,No,No,52,Average
2443,Female,22,8,68,98,1,Yes,No,79,Good
2444,Male,18,2,58,57,10,Yes,No,46,Poor
2445,Male,21,2,70,50,8,No,No,55,Average
2446,Male,21,6,52,67,1,No,Yes,45,Poor
2447,Male,17,3,87,64,3,Yes,No,66,Good
2448,Male,19,3,96,71,4,Yes,Yes,59,Average
2449,Female,16,7,54,71,8,Yes,Yes,59,Average
2450,Male,21,5,89,64,10,Yes,No,78,Good
2451,Female,18,4,68,82,7,No,No,65,Good
2452,Male,18,2,64,47,4,No,No,44,Poor
2453,Female,21,7,57,51,7,No,Yes,60,Average
2454,Male,21,3,99,96,7,No,No,72,Good
2455,Female,18,5,82,53,6,Yes,No,62,Average
2456,Female,19,7,78,67,6,No,Yes,67,Good
2457,Male,21,4,71,80,0,No,No,60,Average
2458,Male,20,3,84,53,10,Yes,No,58,Average
2459,Male,21,1,74,45,5,No,Yes,36,Poor
2460,Male,18,9,62,50,8,No,Yes,65,Good
2461,Male,18,6,76,53,8,Yes,Yes,58,Average
2462,Female,22,9,56,72,6,No,Yes,64,Average
2463,Female,18,1,64,80,3,Yes,No,47,Poor
2464,Female,21,7,58,92,4,Yes,Yes,64,Average
2465,Male,16,1,97,93,8,Yes,Yes,74,Good
2466,Female,22,10,69,90,5,No,Yes,79,Good
2467,Female,19,4,56,56,10,No,No,55,Average
2468,Male,16,4,76,75,4,No,No,67,Good
2469,Male,19,1,81,86,6,No,Yes,65,Good
2470,Male,20,1,75,89,3,No,No,62,Average
2471,Male,21,5,71,49,10,Yes,Yes,58,Average
2472,Male,22,8,87,55,1,Yes,No,74,Good
2473,Female,16,8,66,66,4,No,Yes,57,Average
2474,Female,21,10,88,66,0,No,Yes,78,Good
2475,Male,18,4,70,69,7,Yes,Yes,67,Good
2476,Female,19,3,98,40,2,Yes,Yes,52,Average
2477,Female,22,2,52,96,6,No,Yes,63,Average
2478,Female,17,9,76,65,0,No,Yes,70,Good
2479,Female,21,5,83,60,9,No,Yes,60,Average
2480,Male,20,4,89,100,5,No,No,78,Good
2481,Male,18,3,60,73,7,Yes,No,62,Average
2482,Female,17,8,54,40,4,Yes,Yes,50,Average
2483,Male,18,2,53,79,7,Yes,Yes,58,Average
2484,Female,18,1,62,57,4,No,No,45,Poor
2485,Male,18,9,84,81,10,Yes,Yes,81,Excellent
2486,Female,21,4,67,51,4,Yes,Yes,60,Average
2487,Male,18,10,99,94,9,No,No,90,Excellent
2488,Female,16,4,63,45,9,Yes,Yes,51,Average
2489,Female,22,1,70,44,0,Yes,No,45,Poor
2490,Female,18,5,82,88,1,Yes,No,72,Good
2491,Male,21,8,72,59,8,No,Yes,65,Good
2492,Male,21,5,95,49,6,No,No,62,Average
2493,Female,20,7,91,62,2,Yes,No,74,Good
2494,Male,21,7,63,79,8,Yes,No,74,Good
2495,Female,21,1,62,68,5,Yes,Yes,50,Average
2496,Female,16,6,66,72,0,No,Yes,56,Average
2497,Female,19,1,94,85,4,No,Yes,52,Average
2498,Male,20,8,81,51,7,Yes,Yes,73,Good
2499,Male,20,3,95,87,2,Yes,Yes,72,Good
2500,Male,16,8,90,85,0,No,Yes,72,Good
2501,Male,21,10,97,41,5,No,Yes,74,Good
2502,Male,21,7,76,93,10,Yes,Yes,79,Good
2503,Female,21,5,55,51,7,Yes,No,52,Average
2504,Female,17,1,69,57,8,No,Yes,50,Average
2505,Male,20,2,86,99,7,Yes,Yes,64,Average
2506,Male,21,2,61,60,9,Yes,Yes,45,Poor
2507,Female,21,6,79,45,3,No,Yes,51,Average
2508,Female,16,7,95,58,2,No,Yes,67,Good
2509,Female,17,4,67,96,3,Yes,No,65,Good
2510,Female,18,2,81,62,9,No,No,65,Good
2511,Female,22,3,52,100,9,No,Yes,60,Average
2512,Male,18,5,63,61,8,No,Yes,66,Good
2513,Male,18,4,79,56,0,Yes,Yes,60,Average
2514,Male,19,10,70,63,9,No,Yes,76,Good
2515,Male,21,6,50,50,6,No,No,53,Average
2516,Female,17,6,69,50,7,Yes,Yes,67,Good
2517,Female,20,10,94,67,6,No,Yes,79,Good
2518,Male,20,6,80,83,6,No,Yes,69,Good
2519,Male,19,7,99,57,9,No,Yes,70,Good
2520,Female,18,10,94,100,8,Yes,Yes,90,Excellent
2521,Male,22,1,55,59,2,No,No,43,Poor
2522,Male,19,1,92,49,3,Yes,No,52,Average
2523,Male,17,4,63,67,1,Yes,Yes,56,Average
2524,Female,19,3,72,46,7,No,Yes,57,Average
2525,Male,22,8,95,55,1,No,Yes,68,Good
2526,Female,19,6,68,92,10,No,No,67,Good
2527,Female,19,10,51,54,9,Yes,Yes,72,Good
2528,Male,18,9,50,79,9,No,Yes,69,Good
2529,Female,19,4,52,53,4,No,Yes,48,Poor
2530,Male,21,3,77,49,4,No,No,56,Average
2531,Female,18,7,61,50,6,Yes,No,54,Average
2532,Male,21,2,91,95,6,Yes,Yes,72,Good
2533,Female,20,9,74,83,7,Yes,No,84,Excellent
2534,Female,22,1,69,67,4,Yes,No,58,Average
2535,Female,22,8,95,61,8,No,Yes,72,Good
2536,Male,20,7,93,45,2,Yes,No,64,Average
2537,Female,20,10,96,95,7,No,Yes,95,Excellent
2538,Female,16,2,81,69,5,Yes,No,58,Average
2539,Female,18,5,99,92,0,No,Yes,71,Good
2540,Male,19,1,78,60,4,Yes,Yes,54,Average
2541,Female,20,7,65,51,1,Yes,Yes,52,Average
2542,Male,19,5,72,69,9,Yes,No,60,Average
2543,Male,18,6,52,49,9,Yes,No,65,Good
2544,Female,18,5,77,65,0,Yes,No,52,Average
2545,Female,16,4,86,56,4,Yes,Yes,63,Average
2546,Male,17,7,67,87,2,No,Yes,70,Good
2547,Male,21,5,67,40,6,Yes,Yes,59,Average
2548,Male,18,5,79,78,10,No,Yes,69,Good
2549,Female,16,6,64,44,9,No,No,61,Average
2550,Female,20,7,80,99,8,Yes,No,84,Excellent
2551,Female,18,8,59,69,7,Yes,Yes,72,Good
2552,Male,19,1,92,94,9,Yes,No,73,Good
2553,Male,17,9,73,59,4,No,No,72,Good
2554,Male,17,10,87,50,9,No,No,80,Excellent
2555,Female,22,5,85,87,7,Yes,No,70,Good
2556,Male,20,2,56,65,3,Yes,Yes,48,Poor
2557,Female,22,3,99,89,6,No,No,68,Good
2558,Female,20,5,70,89,5,Yes,No,76,Good
2559,Male,17,7,81,88,7,No,No,72,Good
2560,Female,19,5,50,74,5,No,Yes,50,Average
2561,Male,20,7,76,66,3,Yes,Yes,62,Average
2562,Female,20,10,96,66,0,No,Yes,71,Good
2563,Female,21,2,73,41,9,No,Yes,45,Poor
2564,Male,18,4,61,70,3,No,Yes,53,Average
2565,Male,16,4,86,69,7,Yes,No,66,Good
2566,Female,19,9,91,47,9,No,Yes,72,Good
2567,Male,21,2,50,87,0,No,No,50,Average
2568,Female,22,7,66,96,8,Yes,Yes,83,Excellent
2569,Female,22,1,68,91,6,Yes,No,63,Average
2570,Female,19,2,56,49,4,Yes,Yes,46,Poor
2571,Male,21,6,59,98,3,No,Yes,65,Good
2572,Female,18,2,79,97,7,Yes,No,70,Good
2573,Male,21,8,71,90,7,No,No,68,Good
2574,Female,17,9,68,41,3,No,No,59,Average
2575,Male,21,3,86,80,4,No,No,62,Average
2576,Male,21,3,59,78,4,No,No,52,Average
2577,Female,22,4,87,59,2,Yes,No,62,Average
2578,Female,19,10,60,62,10,Yes,No,83,Excellent
2579,Female,19,8,91,50,8,No,Yes,77,Good
2580,Female,16,2,71,54,4,Yes,Yes,46,Poor
2581,Male,20,2,91,52,5,No,No,45,Poor
2582,Male,21,4,73,82,0,No,Yes,58,Average
2583,Male,18,9,84,94,8,Yes,Yes,93,Excellent
2584,Male,17,5,97,51,10,Yes,Yes,76,Good
2585,Male,16,10,67,75,4,Yes,Yes,69,Good
2586,Male,20,5,53,53,3,Yes,No,56,Average
2587,Male,20,1,70,90,10,Yes,Yes,70,Good
2588,Male,19,2,80,52,1,Yes,No,50,Average
2589,Female,20,7,57,86,7,Yes,No,62,Average
2590,Female,22,7,88,57,7,Yes,No,79,Good
2591,Female,20,5,91,59,4,Yes,No,64,Average
2592,Female,21,8,57,88,2,No,Yes,68,Good
2593,Female,19,3,61,44,6,No,Yes,51,Average
2594,Female,21,9,61,52,1,Yes,Yes,61,Average
2595,Female,18,9,80,46,10,No,Yes,66,Good
2596,Female,17,4,99,65,2,Yes,Yes,66,Good
2597,Female,21,10,100,66,4,Yes,No,89,Excellent
2598,Female,18,3,69,61,5,No,No,52,Average
2599,Female,20,7,98,66,0,No,Yes,72,Good
2600,Female,21,3,79,89,4,Yes,Yes,63,Average
2601,Male,18,6,51,60,6,No,No,52,Average
2602,Male,20,9,78,94,4,Yes,Yes,80,Excellent
2603,Male,18,8,96,77,7,Yes,No,89,Excellent
2604,Female,18,10,87,64,0,Yes,Yes,75,Good
2605,Male,20,6,78,99,4,Yes,No,71,Good
2606,Female,18,7,59,95,2,No,Yes,60,Average
2607,Male,17,6,86,74,10,No,No,65,Good
2608,Male,22,2,100,84,5,No,No,63,Average
2609,Female,18,8,64,69,5,No,Yes,65,Good
2610,Female,20,1,58,47,10,No,No,48,Poor
2611,Male,22,1,83,43,8,No,Yes,53,Average
2612,Male,20,6,100,74,7,No,No,68,Good
2613,Male,20,2,85,89,1,Yes,Yes,67,Good
2614,Male,22,2,99,83,6,No,No,72,Good
2615,Female,21,6,54,51,10,No,No,64,Average
2616,Male,16,7,86,58,0,No,Yes,53,Average
2617,Female,18,7,59,56,3,No,No,53,Average
2618,Male,21,10,59,52,2,Yes,No,60,Average
2619,Female,16,9,88,100,0,Yes,No,76,Good
2620,Female,22,6,64,82,3,Yes,No,62,Average
2621,Male,18,4,63,89,5,Yes,Yes,70,Good
2622,Female,22,7,51,68,3,No,Yes,62,Average
2623,Male,19,4,63,89,6,Yes,Yes,62,Average
2624,Male,17,4,57,100,7,No,No,69,Good
2625,Male,17,2,82,63,7,No,Yes,62,Average
2626,Male,16,7,76,65,1,No,No,62,Average
2627,Female,19,5,64,84,1,No,No,50,Average
2628,Male,21,6,52,49,3,Yes,Yes,47,Poor
2629,Female,17,8,98,42,0,Yes,No,68,Good
2630,Male,22,3,76,51,2,Yes,Yes,54,Average
2631,Female,22,3,51,71,3,No,No,50,Average
2632,Male,20,6,51,90,0,No,Yes,64,Average
2633,Male,21,3,76,42,8,No,Yes,48,Poor
2634,Female,16,6,64,45,6,Yes,Yes,64,Average
2635,Female,19,9,78,48,9,Yes,No,79,Good
2636,Female,18,3,70,82,8,No,Yes,68,Good
2637,Male,21,10,62,48,3,Yes,Yes,63,Average
2638,Female,21,2,95,65,4,Yes,Yes,59,Average
2639,Female,17,5,71,85,7,No,Yes,68,Good
2640,Male,18,3,87,87,0,No,Yes,58,Average
2641,Male,16,3,90,42,3,Yes,No,55,Average
2642,Male,20,8,80,94,5,Yes,No,86,Excellent
2643,Female,19,10,66,74,7,Yes,No,85,Excellent
2644,Female,18,3,66,61,7,No,Yes,55,Average
2645,Female,16,6,77,81,0,Yes,Yes,64,Average
2646,Female,22,2,57,75,4,Yes,No,53,Average
2647,Male,19,9,55,95,8,Yes,No,86,Excellent
2648,Male,17,4,99,41,3,No,Yes,63,Average
2649,Male,22,9,73,74,3,Yes,No,70,Good
2650,Male,21,3,90,80,9,Yes,Yes,76,Good
2651,Female,18,1,75,58,6,No,No,54,Average
2652,Male,17,5,50,44,4,No,Yes,39,Poor
2653,Male,22,7,58,49,7,Yes,Yes,64,Average
2654,Male,21,7,75,77,3,Yes,No,63,Average
2655,Male,18,3,75,47,9,Yes,Yes,62,Average
2656,Male,21,5,98,60,0,Yes,No,71,Good
2657,Female,22,10,80,54,10,No,No,70,Good
2658,Female,17,2,98,98,5,No,Yes,73,Good
2659,Male,16,8,77,77,2,No,No,67,Good
2660,Female,16,10,88,95,5,Yes,No,93,Excellent
2661,Female,16,2,99,57,4,No,No,61,Average
2662,Female,18,2,50,46,7,Yes,No,43,Poor
2663,Male,21,5,56,89,7,No,No,56,Average
2664,Female,20,2,86,46,1,Yes,No,54,Average
2665,Female,21,1,72,81,7,No,Yes,59,Average
2666,Female,21,1,63,76,2,Yes,No,44,Poor
2667,Male,19,1,96,69,4,No,No,59,Average
2668,Male,18,8,100,43,5,No,No,65,Good
2669,Male,20,9,91,60,6,No,Yes,81,Excellent
2670,Male,18,6,89,74,3,No,No,62,Average
2671,Female,21,7,70,79,7,Yes,No,70,Good
2672,Female,22,8,72,61,7,No,Yes,64,Average
2673,Male,16,2,62,77,4,No,Yes,55,Average
2674,Female,17,2,55,85,9,No,No,52,Average
2675,Female,20,6,75,48,6,Yes,No,55,Average
2676,Female,17,8,52,55,8,Yes,No,55,Average
2677,Male,17,4,65,96,3,No,Yes,57,Average
2678,Male,18,4,51,94,9,No,No,68,Good
2679,Female,19,3,83,77,6,No,No,64,Average
2680,Male,19,6,73,97,3,No,No,63,Average
2681,Female,18,4,100,74,9,Yes,Yes,82,Excellent
2682,Female,20,6,56,91,9,Yes,No,70,Good
2683,Male,18,10,53,69,9,No,No,76,Good
2684,Male,17,1,85,68,8,Yes,No,66,Good
2685,Female,16,6,54,86,4,No,Yes,68,Good
2686,Female,21,3,75,53,10,No,No,57,Average
2687,Male,17,10,82,100,6,Yes,No,81,Excellent
2688,Male,21,6,87,47,1,Yes,No,56,Average
2689,Male,17,10,99,88,2,Yes,Yes,93,Excellent
2690,Female,18,2,56,100,6,No,No,62,Average
2691,Female,17,6,61,46,4,No,Yes,56,Average
2692,Male,19,2,61,56,6,Yes,Yes,52,Average
2693,Male,18,8,98,46,8,No,Yes,64,Average
2694,Female,21,6,56,50,0,Yes,Yes,52,Average
2695,Female,18,1,86,76,5,Yes,Yes,57,Average
2696,Female,17,9,63,62,1,Yes,No,61,Average
2697,Female,21,3,82,49,7,Yes,Yes,52,Average
2698,Male,18,2,72,83,2,Yes,Yes,64,Average
2699,Male,20,3,89,98,5,No,No,75,Good
2700,Female,21,9,54,61,3,No,Yes,59,Average
2701,Male,17,7,52,62,0,No,Yes,60,Average
2702,Female,21,6,83,76,9,No,Yes,73,Good
2703,Female,17,8,98,52,4,No,No,74,Good
2704,Female,16,8,51,71,1,No,No,62,Average
2705,Female,19,5,99,83,0,Yes,Yes,64,Average
2706,Male,20,10,84,51,10,No,Yes,68,Good
2707,Male,18,7,62,62,8,Yes,No,74,Good
2708,Male,20,6,93,84,0,Yes,Yes,77,Good
2709,Male,17,6,54,85,3,No,Yes,52,Average
2710,Male,19,4,94,47,4,Yes,Yes,61,Average
2711,Male,19,4,73,98,6,Yes,Yes,66,Good
2712,Female,20,5,77,83,9,No,Yes,70,Good
2713,Female,21,1,76,92,6,No,No,57,Average
2714,Male,18,10,50,80,6,Yes,No,69,Good
2715,Male,16,2,57,50,7,Yes,Yes,49,Poor
2716,Female,21,5,93,85,6,No,No,73,Good
2717,Male,16,2,75,92,3,Yes,No,59,Average
2718,Female,20,1,80,70,1,Yes,Yes,44,Poor
2719,Female,17,2,98,84,1,Yes,No,67,Good
2720,Male,21,3,78,78,0,Yes,Yes,59,Average
2721,Male,20,1,59,61,4,Yes,No,52,Average
2722,Male,21,1,75,64,2,No,Yes,45,Poor
2723,Male,21,4,71,82,7,Yes,No,60,Average
2724,Male,20,9,68,75,2,Yes,No,63,Average
2725,Female,21,2,76,73,8,Yes,Yes,63,Average
2726,Male,16,3,56,83,3,Yes,No,47,Poor
2727,Male,22,7,99,76,1,Yes,Yes,68,Good
2728,Male,21,8,86,81,6,No,No,82,Excellent
2729,Female,21,8,89,56,5,No,No,64,Average
2730,Male,20,6,64,49,4,Yes,No,56,Average
2731,Female,18,1,77,91,4,Yes,Yes,66,Good
2732,Female,21,9,64,65,2,No,Yes,67,Good
2733,Female,19,8,96,68,7,No,No,79,Good
2734,Male,18,7,58,86,8,Yes,Yes,70,Good
2735,Female,20,4,96,82,9,No,No,77,Good
2736,Female,21,5,63,65,2,No,Yes,59,Average
2737,Female,22,10,76,43,3,Yes,No,64,Average
2738,Male,20,7,61,100,7,Yes,Yes,80,Excellent
2739,Female,18,10,99,49,10,No,Yes,75,Good
2740,Male,18,8,65,95,2,No,No,78,Good
2741,Female,21,2,100,44,1,Yes,Yes,45,Poor
2742,Female,22,2,70,99,5,Yes,Yes,62,Average
2743,Male,22,2,73,79,5,No,No,58,Average
2744,Female,18,5,56,91,8,Yes,Yes,65,Good
2745,Male,16,9,89,66,2,No,No,70,Good
2746,Female,21,3,78,46,0,Yes,No,55,Average
2747,Female,19,3,99,41,9,No,No,56,Average
2748,Male,16,8,92,76,5,No,Yes,78,Good
2749,Male,17,3,89,59,10,No,Yes,57,Average
2750,Female,21,6,68,85,1,No,No,54,Average
2751,Female,17,6,66,52,8,No,Yes,65,Good
2752,Female,17,1,91,55,4,No,No,55,Average
2753,Male,16,5,97,88,10,No,Yes,80,Excellent
2754,Male,17,10,50,87,9,Yes,No,82,Excellent
2755,Female,19,7,74,42,10,No,No,64,Average
2756,Female,22,9,100,67,6,No,Yes,82,Excellent
2757,Female,20,4,81,58,4,Yes,No,53,Average
2758,Male,22,9,57,41,2,Yes,Yes,51,Average
2759,Male,18,2,59,76,3,Yes,Yes,44,Poor
2760,Male,21,6,89,44,2,No,No,52,Average
2761,Male,16,3,62,98,1,Yes,Yes,54,Average
2762,Male,19,4,63,43,1,No,No,51,Average
2763,Male,19,4,95,71,9,Yes,No,73,Good
2764,Male,19,3,82,40,1,Yes,Yes,48,Poor
2765,Female,20,10,62,84,1,Yes,Yes,70,Good
2766,Female,22,4,60,65,10,No,No,66,Good
2767,Female,17,7,66,92,5,Yes,Yes,73,Good
2768,Female,22,3,54,43,1,No,No,31,Poor
2769,Male,16,8,50,87,10,Yes,No,77,Good
2770,Female,20,5,96,93,5,No,No,81,Excellent
2771,Male,19,5,98,71,5,Yes,Yes,68,Good
2772,Female,21,6,76,69,7,No,No,72,Good
2773,Female,19,3,59,87,6,No,Yes,53,Average
2774,Male,19,3,75,63,0,No,Yes,45,Poor
2775,Male,17,2,51,65,7,Yes,No,52,Average
2776,Female,16,8,75,50,4,No,Yes,60,Average
2777,Male,20,8,77,67,2,No,Yes,68,Good
2778,Female,16,6,95,70,9,No,Yes,72,Good
2779,Female,22,4,76,71,0,No,Yes,56,Average
2780,Female,21,10,77,79,1,Yes,No,78,Good
2781,Female,22,3,73,76,7,Yes,Yes,68,Good
2782,Female,19,4,63,100,5,Yes,No,74,Good
2783,Male,20,6,86,90,5,Yes,Yes,78,Good
2784,Female,21,10,89,55,3,No,No,63,Average
2785,Female,20,2,74,88,2,No,Yes,64,Average
2786,Female,19,10,96,57,1,No,No,70,Good
2787,Male,21,3,73,94,0,No,Yes,57,Average
2788,Female,18,6,89,70,8,Yes,No,76,Good
2789,Male,18,10,84,52,10,Yes,Yes,80,Excellent
2790,Female,21,4,83,91,8,No,Yes,74,Good
2791,Male,21,1,69,56,3,Yes,No,38,Poor
2792,Male,21,7,55,63,7,Yes,No,67,Good
2793,Male,20,8,98,60,1,No,No,68,Good
2794,Male,21,10,79,58,2,Yes,No,63,Average
2795,Male,16,6,85,70,5,Yes,No,74,Good
2796,Female,21,7,91,60,6,Yes,No,65,Good
2797,Male,18,10,98,76,0,Yes,Yes,87,Excellent
2798,Female,16,3,59,46,8,Yes,Yes,44,Poor
2799,Male,18,6,55,66,5,Yes,No,63,Average
2800,Female,20,7,91,90,6,Yes,Yes,79,Good
2801,Male,17,2,98,98,4,Yes,Yes,64,Average
2802,Male,16,4,80,42,0,Yes,Yes,46,Poor
2803,Female,20,6,70,64,10,No,Yes,73,Good
2804,Male,19,1,92,85,6,Yes,Yes,63,Average
2805,Male,17,4,87,71,0,No,Yes,60,Average
2806,Female,19,4,59,74,0,No,No,53,Average
2807,Female,17,4,98,78,4,No,Yes,69,Good
2808,Female,19,2,91,58,7,Yes,No,68,Good
2809,Female,17,3,57,42,6,Yes,Yes,44,Poor
2810,Male,22,4,87,92,4,No,No,61,Average
2811,Male,20,5,63,72,0,No,Yes,51,Average
2812,Male,22,6,63,71,6,No,No,65,Good
2813,Male,19,8,85,78,4,Yes,Yes,71,Good
2814,Female,22,1,89,43,0,No,Yes,43,Poor
2815,Female,19,10,60,46,0,No,Yes,55,Average
2816,Male,21,6,54,57,6,Yes,No,50,Average
2817,Male,18,3,66,69,3,Yes,Yes,61,Average
2818,Male,16,2,55,86,3,No,No,50,Average
2819,Female,21,10,80,44,2,Yes,Yes,71,Good
2820,Male,16,1,81,67,7,No,Yes,46,Poor
2821,Female,21,2,99,96,4,No,No,66,Good
2822,Female,16,5,62,55,7,Yes,Yes,63,Average
2823,Female,22,4,95,94,0,No,No,61,Average
2824,Female,19,8,84,50,5,No,Yes,67,Good
2825,Male,19,3,87,65,5,No,No,59,Average
2826,Female,22,8,93,74,6,No,No,70,Good
2827,Female,17,6,72,81,7,No,Yes,61,Average
2828,Female,20,3,88,61,8,Yes,Yes,61,Average
2829,Female,16,7,57,72,8,Yes,Yes,59,Average
2830,Female,20,3,97,54,10,No,No,58,Average
2831,Female,21,6,85,99,6,No,Yes,79,Good
2832,Male,21,2,64,80,10,No,Yes,56,Average
2833,Female,22,9,56,71,2,Yes,No,65,Good
2834,Male,18,4,84,80,1,Yes,Yes,55,Average
2835,Female,18,2,63,51,10,Yes,Yes,52,Average
2836,Female,16,7,72,82,6,Yes,No,75,Good
2837,Male,18,4,69,67,9,No,Yes,67,Good
2838,Female,19,6,72,41,4,No,No,48,Poor
2839,Male,21,10,89,96,5,No,Yes,90,Excellent
2840,Male,19,2,80,56,8,Yes,Yes,56,Average
2841,Female,19,7,97,61,3,No,Yes,70,Good
2842,Male,20,8,63,79,6,Yes,Yes,68,Good
2843,Male,20,8,54,72,2,No,No,64,Average
2844,Female,18,10,57,84,8,No,Yes,81,Excellent
2845,Male,22,3,52,58,9,No,No,44,Poor
2846,Male,22,2,62,70,7,Yes,Yes,59,Average
2847,Male,22,7,52,59,2,Yes,No,63,Average
2848,Male,21,8,94,100,1,Yes,Yes,78,Good
2849,Male,21,10,86,41,7,No,No,75,Good
2850,Male,21,9,94,63,10,Yes,No,90,Excellent
2851,Female,18,7,85,84,6,Yes,Yes,71,Good
2852,Male,21,6,80,65,8,Yes,Yes,64,Average
2853,Female,17,2,86,51,10,Yes,No,62,Average
2854,Male,19,2,100,82,2,No,Yes,55,Average
2855,Male,17,3,69,48,6,Yes,No,45,Poor
2856,Female,16,9,92,57,9,Yes,No,75,Good
2857,Male,17,8,63,52,10,No,No,72,Good
2858,Male,16,3,74,75,10,Yes,Yes,61,Average
2859,Female,22,2,80,72,1,Yes,Yes,60,Average
2860,Male,17,5,76,43,6,Yes,No,61,Average
2861,Female,17,6,75,68,9,Yes,Yes,77,Good
2862,Female,21,3,65,78,8,No,No,52,Average
2863,Female,20,1,76,44,8,Yes,Yes,42,Poor
2864,Female,18,7,67,69,10,No,No,70,Good
2865,Male,22,8,82,71,6,Yes,No,77,Good
2866,Female,21,8,71,74,8,Yes,No,74,Good
2867,Male,22,5,88,72,3,No,No,62,Average
2868,Female,18,5,62,92,5,No,No,64,Average
2869,Female,21,4,99,79,2,No,Yes,68,Good
2870,Male,17,8,87,73,2,Yes,No,72,Good
2871,Female,20,6,61,96,10,No,No,71,Good
2872,Male,19,5,86,69,8,No,Yes,67,Good
2873,Male,18,2,74,92,8,No,Yes,57,Average
2874,Female,22,5,81,69,8,No,No,64,Average
2875,Female,16,7,90,71,9,Yes,No,83,Excellent
2876,Male,18,2,58,51,1,No,Yes,32,Poor
2877,Male,18,2,85,74,4,Yes,Yes,65,Good
2878,Female,16,10,53,40,1,No,No,55,Average
2879,Male,17,4,64,79,9,No,No,61,Average
2880,Male,16,9,87,60,3,Yes,No,71,Good
2881,Male,17,2,86,87,9,No,No,61,Average
2882,Female,17,7,64,55,7,Yes,Yes,62,Average
2883,Male,16,1,65,82,4,No,No,57,Average
2884,Female,17,2,55,66,7,No,Yes,52,Average
2885,Female,16,9,98,57,3,No,No,80,Excellent
2886,Female,18,1,81,72,9,No,No,55,Average
2887,Male,17,2,88,93,10,No,Yes,73,Good
2888,Female,17,6,72,65,4,Yes,No,62,Average
2889,Male,20,8,51,83,9,Yes,Yes,78,Good
2890,Female,19,10,72,63,6,Yes,No,80,Excellent
2891,Female,19,2,77,56,5,Yes,No,56,Average
2892,Female,19,3,60,54,9,Yes,Yes,58,Average
2893,Male,16,4,55,85,2,Yes,Yes,57,Average
2894,Male,20,5,78,49,4,Yes,No,58,Average
2895,Male,17,7,69,50,8,Yes,Yes,58,Average
2896,Male,20,3,68,75,7,No,Yes,56,Average
2897,Male,22,4,88,85,1,Yes,Yes,66,Good
2898,Male,20,2,99,69,8,No,Yes,59,Average
2899,Male,17,1,70,94,2,No,Yes,62,Average
2900,Female,19,3,60,43,7,Yes,Yes,47,Poor
2901,Male,20,5,79,55,7,Yes,Yes,62,Average
2902,Female,21,10,98,42,1,No,Yes,60,Average
2903,Female,19,9,81,83,6,No,No,86,Excellent
2904,Female,22,10,86,85,6,No,No,79,Good
2905,Female,17,1,63,44,9,No,No,39,Poor
2906,Male,19,7,69,63,0,No,No,55,Average
2907,Female,17,7,99,80,2,No,Yes,74,Good
2908,Female,17,3,51,97,3,No,No,62,Average
2909,Male,19,8,73,96,3,No,Yes,79,Good
2910,Female,17,3,90,99,1,No,No,58,Average
2911,Female,19,7,91,95,6,Yes,No,85,Excellent
2912,Male,16,8,54,62,5,Yes,No,71,Good
2913,Male,16,2,59,87,8,No,Yes,49,Poor
2914,Female,21,9,73,41,7,No,No,70,Good
2915,Female,20,6,68,63,0,Yes,No,64,Average
2916,Female,22,9,52,82,8,Yes,Yes,78,Good
2917,Male,21,8,96,86,10,No,Yes,81,Excellent
2918,Female,16,10,74,57,6,Yes,Yes,66,Good
2919,Female,16,3,62,66,9,Yes,No,54,Average
2920,Male,20,10,66,98,3,Yes,Yes,77,Good
2921,Male,18,8,100,44,3,No,Yes,73,Good
2922,Female,16,8,71,79,5,No,No,72,Good
2923,Male,20,3,92,83,9,No,Yes,68,Good
2924,Male,19,8,67,61,8,No,No,70,Good
2925,Female,20,5,66,46,2,Yes,Yes,50,Average
2926,Female,17,2,94,74,8,No,No,67,Good
2927,Female,20,6,69,45,3,Yes,No,49,Poor
2928,Male,16,7,75,92,6,Yes,No,84,Excellent
2929,Male,18,6,57,59,3,No,No,57,Average
2930,Female,19,7,65,58,3,Yes,No,57,Average
2931,Female,20,7,55,46,1,Yes,Yes,48,Poor
2932,Female,19,2,100,91,10,Yes,Yes,67,Good
2933,Male,17,1,58,58,5,No,Yes,35,Poor
2934,Male,18,6,56,42,9,Yes,Yes,48,Poor
2935,Male,22,3,75,92,7,Yes,No,69,Good
2936,Male,22,10,68,48,1,No,No,58,Average
2937,Male,19,10,64,84,4,Yes,No,78,Good
2938,Female,21,8,78,62,8,No,No,74,Good
2939,Female,22,4,100,94,4,No,Yes,71,Good
2940,Female,17,3,52,45,0,Yes,Yes,35,Poor
2941,Female,17,3,96,44,4,No,No,52,Average
2942,Male,19,7,57,99,10,No,Yes,81,Excellent
2943,Female,18,3,75,52,5,Yes,Yes,47,Poor
2944,Male,19,3,81,69,10,No,No,68,Good
2945,Male,22,6,97,85,6,No,Yes,68,Good
2946,Male,18,7,55,71,5,Yes,Yes,59,Average
2947,Male,20,10,81,57,3,Yes,No,65,Good
2948,Male,21,6,95,61,9,No,No,63,Average
2949,Female,19,9,62,53,2,No,No,67,Good
2950,Female,20,10,89,99,9,Yes,No,86,Excellent
2951,Female,21,10,85,58,8,No,Yes,77,Good
2952,Male,16,7,87,80,1,No,No,75,Good
2953,Female,18,10,64,68,4,No,Yes,68,Good
2954,Male,19,5,50,73,3,Yes,Yes,61,Average
2955,Female,19,1,77,43,1,No,No,32,Poor
2956,Male,22,10,92,43,7,Yes,No,70,Good
2957,Male,19,9,96,61,2,Yes,Yes,80,Excellent
2958,Female,18,4,80,41,1,Yes,No,47,Poor
2959,Male,21,5,76,50,6,Yes,Yes,62,Average
2960,Male,22,5,69,74,8,Yes,Yes,62,Average
2961,Female,22,1,65,44,4,Yes,Yes,48,Poor
2962,Female,16,9,99,93,8,No,Yes,95,Excellent
2963,Male,22,2,72,90,1,No,Yes,59,Average
2964,Male,20,5,96,41,9,Yes,Yes,63,Average
2965,Male,18,3,83,92,8,Yes,No,74,Good
2966,Male,18,7,100,88,6,Yes,No,81,Excellent
2967,Female,17,10,90,70,9,Yes,Yes,92,Excellent
2968,Male,19,6,91,63,3,Yes,Yes,73,Good
2969,Male,16,10,72,41,10,No,No,74,Good
2970,Female,18,8,55,48,1,Yes,Yes,62,Average
2971,Male,20,9,96,88,5,Yes,Yes,88,Excellent
2972,Male,18,9,77,58,0,Yes,Yes,67,Good
2973,Female,21,5,74,49,4,No,No,47,Poor
2974,Female,16,8,69,87,4,No,Yes,63,Average
2975,Male,18,3,95,45,2,Yes,No,50,Average
2976,Male,18,6,70,96,1,Yes,Yes,63,Average
2977,Male,16,5,69,93,8,Yes,No,73,Good
2978,Male,19,1,69,98,6,Yes,No,62,Average
2979,Male,17,2,56,100,9,Yes,Yes,71,Good
2980,Male,19,6,75,74,1,No,Yes,60,Average
2981,Male,18,3,61,81,9,Yes,Yes,69,Good
2982,Female,21,3,60,87,10,Yes,No,57,Average
2983,Female,20,4,81,75,3,Yes,No,61,Average
2984,Female,17,9,68,62,2,No,No,64,Average
2985,Male,17,10,57,85,6,No,No,66,Good
2986,Male,19,10,62,87,4,Yes,Yes,72,Good
2987,Male,17,1,64,55,0,Yes,No,37,Poor
2988,Female,18,2,86,40,10,Yes,Yes,48,Poor
2989,Female,16,6,63,68,2,Yes,Yes,62,Average
2990,Male,19,7,92,73,10,No,No,75,Good
2991,Female,17,7,72,52,10,Yes,No,75,Good
2992,Male,19,1,66,40,6,No,Yes,33,Poor
2993,Male,21,8,83,58,3,No,Yes,66,Good
2994,Female,18,5,61,67,0,No,Yes,57,Average
2995,Male,18,4,78,52,4,No,No,53,Average
2996,Female,19,4,78,97,2,Yes,Yes,74,Good
2997,Female,17,9,82,81,2,Yes,No,79,Good
2998,Male,21,2,67,95,10,No,No,56,Average
2999,Male,20,2,65,97,4,No,Yes,66,Good
3000,Female,21,8,83,40,2,Yes,No,67,Good
3001,Female,16,8,62,51,1,No,No,55,Average
3002,Female,20,4,90,65,10,No,Yes,70,Good
3003,Male,20,4,65,60,0,No,No,54,Average
3004,Male,20,6,81,54,6,Yes,Yes,60,Average
3005,Female,17,7,52,53,7,No,Yes,51,Average
3006,Male,21,3,64,87,3,Yes,No,54,Average
3007,Male,18,1,87,66,1,No,No,47,Poor
3008,Female,18,4,89,47,1,No,Yes,45,Poor
3009,Female,21,5,84,50,10,Yes,No,64,Average
3010,Female,18,2,55,72,9,Yes,No,47,Poor
3011,Male,21,6,72,88,7,Yes,Yes,68,Good
3012,Male,21,5,62,51,2,Yes,Yes,48,Poor
3013,Male,22,4,62,48,4,No,Yes,53,Average
3014,Male,20,3,52,47,3,No,No,45,Poor
3015,Male,21,2,60,70,6,Yes,Yes,56,Average
3016,Male,20,3,93,93,6,Yes,Yes,69,Good
3017,Female,16,3,76,46,6,Yes,Yes,53,Average
3018,Male,19,3,88,74,10,Yes,No,74,Good
3019,Female,20,8,67,60,4,Yes,Yes,63,Average
3020,Male,18,7,99,74,7,Yes,Yes,75,Good
3021,Male,17,9,57,75,7,No,Yes,62,Average
3022,Female,20,4,58,55,0,Yes,Yes,41,Poor
3023,Male,20,9,55,56,4,No,Yes,57,Average
3024,Male,19,8,63,48,3,Yes,Yes,65,Good
3025,Female,19,9,55,87,5,No,Yes,70,Good
3026,Female,16,1,98,40,0,Yes,Yes,41,Poor
3027,Female,17,10,55,45,3,No,Yes,64,Average
3028,Male,16,10,51,86,2,No,No,72,Good
3029,Male,22,9,91,58,4,No,Yes,65,Good
3030,Male,20,10,84,70,4,No,Yes,71,Good
3031,Male,22,5,82,79,0,No,No,68,Good
3032,Male,20,7,79,41,0,Yes,Yes,56,Average
3033,Male,19,6,90,61,1,No,No,69,Good
3034,Male,19,7,86,47,3,No,Yes,60,Average
3035,Male,18,6,92,43,5,No,Yes,64,Average
3036,Female,20,1,90,70,0,No,Yes,50,Average
3037,Male,20,10,85,69,9,No,Yes,88,Excellent
3038,Male,17,2,53,57,0,Yes,No,41,Poor
3039,Female,20,9,97,40,4,No,Yes,75,Good
3040,Male,17,9,62,64,3,Yes,No,66,Good
3041,Female,17,2,59,84,6,No,Yes,62,Average
3042,Female,19,5,60,41,3,No,Yes,49,Poor
3043,Female,17,2,69,89,4,Yes,No,52,Average
3044,Female,18,7,60,62,5,No,Yes,56,Average
3045,Male,22,4,96,83,5,No,Yes,70,Good
3046,Female,22,1,92,45,7,No,No,56,Average
3047,Female,22,5,82,76,8,Yes,Yes,66,Good
3048,Male,17,9,94,72,8,Yes,No,85,Excellent
3049,Male,19,10,94,43,10,No,Yes,77,Good
3050,Female,22,5,65,53,3,Yes,No,52,Average
3051,Male,20,6,95,47,6,Yes,Yes,62,Average
3052,Male,16,10,79,73,7,Yes,Yes,79,Good
3053,Female,20,2,90,83,3,No,Yes,56,Average
3054,Female,21,6,64,42,6,Yes,Yes,50,Average
3055,Male,22,6,74,46,7,No,Yes,50,Average
3056,Male,17,1,51,77,1,No,No,37,Poor
3057,Female,22,10,83,99,0,Yes,No,85,Excellent
3058,Male,21,8,66,86,4,Yes,No,65,Good
3059,Female,19,6,89,90,5,Yes,Yes,71,Good
3060,Male,20,2,57,95,8,No,Yes,60,Average
3061,Male,17,7,83,70,5,Yes,Yes,76,Good
3062,Female,17,3,63,78,9,Yes,Yes,61,Average
3063,Female,18,6,71,66,1,Yes,No,53,Average
3064,Male,17,9,84,66,0,No,Yes,70,Good
3065,Female,19,7,77,67,0,Yes,Yes,60,Average
3066,Female,22,1,52,100,3,Yes,Yes,57,Average
3067,Male,19,10,55,92,0,No,Yes,75,Good
3068,Female,18,4,56,100,2,Yes,No,64,Average
3069,Female,16,7,82,75,2,No,Yes,74,Good
3070,Male,19,9,91,97,2,Yes,No,85,Excellent
3071,Female,16,4,69,97,8,Yes,No,69,Good
3072,Male,18,4,80,95,10,Yes,No,68,Good
3073,Female,17,6,89,86,1,Yes,Yes,74,Good
3074,Female,21,1,88,92,0,No,Yes,58,Average
3075,Female,20,3,51,85,7,No,Yes,59,Average
3076,Female,22,10,86,91,6,No,No,78,Good
3077,Female,17,9,100,63,9,No,Yes,76,Good
3078,Male,20,2,68,41,8,No,Yes,43,Poor
3079,Female,16,3,99,91,3,No,Yes,72,Good
3080,Female,20,9,53,66,9,Yes,No,66,Good
3081,Male,21,2,79,88,6,Yes,No,61,Average
3082,Male,18,9,96,54,8,Yes,No,82,Excellent
3083,Female,20,3,92,97,8,Yes,No,67,Good
3084,Male,19,2,59,97,9,No,No,53,Average
3085,Male,19,10,98,62,8,Yes,No,84,Excellent
3086,Male,22,9,74,76,6,No,No,68,Good
3087,Female,16,9,80,91,6,Yes,Yes,81,Excellent
3088,Male,20,6,98,47,4,Yes,No,70,Good
3089,Male,17,10,100,89,4,No,Yes,78,Good
3090,Male,19,4,50,40,10,No,No,51,Average
3091,Male,16,2,98,64,8,Yes,Yes,59,Average
3092,Male,22,10,71,92,0,Yes,Yes,81,Excellent
3093,Female,20,5,55,58,10,Yes,No,52,Average
3094,Male,19,3,90,73,3,No,No,55,Average
3095,Female,21,6,64,80,4,No,Yes,69,Good
3096,Female,19,10,68,65,2,Yes,No,66,Good
3097,Male,22,7,92,48,9,Yes,No,64,Average
3098,Male,21,8,96,80,7,No,Yes,77,Good
3099,Male,22,5,51,65,8,No,Yes,53,Average
3100,Male,17,8,64,45,2,No,No,52,Average
3101,Male,18,7,56,69,8,Yes,No,58,Average
3102,Male,22,3,93,46,1,Yes,Yes,57,Average
3103,Female,17,7,65,92,8,No,Yes,79,Good
3104,Male,20,10,72,64,1,Yes,Yes,76,Good
3105,Male,21,9,68,59,4,Yes,Yes,70,Good
3106,Female,17,7,68,72,0,Yes,No,62,Average
3107,Female,16,4,78,53,10,No,Yes,63,Average
3108,Male,20,2,59,97,7,No,Yes,56,Average
3109,Female,16,3,90,45,7,Yes,Yes,56,Average
3110,Male,20,7,60,76,8,No,No,72,Good
3111,Male,22,7,64,95,8,Yes,Yes,84,Excellent
3112,Female,20,6,76,41,5,Yes,No,50,Average
3113,Female,22,10,84,86,10,No,No,81,Excellent
3114,Male,19,1,75,95,7,Yes,No,72,Good
3115,Male,22,1,73,88,0,No,Yes,45,Poor
3116,Female,17,4,90,62,5,Yes,Yes,68,Good
3117,Male,16,6,84,68,1,No,No,58,Average
3118,Male,20,3,54,76,2,No,No,54,Average
3119,Female,20,10,84,89,10,No,Yes,92,Excellent
3120,Male,22,9,51,100,2,Yes,Yes,75,Good
3121,Female,20,4,92,93,8,No,No,82,Excellent
3122,Female,21,3,69,96,9,No,Yes,60,Average
3123,Male,18,8,90,74,8,No,Yes,83,Excellent
3124,Female,18,3,65,97,8,No,No,68,Good
3125,Female,17,9,99,82,2,Yes,No,82,Excellent
3126,Female,22,2,89,44,10,No,No,62,Average
3127,Female,20,3,89,76,6,No,Yes,59,Average
3128,Male,20,10,62,71,0,No,Yes,69,Good
3129,Female,21,4,73,43,4,Yes,No,56,Average
3130,Male,21,10,71,83,7,Yes,Yes,76,Good
3131,Male,18,9,61,89,5,No,No,72,Good
3132,Female,20,7,79,77,6,Yes,Yes,76,Good
3133,Male,17,4,90,100,2,No,No,68,Good
3134,Female,20,10,56,61,6,Yes,No,63,Average
3135,Male,17,9,98,61,7,Yes,No,84,Excellent
3136,Female,20,3,75,100,9,Yes,Yes,74,Good
3137,Male,16,4,82,46,8,No,No,59,Average
3138,Female,21,8,83,56,6,No,Yes,70,Good
3139,Male,22,5,66,54,0,Yes,No,46,Poor
3140,Female,22,2,80,78,7,Yes,Yes,60,Average
3141,Female,20,4,67,90,0,Yes,No,58,Average
3142,Male,18,2,70,58,7,Yes,No,55,Average
3143,Male,16,4,96,51,5,Yes,No,69,Good
3144,Male,17,7,78,94,5,Yes,Yes,77,Good
3145,Female,21,2,68,100,1,Yes,No,56,Average
3146,Female,19,10,83,100,1,No,Yes,77,Good
3147,Male,16,5,73,48,3,No,No,49,Poor
3148,Female,18,9,99,67,6,Yes,No,89,Excellent
3149,Female,22,8,84,68,4,No,Yes,66,Good
3150,Female,21,6,82,61,10,No,No,73,Good
3151,Male,22,6,100,85,9,No,Yes,88,Excellent
3152,Male,18,10,57,45,6,No,Yes,58,Average
3153,Male,16,1,59,91,4,No,Yes,50,Average
3154,Male,17,3,91,96,1,No,No,59,Average
3155,Male,16,6,71,70,0,Yes,No,57,Average
3156,Male,18,5,68,94,8,No,No,76,Good
3157,Male,19,4,77,68,10,No,No,68,Good
3158,Male,21,1,58,63,8,Yes,No,51,Average
3159,Male,16,9,63,91,2,Yes,Yes,72,Good
3160,Male,17,4,88,49,10,Yes,No,58,Average
3161,Male,19,1,55,73,3,No,No,51,Average
3162,Male,17,9,79,62,0,Yes,No,72,Good
3163,Female,21,8,61,90,2,No,No,73,Good
3164,Male,18,6,85,80,4,No,Yes,72,Good
3165,Male,22,10,52,60,2,Yes,No,68,Good
3166,Female,21,2,75,43,8,Yes,No,46,Poor
3167,Male,17,2,79,83,3,Yes,No,58,Average
3168,Male,22,1,70,51,2,Yes,Yes,49,Poor
3169,Male,16,7,70,82,9,Yes,No,74,Good
3170,Female,17,3,70,81,5,Yes,Yes,63,Average
3171,Male,18,7,57,71,10,No,No,65,Good
3172,Female,22,7,68,55,0,No,No,54,Average
3173,Male,20,2,61,97,7,No,Yes,56,Average
3174,Female,19,2,60,43,5,Yes,No,52,Average
3175,Male,21,2,63,71,5,Yes,Yes,49,Poor
3176,Male,16,2,58,90,5,No,Yes,52,Average
3177,Female,16,1,66,88,8,No,No,65,Good
3178,Female,18,4,94,87,5,No,Yes,68,Good
3179,Male,16,1,62,41,4,No,Yes,41,Poor
3180,Female,22,10,100,76,5,Yes,No,80,Excellent
3181,Male,22,3,63,95,9,Yes,Yes,63,Average
3182,Male,22,10,97,62,10,Yes,Yes,87,Excellent
3183,Male,19,5,91,95,8,Yes,Yes,77,Good
3184,Male,20,7,80,45,3,No,Yes,53,Average
3185,Male,19,1,90,49,2,Yes,Yes,46,Poor
3186,Male,22,8,76,69,10,Yes,Yes,72,Good
3187,Male,16,2,74,65,1,Yes,Yes,44,Poor
3188,Male,20,1,78,48,5,No,Yes,43,Poor
3189,Male,16,5,86,52,6,No,No,58,Average
3190,Female,21,3,79,81,10,No,Yes,62,Average
3191,Male,17,2,55,58,0,No,Yes,41,Poor
3192,Male,20,6,58,49,9,No,No,52,Average
3193,Male,22,10,62,84,5,No,No,68,Good
3194,Male,22,4,95,82,9,No,Yes,79,Good
3195,Female,22,2,64,69,1,Yes,No,47,Poor
3196,Male,18,9,70,74,5,No,No,67,Good
3197,Female,22,1,66,100,1,Yes,Yes,52,Average
3198,Female,16,7,57,63,9,Yes,No,64,Average
3199,Female,18,1,60,78,9,Yes,No,50,Average
3200,Male,19,10,51,66,3,Yes,Yes,67,Good
3201,Male,18,6,66,100,2,Yes,Yes,71,Good
3202,Female,17,1,57,41,9,No,No,48,Poor
3203,Female,18,7,100,59,9,Yes,No,83,Excellent
3204,Male,18,5,77,93,2,Yes,No,76,Good
3205,Male,17,5,79,67,0,Yes,Yes,52,Average
3206,Male,22,9,57,42,3,Yes,No,57,Average
3207,Male,19,7,67,88,1,No,Yes,70,Good
3208,Male,20,1,83,46,10,No,No,46,Poor
3209,Male,20,1,96,46,5,Yes,No,47,Poor
3210,Male,20,1,76,68,1,Yes,Yes,56,Average
3211,Female,18,2,53,92,4,No,No,59,Average
3212,Male,17,7,61,47,3,Yes,Yes,61,Average
3213,Female,18,9,83,83,5,No,No,82,Excellent
3214,Male,19,1,63,47,8,Yes,No,44,Poor
3215,Female,20,7,60,92,7,No,No,74,Good
3216,Female,22,3,55,62,9,Yes,Yes,51,Average
3217,Female,16,1,53,57,6,No,No,36,Poor
3218,Female,18,10,51,88,1,Yes,Yes,77,Good
3219,Male,21,8,57,98,4,Yes,Yes,74,Good
3220,Male,20,9,54,92,9,No,Yes,77,Good
3221,Male,21,2,70,90,2,Yes,No,66,Good
3222,Female,22,10,69,81,9,No,No,87,Excellent
3223,Female,21,4,91,44,3,No,No,48,Poor
3224,Male,19,10,85,87,4,Yes,No,88,Excellent
3225,Male,17,4,81,58,0,No,No,52,Average
3226,Female,17,3,98,60,6,Yes,Yes,72,Good
3227,Male,20,10,57,79,7,Yes,Yes,76,Good
3228,Male,19,3,51,53,7,Yes,No,46,Poor
3229,Male,16,7,53,93,2,Yes,No,61,Average
3230,Male,17,6,93,84,9,No,Yes,72,Good
3231,Female,19,1,96,93,8,No,Yes,61,Average
3232,Male,18,5,84,48,2,Yes,No,60,Average
3233,Male,20,8,82,63,7,Yes,Yes,66,Good
3234,Male,18,9,52,66,7,No,No,59,Average
3235,Male,22,4,74,76,1,No,No,50,Average
3236,Male,17,9,81,83,9,No,Yes,86,Excellent
3237,Male,19,7,87,100,10,No,Yes,84,Excellent
3238,Male,20,6,64,85,1,No,Yes,66,Good
3239,Female,18,7,52,71,8,Yes,Yes,72,Good
3240,Female,21,9,85,54,5,No,No,64,Average
3241,Female,20,7,61,58,10,Yes,No,67,Good
3242,Female,19,9,65,86,4,No,Yes,72,Good
3243,Male,20,5,59,44,7,Yes,Yes,55,Average
3244,Male,19,3,60,99,5,Yes,No,63,Average
3245,Male,16,9,86,90,3,No,No,86,Excellent
3246,Female,20,1,77,48,4,No,No,40,Poor
3247,Male,20,10,54,67,0,Yes,Yes,65,Good
3248,Female,17,2,87,97,3,No,Yes,61,Average
3249,Male,16,4,63,70,6,Yes,No,56,Average
3250,Male,16,5,70,75,8,Yes,No,69,Good
3251,Male,17,6,67,88,4,No,Yes,66,Good
3252,Female,20,2,77,60,10,Yes,Yes,60,Average
3253,Male,16,10,76,65,1,No,No,62,Average
3254,Female,21,5,88,74,9,Yes,Yes,77,Good
3255,Female,22,9,59,46,4,Yes,No,61,Average
3256,Female,20,2,100,54,5,Yes,No,63,Average
3257,Female,20,7,89,82,8,Yes,No,86,Excellent
3258,Female,20,7,86,59,1,No,No,62,Average
3259,Female,22,1,57,47,9,Yes,Yes,39,Poor
3260,Male,18,4,94,99,6,Yes,No,72,Good
3261,Female,19,2,77,83,0,Yes,No,54,Average
3262,Female,18,4,76,85,10,Yes,Yes,79,Good
3263,Male,18,6,88,43,6,No,Yes,53,Average
3264,Male,20,10,69,91,2,No,No,72,Good
3265,Female,18,7,74,83,4,No,No,76,Good
3266,Female,16,6,100,67,4,Yes,Yes,73,Good
3267,Female,19,6,81,88,7,No,Yes,79,Good
3268,Male,22,6,64,52,8,Yes,No,57,Average
3269,Female,22,6,66,91,6,No,Yes,65,Good
3270,Male,18,5,53,46,6,No,No,47,Poor
3271,Female,16,7,60,94,2,Yes,Yes,65,Good
3272,Male,17,8,77,96,7,No,No,83,Excellent
3273,Male,22,6,89,44,6,Yes,Yes,58,Average
3274,Male,18,2,55,63,8,No,No,41,Poor
3275,Male,22,9,50,46,7,No,No,65,Good
3276,Female,17,2,61,76,9,No,No,47,Poor
3277,Male,19,3,95,66,4,Yes,No,57,Average
3278,Female,21,2,60,43,3,No,Yes,46,Poor
3279,Female,17,7,72,84,9,No,Yes,79,Good
3280,Male,22,3,73,56,8,Yes,No,53,Average
3281,Female,21,9,94,88,3,No,No,83,Excellent
3282,Female,16,1,93,100,6,No,No,69,Good
3283,Male,21,8,71,87,2,Yes,Yes,67,Good
3284,Female,17,3,95,68,4,No,Yes,66,Good
3285,Male,22,7,98,53,3,No,Yes,73,Good
3286,Female,16,4,85,74,6,Yes,Yes,74,Good
3287,Male,21,1,91,74,0,Yes,No,54,Average
3288,Female,18,6,95,80,3,Yes,No,72,Good
3289,Male,21,9,82,93,2,No,Yes,79,Good
3290,Female,18,1,52,94,10,Yes,Yes,63,Average
3291,Female,19,9,68,72,1,No,No,62,Average
3292,Male,18,5,92,63,4,No,No,56,Average
3293,Male,22,9,73,84,1,No,Yes,77,Good
3294,Female,16,6,65,81,9,Yes,Yes,77,Good
3295,Female,22,9,97,64,9,No,Yes,73,Good
3296,Female,18,8,87,84,2,No,Yes,73,Good
3297,Female,21,3,66,64,3,Yes,Yes,56,Average
3298,Male,17,5,58,97,3,Yes,No,62,Average
3299,Female,17,10,100,46,2,Yes,No,66,Good
3300,Male,22,3,86,53,2,Yes,Yes,51,Average
3301,Male,16,1,57,40,2,Yes,Yes,29,Poor
3302,Male,16,9,74,69,6,No,Yes,64,Average
3303,Male,20,10,92,95,8,No,No,84,Excellent
3304,Male,20,2,68,52,5,No,Yes,47,Poor
3305,Male,21,4,85,58,5,Yes,Yes,69,Good
3306,Female,22,8,67,66,8,Yes,Yes,73,Good
3307,Male,19,10,70,93,10,Yes,Yes,79,Good
3308,Female,21,1,79,93,6,Yes,Yes,66,Good
3309,Female,18,10,74,68,1,No,Yes,62,Average
3310,Female,19,7,77,57,1,Yes,Yes,66,Good
3311,Female,18,2,95,45,3,No,Yes,56,Average
3312,Male,16,7,89,92,9,No,No,74,Good
3313,Male,18,9,98,52,6,No,Yes,74,Good
3314,Female,19,9,96,76,9,No,Yes,87,Excellent
3315,Female,22,1,83,54,8,No,Yes,59,Average
3316,Female,22,10,54,63,0,No,No,57,Average
3317,Male,19,2,86,69,6,Yes,Yes,56,Average
3318,Male,16,3,77,96,5,No,Yes,68,Good
3319,Female,18,2,85,94,0,No,Yes,53,Average
3320,Female,18,6,82,60,1,No,No,65,Good
3321,Male,21,2,92,87,2,No,No,65,Good
3322,Female,22,2,56,74,10,Yes,No,51,Average
3323,Male,17,7,67,51,2,Yes,No,60,Average
3324,Male,19,1,95,96,4,No,No,60,Average
3325,Female,22,9,72,83,4,No,No,66,Good
3326,Female,19,9,58,40,9,Yes,Yes,67,Good
3327,Male,22,1,95,76,0,Yes,Yes,61,Average
3328,Male,21,6,76,57,0,No,Yes,53,Average
3329,Male,18,8,61,72,2,No,No,54,Average
3330,Female,16,8,83,81,8,Yes,Yes,80,Excellent
3331,Female,17,2,58,66,1,No,No,35,Poor
3332,Female,16,1,100,62,8,Yes,Yes,57,Average
3333,Male,16,10,61,94,7,Yes,Yes,84,Excellent
3334,Male,19,2,97,96,0,No,Yes,69,Good
3335,Female,22,10,58,52,0,Yes,No,55,Average
3336,Female,20,6,93,40,0,No,No,49,Poor
3337,Male,20,6,94,58,3,Yes,No,72,Good
3338,Male,22,7,72,48,9,No,No,70,Good
3339,Female,19,2,89,90,8,Yes,No,68,Good
3340,Male,22,9,55,53,1,Yes,No,61,Average
3341,Male,17,6,99,75,10,No,Yes,74,Good
3342,Male,19,5,63,96,5,No,No,73,Good
3343,Male,18,3,76,73,0,No,No,57,Average
3344,Male,21,7,78,52,9,Yes,No,70,Good
3345,Male,20,5,61,60,3,No,No,56,Average
3346,Male,20,1,71,61,0,No,No,42,Poor
3347,Female,19,6,78,79,5,No,Yes,70,Good
3348,Male,17,4,86,51,0,Yes,No,56,Average
3349,Male,16,8,90,84,4,Yes,Yes,78,Good
3350,Male,16,2,79,89,8,No,Yes,55,Average
3351,Male,18,5,95,100,7,No,Yes,75,Good
3352,Female,21,1,75,85,9,No,Yes,62,Average
3353,Female,21,2,93,51,0,Yes,Yes,48,Poor
3354,Male,18,10,72,95,0,Yes,Yes,83,Excellent
3355,Female,16,6,57,61,3,Yes,No,56,Average
3356,Male,21,10,71,42,7,No,Yes,73,Good
3357,Female,22,8,95,52,2,No,Yes,69,Good
3358,Female,21,1,64,82,1,Yes,Yes,54,Average
3359,Female,21,10,63,59,0,Yes,Yes,57,Average
3360,Female,18,3,52,96,3,No,Yes,63,Average
3361,Male,16,2,84,59,10,Yes,Yes,63,Average
3362,Male,20,6,72,88,3,No,No,62,Average
3363,Male,18,7,54,42,0,No,No,38,Poor
3364,Female,19,10,77,100,8,Yes,Yes,93,Excellent
3365,Male,19,5,52,89,3,No,No,54,Average
3366,Male,21,4,86,94,4,No,No,67,Good
3367,Male,16,7,81,69,6,Yes,No,74,Good
3368,Female,17,3,90,62,0,Yes,No,54,Average
3369,Female,18,5,58,97,6,Yes,No,63,Average
3370,Male,20,5,61,77,0,Yes,Yes,56,Average
3371,Male,18,6,56,44,0,Yes,Yes,53,Average
3372,Male,18,4,50,80,8,No,No,56,Average
3373,Male,17,2,55,64,6,No,Yes,43,Poor
3374,Male,18,6,79,61,9,No,No,63,Average
3375,Male,17,10,97,77,6,No,Yes,87,Excellent
3376,Female,17,4,76,82,2,Yes,Yes,68,Good
3377,Male,18,9,61,44,4,No,No,50,Average
3378,Male,16,8,57,45,5,Yes,Yes,51,Average
3379,Male,17,7,94,50,1,Yes,Yes,68,Good
3380,Male,20,10,81,86,0,No,Yes,80,Excellent
3381,Female,22,2,82,67,3,No,No,47,Poor
3382,Male,20,8,94,70,2,Yes,No,82,Excellent
3383,Male,21,1,98,89,5,Yes,No,65,Good
3384,Female,20,7,88,100,2,No,Yes,84,Excellent
3385,Male,18,5,53,82,1,Yes,Yes,64,Average
3386,Male,16,1,61,75,3,No,Yes,45,Poor
3387,Female,21,3,53,56,1,No,No,48,Poor
3388,Female,21,4,96,48,8,Yes,Yes,69,Good
3389,Male,20,10,95,52,0,Yes,Yes,68,Good
3390,Female,21,4,53,57,2,Yes,Yes,44,Poor
3391,Male,19,6,58,84,1,Yes,No,60,Average
3392,Female,22,3,82,45,6,No,Yes,57,Average
3393,Female,19,4,50,83,0,No,Yes,56,Average
3394,Male,19,6,75,97,9,Yes,Yes,75,Good
3395,Female,21,1,91,50,9,Yes,No,51,Average
3396,Female,18,7,88,42,2,Yes,Yes,54,Average
3397,Male,17,9,67,44,9,No,No,62,Average
3398,Male,20,2,62,100,1,No,No,47,Poor
3399,Male,18,7,85,96,5,No,No,83,Excellent
3400,Female,19,4,94,65,2,Yes,No,66,Good
3401,Female,16,5,87,58,4,No,Yes,66,Good
3402,Female,19,4,93,59,9,Yes,Yes,73,Good
3403,Male,16,5,91,78,6,Yes,No,70,Good
3404,Male,22,3,74,48,6,Yes,Yes,54,Average
3405,Female,18,4,100,66,10,Yes,No,75,Good
3406,Female,21,3,56,83,8,Yes,No,55,Average
3407,Male,17,4,96,59,1,No,No,56,Average
3408,Female,20,6,65,96,2,No,No,62,Average
3409,Male,21,1,73,74,3,Yes,Yes,53,Average
3410,Female,22,1,94,55,1,Yes,No,59,Average
3411,Female,19,1,73,86,4,No,No,58,Average
3412,Female,19,6,100,69,6,No,No,70,Good
3413,Female,17,7,73,76,7,No,No,73,Good
3414,Female,22,2,77,53,4,Yes,Yes,48,Poor
3415,Male,18,6,51,74,0,No,No,60,Average
3416,Female,22,6,61,88,6,Yes,No,72,Good
3417,Female,19,5,78,51,1,Yes,Yes,61,Average
3418,Female,17,4,73,89,9,Yes,No,68,Good
3419,Female,16,5,53,82,4,Yes,Yes,57,Average
3420,Female,22,2,69,89,5,No,Yes,50,Average
3421,Male,20,7,64,82,7,Yes,Yes,63,Average
3422,Male,20,2,81,100,8,No,Yes,63,Average
3423,Male,16,6,96,75,7,Yes,No,78,Good
3424,Female,17,6,92,57,2,No,No,62,Average
3425,Female,22,8,53,47,7,Yes,Yes,52,Average
3426,Female,22,6,97,92,2,Yes,No,83,Excellent
3427,Male,17,10,77,65,10,No,No,76,Good
3428,Female,19,1,57,57,0,Yes,No,36,Poor
3429,Male,20,2,51,99,5,No,Yes,48,Poor
3430,Female,17,8,93,51,2,Yes,No,65,Good
3431,Male,19,4,57,67,0,No,Yes,42,Poor
3432,Male,22,7,83,91,10,Yes,No,80,Excellent
3433,Female,17,2,62,64,9,No,No,48,Poor
3434,Male,17,1,88,81,2,No,Yes,58,Average
3435,Male,21,6,89,62,10,Yes,Yes,69,Good
3436,Female,17,8,64,84,9,Yes,Yes,68,Good
3437,Male,18,8,94,84,3,No,Yes,72,Good
3438,Male,19,7,55,72,5,Yes,No,68,Good
3439,Male,16,9,79,42,8,Yes,No,77,Good
3440,Male,22,9,60,93,3,No,Yes,66,Good
3441,Male,19,2,59,65,1,No,Yes,40,Poor
3442,Female,22,8,92,90,10,No,No,85,Excellent
3443,Male,19,4,70,68,4,Yes,Yes,56,Average
3444,Female,21,3,59,100,2,Yes,Yes,61,Average
3445,Female,17,6,85,82,9,Yes,Yes,74,Good
3446,Male,19,1,74,51,9,No,Yes,52,Average
3447,Male,19,4,90,90,7,Yes,Yes,69,Good
3448,Male,18,7,93,90,7,No,Yes,78,Good
3449,Male,19,6,64,94,8,No,Yes,72,Good
3450,Female,16,2,64,89,6,Yes,No,53,Average
3451,Female,21,7,64,76,7,No,No,60,Average
3452,Male,21,5,100,70,0,No,No,64,Average
3453,Female,22,3,90,82,1,No,Yes,65,Good
3454,Female,16,2,86,89,10,No,No,72,Good
3455,Female,16,10,92,45,9,No,Yes,77,Good
3456,Male,20,8,72,91,2,Yes,No,66,Good
3457,Male,16,5,60,67,2,Yes,Yes,63,Average
3458,Female,17,2,59,59,1,Yes,Yes,49,Poor
3459,Female,19,9,86,81,7,No,Yes,88,Excellent
3460,Male,17,2,60,67,7,No,Yes,44,Poor
3461,Female,17,8,91,64,10,Yes,No,82,Excellent
3462,Male,21,9,76,62,3,Yes,No,68,Good
3463,Male,20,2,90,89,6,No,No,63,Average
3464,Male,20,10,90,61,2,Yes,Yes,71,Good
3465,Female,17,2,87,44,5,Yes,No,59,Average
3466,Male,18,5,86,80,7,No,No,61,Average
3467,Female,16,3,76,75,7,No,No,61,Average
3468,Female,19,7,69,76,7,No,No,62,Average
3469,Female,22,4,74,96,5,No,Yes,66,Good
3470,Male,16,1,76,55,5,No,Yes,54,Average
3471,Female,16,10,97,64,4,No,Yes,83,Excellent
3472,Male,16,2,90,76,10,No,Yes,69,Good
3473,Female,18,4,53,84,5,No,Yes,53,Average
3474,Female,18,2,60,73,2,No,No,45,Poor
3475,Female,18,4,55,94,5,No,No,64,Average
3476,Female,18,7,92,67,3,No,No,68,Good
3477,Female,21,4,69,85,4,Yes,No,58,Average
3478,Female,20,10,87,55,9,Yes,No,80,Excellent
3479,Male,18,4,86,96,4,No,No,61,Average
3480,Male,17,4,53,77,5,No,Yes,61,Average
3481,Male,20,9,91,89,8,No,Yes,84,Excellent
3482,Male,16,1,98,76,7,Yes,Yes,62,Average
3483,Female,22,8,98,42,7,No,No,77,Good
3484,Male,17,5,90,85,6,No,No,78,Good
3485,Female,22,3,52,55,0,Yes,No,43,Poor
3486,Male,22,5,74,99,1,Yes,Yes,61,Average
3487,Female,17,6,56,48,1,Yes,No,52,Average
3488,Female,22,6,83,85,9,No,Yes,76,Good
3489,Female,21,8,50,75,6,Yes,Yes,60,Average
3490,Female,21,6,85,59,3,No,No,65,Good
3491,Female,17,2,54,54,8,No,Yes,43,Poor
3492,Male,17,4,76,50,10,Yes,Yes,60,Average
3493,Male,18,8,68,51,4,No,Yes,55,Average
3494,Male,18,4,92,68,9,No,No,59,Average
3495,Male,20,6,95,85,2,No,No,64,Average
3496,Female,22,2,91,82,7,No,No,58,Average
3497,Male,18,4,52,59,3,No,Yes,42,Poor
3498,Female,20,6,53,50,2,No,No,52,Average
3499,Male,17,8,98,61,2,Yes,Yes,69,Good
3500,Male,20,4,50,48,0,Yes,No,46,Poor
3501,Female,17,4,50,54,0,Yes,Yes,44,Poor
3502,Male,19,8,54,86,1,No,No,66,Good
3503,Male,19,7,59,89,7,No,No,68,Good
3504,Male,17,5,91,63,3,Yes,Yes,62,Average
3505,Male,21,10,85,89,4,No,Yes,80,Excellent
3506,Female,17,5,95,98,2,Yes,Yes,76,Good
3507,Male,16,10,97,91,0,Yes,No,81,Excellent
3508,Female,21,3,68,43,5,Yes,No,54,Average
3509,Female,21,9,79,86,1,No,No,75,Good
3510,Female,19,2,89,90,9,Yes,No,64,Average
3511,Female,18,9,64,74,7,Yes,No,70,Good
3512,Female,20,2,61,49,5,Yes,No,50,Average
3513,Male,22,9,68,85,4,Yes,Yes,82,Excellent
3514,Male,21,4,78,76,1,Yes,Yes,56,Average
3515,Female,16,1,57,73,7,Yes,Yes,54,Average
3516,Female,22,10,53,82,1,No,Yes,74,Good
3517,Female,21,1,90,99,3,Yes,No,60,Average
3518,Male,21,6,61,78,5,Yes,No,60,Average
3519,Female,17,3,81,100,6,No,Yes,67,Good
3520,Female,17,3,51,63,4,Yes,Yes,44,Poor
3521,Male,17,7,93,60,10,No,No,71,Good
3522,Female,21,1,94,74,3,Yes,No,60,Average
3523,Female,19,1,69,72,8,No,No,45,Poor
3524,Female,19,1,60,40,5,No,No,32,Poor
3525,Male,17,8,81,56,9,Yes,No,78,Good
3526,Female,17,10,97,60,6,Yes,No,78,Good
3527,Male,19,8,70,90,2,Yes,No,69,Good
3528,Male,19,2,75,62,8,Yes,Yes,53,Average
3529,Male,21,6,86,86,2,Yes,No,67,Good
3530,Male,18,7,63,42,2,No,No,55,Average
3531,Male,19,4,79,82,2,No,Yes,61,Average
3532,Male,16,7,74,44,5,No,Yes,60,Average
3533,Male,17,4,96,46,3,Yes,Yes,59,Average
3534,Male,21,3,54,92,10,Yes,Yes,60,Average
3535,Male,22,3,100,44,5,No,Yes,59,Average
3536,Male,22,7,84,66,8,No,No,72,Good
3537,Female,16,10,57,73,5,No,Yes,73,Good
3538,Female,18,3,93,40,0,No,Yes,55,Average
3539,Female,19,9,80,55,5,No,No,72,Good
3540,Female,22,7,97,59,1,No,Yes,63,Average
3541,Male,21,3,57,79,2,No,Yes,47,Poor
3542,Female,17,3,51,59,1,Yes,No,42,Poor
3543,Female,20,4,100,47,4,No,Yes,52,Average
3544,Male,22,10,78,49,6,No,Yes,66,Good
3545,Male,16,9,51,43,3,No,No,59,Average
3546,Male,21,3,95,40,0,Yes,No,49,Poor
3547,Female,20,6,62,74,6,Yes,Yes,57,Average
3548,Male,21,1,70,91,2,No,Yes,61,Average
3549,Male,20,1,72,75,2,No,Yes,42,Poor
3550,Male,19,7,84,84,6,Yes,No,82,Excellent
3551,Male,22,4,61,94,8,Yes,No,66,Good
3552,Male,22,8,76,97,1,No,Yes,77,Good
3553,Male,19,8,56,55,6,No,Yes,51,Average
3554,Male,17,3,92,72,2,Yes,Yes,58,Average
3555,Male,21,9,82,86,3,No,Yes,82,Excellent
3556,Female,20,8,70,85,0,No,No,74,Good
3557,Male,16,1,77,88,10,No,Yes,54,Average
3558,Female,22,5,65,89,1,Yes,No,69,Good
3559,Female,16,8,82,84,1,No,No,70,Good
3560,Female,18,8,61,87,10,Yes,Yes,81,Excellent
3561,Female,18,7,84,64,2,No,Yes,60,Average
3562,Male,19,4,69,79,8,Yes,No,67,Good
3563,Male,20,5,92,67,10,Yes,No,74,Good
3564,Female,20,10,51,68,4,No,Yes,70,Good
3565,Male,20,5,54,88,7,No,No,54,Average
3566,Female,20,10,79,59,10,No,No,79,Good
3567,Female,19,5,54,72,3,No,Yes,58,Average
3568,Male,17,5,79,73,10,No,Yes,72,Good
3569,Female,19,5,99,77,8,Yes,No,77,Good
3570,Male,16,10,60,82,10,No,Yes,80,Excellent
3571,Female,16,1,60,65,2,No,Yes,46,Poor
3572,Female,18,9,88,97,0,Yes,Yes,81,Excellent
3573,Female,18,9,56,89,3,Yes,Yes,65,Good
3574,Male,19,5,92,92,8,Yes,No,79,Good
3575,Female,20,6,76,95,3,Yes,Yes,78,Good
3576,Male,16,1,50,53,0,No,No,37,Poor
3577,Female,20,10,72,81,3,Yes,No,81,Excellent
3578,Female,16,9,66,89,9,Yes,No,82,Excellent
3579,Female,19,10,53,72,7,Yes,Yes,80,Excellent
3580,Female,17,7,91,91,0,Yes,Yes,73,Good
3581,Male,18,2,53,54,4,No,No,41,Poor
3582,Female,20,10,52,65,7,No,No,72,Good
3583,Male,22,6,60,59,0,No,Yes,47,Poor
3584,Female,18,6,89,78,6,No,Yes,73,Good
3585,Male,22,3,61,100,2,Yes,Yes,63,Average
3586,Female,17,5,78,90,0,No,No,64,Average
3587,Female,19,5,84,58,10,No,No,64,Average
3588,Female,18,3,56,94,3,Yes,No,50,Average
3589,Male,22,2,58,58,5,No,Yes,40,Poor
3590,Male,21,10,53,40,3,No,Yes,53,Average
3591,Female,22,2,95,89,7,Yes,Yes,76,Good
3592,Female,17,7,99,57,8,Yes,No,77,Good
3593,Male,20,6,60,51,9,No,Yes,60,Average
3594,Male,21,6,56,65,1,No,No,55,Average
3595,Male,19,2,53,61,0,Yes,No,43,Poor
3596,Male,18,8,79,59,4,No,Yes,68,Good
3597,Male,18,3,69,68,8,No,Yes,63,Average
3598,Female,18,10,69,84,9,No,Yes,80,Excellent
3599,Male,22,10,63,42,5,Yes,No,72,Good
3600,Male,17,4,57,73,3,No,Yes,46,Poor
3601,Male,17,9,88,51,6,Yes,No,81,Excellent
3602,Male,22,9,54,62,2,No,No,57,Average
3603,Male,18,9,77,51,5,Yes,No,66,Good
3604,Female,19,5,76,60,10,Yes,No,65,Good
3605,Female,22,9,53,46,8,Yes,No,68,Good
3606,Female,17,5,67,95,6,No,Yes,74,Good
3607,Male,21,7,60,77,6,Yes,No,67,Good
3608,Female,22,7,58,77,9,No,No,72,Good
3609,Male,18,1,89,77,9,Yes,Yes,59,Average
3610,Female,20,10,85,61,7,Yes,Yes,78,Good
3611,Male,17,2,95,45,8,No,No,56,Average
3612,Female,21,5,74,57,8,No,No,63,Average
3613,Male,17,9,73,92,7,No,No,87,Excellent
3614,Female,20,2,87,43,2,Yes,Yes,55,Average
3615,Male,21,9,88,82,10,Yes,Yes,88,Excellent
3616,Female,21,10,78,97,1,No,Yes,80,Excellent
3617,Male,18,6,56,90,4,Yes,No,73,Good
3618,Male,20,7,83,46,1,Yes,Yes,52,Average
3619,Female,20,9,71,88,6,Yes,Yes,78,Good
3620,Male,22,9,55,57,5,Yes,Yes,61,Average
3621,Female,19,8,86,43,5,No,Yes,69,Good
3622,Male,20,4,64,92,5,Yes,No,73,Good
3623,Female,22,8,97,40,10,No,Yes,67,Good
3624,Male,16,2,57,76,3,Yes,Yes,50,Average
3625,Male,22,10,80,59,2,No,No,64,Average
3626,Male,21,7,52,76,0,No,Yes,64,Average
3627,Male,16,5,70,43,2,No,Yes,54,Average
3628,Female,19,2,71,99,8,No,Yes,68,Good
3629,Female,17,8,55,53,5,No,Yes,55,Average
3630,Male,17,10,53,85,0,No,No,71,Good
3631,Female,18,5,78,82,3,Yes,No,70,Good
3632,Male,17,10,81,76,2,No,No,69,Good
3633,Male,19,5,65,65,10,Yes,Yes,72,Good
3634,Female,19,8,61,69,0,Yes,No,66,Good
3635,Female,16,6,65,58,2,Yes,No,57,Average
3636,Female,16,7,54,42,1,No,No,45,Poor
3637,Male,20,5,76,93,4,Yes,No,65,Good
3638,Female,17,9,84,40,2,No,Yes,54,Average
3639,Female,17,8,76,53,6,Yes,Yes,68,Good
3640,Male,21,5,79,47,8,Yes,No,59,Average
3641,Female,20,7,86,91,0,No,No,75,Good
3642,Female,21,10,90,84,0,Yes,Yes,88,Excellent
3643,Male,20,9,79,88,4,No,No,72,Good
3644,Female,22,6,84,87,7,Yes,No,71,Good
3645,Female,18,4,51,81,6,Yes,Yes,63,Average
3646,Female,22,1,62,59,3,Yes,No,43,Poor
3647,Female,19,6,82,54,3,Yes,No,63,Average
3648,Female,19,1,66,46,3,Yes,Yes,37,Poor
3649,Female,17,9,90,95,6,Yes,Yes,83,Excellent
3650,Male,17,6,66,90,2,Yes,No,61,Average
3651,Male,22,4,55,79,0,No,No,56,Average
3652,Female,16,5,98,57,1,Yes,Yes,70,Good
3653,Male,16,10,63,50,4,No,Yes,57,Average
3654,Female,20,8,95,79,4,Yes,Yes,75,Good
3655,Female,20,8,51,77,8,No,Yes,70,Good
3656,Female,22,10,76,53,2,Yes,No,63,Average
3657,Male,22,5,100,49,2,No,Yes,59,Average
3658,Female,17,7,56,46,8,Yes,Yes,57,Average
3659,Male,19,9,77,46,6,Yes,Yes,75,Good
3660,Male,17,9,75,68,10,Yes,Yes,74,Good
3661,Male,16,10,71,89,3,No,No,72,Good
3662,Female,20,6,62,66,8,Yes,Yes,66,Good
3663,Male,19,10,70,41,0,Yes,No,60,Average
3664,Male,18,10,50,41,7,Yes,No,56,Average
3665,Male,22,1,91,68,2,Yes,Yes,50,Average
3666,Female,20,7,86,42,8,No,Yes,68,Good
3667,Male,17,3,57,41,4,No,No,46,Poor
3668,Female,19,2,86,50,8,Yes,No,49,Poor
3669,Female,18,5,65,66,0,Yes,Yes,56,Average
3670,Male,22,3,61,63,2,Yes,No,42,Poor
3671,Male,18,3,63,98,9,No,Yes,61,Average
3672,Male,20,5,69,87,7,No,Yes,70,Good
3673,Male,17,3,76,81,10,No,No,60,Average
3674,Male,17,8,76,45,10,No,No,58,Average
3675,Male,18,6,94,62,9,No,Yes,75,Good
3676,Male,17,2,56,76,10,Yes,No,52,Average
3677,Female,22,7,84,96,6,No,No,78,Good
3678,Female,20,7,100,96,8,No,Yes,82,Excellent
3679,Female,19,1,50,72,8,No,No,53,Average
3680,Female,16,9,97,54,7,Yes,Yes,71,Good
3681,Male,18,10,86,48,1,No,No,59,Average
3682,Male,19,10,97,86,8,Yes,No,87,Excellent
3683,Female,22,6,64,57,8,No,No,59,Average
3684,Female,16,9,60,47,3,No,No,58,Average
3685,Male,17,3,95,94,0,Yes,Yes,64,Average
3686,Male,21,8,93,100,2,Yes,No,85,Excellent
3687,Female,17,4,50,43,0,Yes,No,40,Poor
3688,Male,21,7,79,55,9,Yes,Yes,62,Average
3689,Male,16,5,57,65,0,Yes,Yes,56,Average
3690,Male,22,4,58,83,7,Yes,No,68,Good
3691,Female,19,1,84,90,5,No,Yes,65,Good
3692,Male,18,7,65,42,0,Yes,No,52,Average
3693,Male,19,2,56,86,3,No,Yes,46,Poor
3694,Male,18,2,92,78,8,No,No,66,Good
3695,Male,22,10,69,49,0,Yes,No,55,Average
3696,Male,18,4,70,88,3,No,No,65,Good
3697,Female,19,6,74,100,9,No,No,76,Good
3698,Female,19,8,59,85,0,Yes,Yes,62,Average
3699,Male,21,1,58,85,8,Yes,Yes,52,Average
3700,Male,20,8,88,99,4,Yes,Yes,87,Excellent
3701,Male,16,9,72,72,1,No,No,69,Good
3702,Male,19,4,100,98,5,Yes,No,78,Good
3703,Male,17,6,79,41,0,No,Yes,48,Poor
3704,Male,22,9,58,75,5,Yes,Yes,75,Good
3705,Female,21,3,100,80,5,No,Yes,68,Good
3706,Female,16,1,53,69,9,Yes,Yes,44,Poor
3707,Male,19,7,51,43,1,Yes,Yes,58,Average
3708,Male,19,2,51,45,2,Yes,Yes,44,Poor
3709,Female,18,2,58,41,10,No,No,37,Poor
3710,Female,21,7,77,88,5,Yes,No,76,Good
3711,Male,21,1,69,81,2,Yes,No,58,Average
3712,Male,22,5,74,92,0,Yes,Yes,67,Good
3713,Male,16,6,81,86,10,Yes,No,85,Excellent
3714,Male,18,4,72,75,6,Yes,No,68,Good
3715,Female,17,6,98,46,10,Yes,No,68,Good
3716,Male,19,1,82,65,6,No,No,57,Average
3717,Female,22,3,67,44,9,No,No,56,Average
3718,Male,22,10,68,70,7,Yes,Yes,69,Good
3719,Male,18,1,52,66,1,No,No,40,Poor
3720,Female,17,4,70,95,4,Yes,No,60,Average
3721,Male,21,7,97,88,6,Yes,Yes,78,Good
3722,Male,18,7,66,78,5,Yes,No,69,Good
3723,Male,16,7,92,84,4,No,Yes,69,Good
3724,Male,21,10,81,89,3,Yes,Yes,88,Excellent
3725,Male,16,7,64,59,3,No,No,65,Good
3726,Female,21,2,83,73,4,No,Yes,60,Average
3727,Male,18,1,72,94,1,Yes,Yes,53,Average
3728,Male,17,6,69,52,10,No,Yes,58,Average
3729,Female,22,1,57,85,6,Yes,No,62,Average
3730,Male,16,4,81,49,1,No,Yes,43,Poor
3731,Male,17,1,94,52,1,No,Yes,41,Poor
3732,Male,22,5,52,100,0,Yes,No,68,Good
3733,Male,17,2,98,84,7,Yes,No,75,Good
3734,Female,22,2,90,88,6,Yes,No,60,Average
3735,Male,16,10,91,58,10,No,No,83,Excellent
3736,Male,21,2,54,53,7,No,Yes,46,Poor
3737,Male,21,2,51,70,2,No,Yes,50,Average
3738,Female,22,8,88,88,0,Yes,No,71,Good
3739,Male,16,7,51,75,8,Yes,No,62,Average
3740,Female,17,10,98,77,10,No,No,94,Excellent
3741,Female,22,2,84,52,7,No,Yes,46,Poor
3742,Female,19,9,56,97,0,Yes,No,63,Average
3743,Female,22,6,79,95,8,Yes,Yes,75,Good
3744,Male,21,5,62,91,2,Yes,No,60,Average
3745,Female,22,2,75,77,0,No,No,54,Average
3746,Male,18,7,92,70,0,No,No,69,Good
3747,Female,19,10,94,47,3,No,Yes,64,Average
3748,Male,16,2,76,97,4,Yes,No,58,Average
3749,Female,19,1,63,52,5,Yes,No,42,Poor
3750,Female,22,4,94,87,1,Yes,Yes,69,Good
3751,Male,20,2,64,41,0,No,Yes,42,Poor
3752,Female,22,1,70,94,3,Yes,Yes,53,Average
3753,Male,16,7,80,86,5,No,No,76,Good
3754,Female,17,10,71,54,4,Yes,Yes,62,Average
3755,Female,16,2,98,57,7,No,No,54,Average
3756,Female,20,10,100,67,1,No,No,75,Good
3757,Male,18,2,58,74,1,No,No,48,Poor
3758,Female,17,4,87,63,9,No,Yes,66,Good
3759,Male,18,3,74,94,10,Yes,No,68,Good
3760,Female,21,7,51,49,4,No,No,54,Average
3761,Male,19,8,79,49,0,No,Yes,64,Average
3762,Female,16,8,63,43,8,No,Yes,63,Average
3763,Male,22,5,98,81,7,Yes,No,69,Good
3764,Female,16,8,70,59,3,Yes,Yes,71,Good
3765,Male,22,2,69,72,5,No,Yes,56,Average
3766,Female,17,10,61,61,4,No,No,62,Average
3767,Female,17,9,83,93,4,Yes,No,87,Excellent
3768,Female,18,3,50,68,10,No,Yes,49,Poor
3769,Male,16,4,71,53,8,No,No,60,Average
3770,Female,18,10,58,53,8,No,No,59,Average
3771,Male,21,1,66,73,8,No,Yes,49,Poor
3772,Male,21,6,99,63,3,No,Yes,70,Good
3773,Male,21,9,88,89,2,No,Yes,83,Excellent
3774,Female,18,10,78,67,4,Yes,No,74,Good
3775,Female,19,8,53,87,7,No,No,71,Good
3776,Female,18,3,77,94,1,Yes,Yes,71,Good
3777,Male,17,3,80,53,6,Yes,No,54,Average
3778,Male,16,3,61,100,10,Yes,No,64,Average
3779,Female,22,2,79,93,5,No,No,57,Average
3780,Female,16,7,60,43,4,Yes,No,50,Average
3781,Male,18,9,75,76,8,Yes,Yes,82,Excellent
3782,Male,16,7,87,40,3,Yes,Yes,54,Average
3783,Male,21,7,86,90,8,Yes,Yes,81,Excellent
3784,Male,21,7,67,71,1,Yes,No,55,Average
3785,Female,19,8,98,41,3,Yes,No,66,Good
3786,Male,22,1,71,83,0,Yes,No,50,Average
3787,Male,17,7,79,51,4,No,No,60,Average
3788,Male,22,8,60,76,4,No,No,64,Average
3789,Male,20,4,86,42,6,No,No,47,Poor
3790,Male,18,10,96,79,8,No,Yes,84,Excellent
3791,Male,17,8,94,50,7,Yes,Yes,70,Good
3792,Male,22,7,64,62,10,Yes,No,73,Good
3793,Female,17,7,95,66,7,No,No,70,Good
3794,Female,22,3,85,81,4,No,Yes,68,Good
3795,Male,20,10,73,41,7,Yes,No,70,Good
3796,Male,19,8,73,88,6,Yes,Yes,70,Good
3797,Male,21,2,86,93,2,Yes,Yes,61,Average
3798,Male,18,5,65,79,0,No,No,49,Poor
3799,Male,17,3,72,52,3,Yes,Yes,43,Poor
3800,Male,17,6,54,42,2,No,No,49,Poor
3801,Male,16,10,96,54,5,No,No,68,Good
3802,Male,22,7,87,72,8,No,Yes,71,Good
3803,Male,17,3,68,94,3,No,Yes,64,Average
3804,Female,16,9,51,62,9,Yes,Yes,64,Average
3805,Female,22,5,55,50,9,Yes,No,58,Average
3806,Male,18,10,88,79,2,Yes,Yes,76,Good
3807,Female,19,7,62,44,7,No,No,59,Average
3808,Female,17,2,50,64,2,No,Yes,39,Poor
3809,Female,18,10,100,46,9,Yes,Yes,85,Excellent
3810,Female,16,4,56,70,5,Yes,No,52,Average
3811,Male,22,5,80,60,2,No,No,60,Average
3812,Male,17,1,89,67,1,No,Yes,42,Poor
3813,Female,20,10,60,82,8,No,No,72,Good
3814,Female,16,4,60,85,1,Yes,No,56,Average
3815,Male,18,1,70,46,4,Yes,Yes,39,Poor
3816,Male,18,4,92,93,0,No,No,72,Good
3817,Male,18,8,88,48,5,No,Yes,62,Average
3818,Male,20,9,65,85,4,No,Yes,68,Good
3819,Male,18,9,80,71,0,No,No,72,Good
3820,Female,17,4,98,50,9,No,No,58,Average
3821,Female,22,10,53,50,5,No,No,66,Good
3822,Female,16,9,71,80,8,No,Yes,73,Good
3823,Male,21,7,95,90,7,Yes,No,80,Excellent
3824,Female,21,9,67,65,7,Yes,Yes,75,Good
3825,Male,17,6,97,63,1,No,Yes,61,Average
3826,Male,17,6,50,88,1,Yes,No,64,Average
3827,Male,22,5,78,51,8,No,Yes,59,Average
3828,Male,21,1,55,94,2,Yes,Yes,52,Average
3829,Female,18,10,86,51,9,Yes,Yes,83,Excellent
3830,Female,17,8,52,48,6,No,Yes,56,Average
3831,Female,22,1,87,63,6,Yes,Yes,50,Average
3832,Male,22,5,91,42,0,Yes,Yes,48,Poor
3833,Female,20,4,65,63,3,Yes,Yes,51,Average
3834,Male,22,8,55,45,9,Yes,No,54,Average
3835,Female,19,1,83,49,7,No,Yes,51,Average
3836,Female,18,7,57,99,10,No,Yes,81,Excellent
3837,Female,22,3,75,58,3,No,Yes,42,Poor
3838,Female,17,8,61,52,4,No,Yes,64,Average
3839,Male,21,3,64,83,1,Yes,Yes,61,Average
3840,Male,16,10,66,58,1,No,No,59,Average
3841,Female,21,2,74,62,4,No,Yes,48,Poor
3842,Male,17,8,80,82,6,No,No,80,Excellent
3843,Female,19,4,100,56,9,No,Yes,59,Average
3844,Male,19,2,80,60,5,Yes,No,47,Poor
3845,Male,22,8,89,79,9,Yes,Yes,83,Excellent
3846,Female,16,3,68,75,3,No,No,53,Average
3847,Male,16,8,60,54,4,No,No,60,Average
3848,Female,20,7,86,56,7,Yes,Yes,73,Good
3849,Male,22,9,73,87,3,No,Yes,78,Good
3850,Male,18,8,61,52,8,No,No,56,Average
3851,Female,16,10,71,54,8,No,No,78,Good
3852,Male,17,2,75,86,4,Yes,No,52,Average
3853,Female,20,4,80,74,1,No,No,50,Average
3854,Female,19,7,97,46,4,Yes,No,75,Good
3855,Female,18,4,79,43,6,No,Yes,59,Average
3856,Female,19,5,76,94,7,Yes,No,72,Good
3857,Male,20,2,73,82,4,Yes,No,66,Good
3858,Female,16,3,78,70,2,Yes,Yes,65,Good
3859,Male,18,1,94,69,10,No,Yes,62,Average
3860,Male,18,7,98,96,6,Yes,No,78,Good
3861,Female,21,4,78,57,6,Yes,Yes,52,Average
3862,Male,19,8,92,53,0,No,No,58,Average
3863,Female,17,3,76,66,7,No,Yes,49,Poor
3864,Female,20,9,77,61,3,No,Yes,71,Good
3865,Female,22,4,86,66,3,No,Yes,67,Good
3866,Male,19,1,97,94,5,No,Yes,66,Good
3867,Female,17,2,94,69,0,No,No,48,Poor
3868,Male,21,8,51,66,6,Yes,Yes,57,Average
3869,Male,19,3,86,99,10,Yes,No,74,Good
3870,Male,22,9,89,45,10,Yes,No,71,Good
3871,Male,19,6,99,53,3,No,Yes,70,Good
3872,Male,20,7,69,79,4,Yes,No,70,Good
3873,Female,16,4,95,84,9,Yes,Yes,75,Good
3874,Female,18,10,94,41,1,No,No,72,Good
3875,Male,16,7,88,51,1,No,No,58,Average
3876,Female,18,5,88,73,2,No,Yes,71,Good
3877,Female,21,4,53,84,2,Yes,No,51,Average
3878,Male,19,9,50,64,10,No,No,66,Good
3879,Male,18,9,87,95,0,Yes,No,80,Excellent
3880,Male,22,9,55,61,0,Yes,No,53,Average
3881,Male,19,1,88,49,6,No,Yes,56,Average
3882,Male,17,1,82,80,8,Yes,Yes,68,Good
3883,Female,19,3,83,50,9,No,Yes,57,Average
3884,Female,22,9,70,88,0,Yes,No,69,Good
3885,Female,20,3,91,81,7,No,Yes,60,Average
3886,Male,20,1,77,99,9,Yes,No,62,Average
3887,Male,22,8,75,65,2,Yes,Yes,75,Good
3888,Female,22,1,65,79,1,No,Yes,44,Poor
3889,Female,17,5,67,57,3,No,No,50,Average
3890,Male,18,9,93,92,7,Yes,Yes,85,Excellent
3891,Female,21,5,92,99,10,Yes,No,80,Excellent
3892,Female,17,7,88,41,9,Yes,Yes,67,Good
3893,Male,18,4,50,51,8,No,No,52,Average
3894,Male,17,10,74,81,7,Yes,Yes,82,Excellent
3895,Male,19,6,58,94,4,Yes,No,71,Good
3896,Male,21,7,66,72,1,No,No,60,Average
3897,Female,17,7,94,57,8,Yes,Yes,77,Good
3898,Male,19,4,83,63,4,No,No,54,Average
3899,Female,17,4,77,42,6,No,No,60,Average
3900,Male,18,10,54,48,5,No,No,58,Average
3901,Female,21,1,66,51,9,No,Yes,44,Poor
3902,Female,20,10,58,40,6,No,No,54,Average
3903,Male,20,10,76,51,3,No,No,62,Average
3904,Female,17,6,98,75,7,No,No,81,Excellent
3905,Male,20,3,73,98,6,Yes,No,63,Average
3906,Female,18,9,61,43,8,No,Yes,57,Average
3907,Female,17,10,83,87,3,Yes,Yes,78,Good
3908,Female,16,1,50,97,1,No,No,41,Poor
3909,Female,19,3,89,86,1,No,Yes,54,Average
3910,Female,21,10,54,53,4,Yes,Yes,62,Average
3911,Female,18,3,90,93,8,No,Yes,63,Average
3912,Male,21,6,92,64,4,Yes,Yes,70,Good
3913,Female,18,10,95,81,2,Yes,Yes,82,Excellent
3914,Female,22,4,51,76,7,No,No,50,Average
3915,Male,20,10,75,48,9,Yes,No,78,Good
3916,Female,16,2,80,82,5,Yes,Yes,68,Good
3917,Female,19,2,83,67,9,No,No,55,Average
3918,Male,22,1,69,55,4,No,No,39,Poor
3919,Male,18,4,54,82,3,No,No,58,Average
3920,Female,16,1,81,71,7,Yes,Yes,52,Average
3921,Female,18,1,64,66,1,Yes,Yes,42,Poor
3922,Female,22,10,97,93,9,Yes,Yes,100,Excellent
3923,Female,17,4,79,42,3,No,Yes,50,Average
3924,Female,18,8,68,75,9,Yes,No,82,Excellent
3925,Male,16,8,97,74,6,Yes,Yes,82,Excellent
3926,Female,16,8,76,60,1,Yes,No,58,Average
3927,Female,16,8,94,55,10,Yes,No,72,Good
3928,Male,18,7,62,56,0,Yes,No,64,Average
3929,Female,18,6,84,87,1,Yes,No,76,Good
3930,Male,18,10,75,82,5,Yes,Yes,84,Excellent
3931,Male,21,8,80,40,0,No,Yes,55,Average
3932,Male,21,5,70,97,4,Yes,No,62,Average
3933,Female,20,9,59,51,1,Yes,Yes,64,Average
3934,Female,22,3,99,100,0,Yes,No,74,Good
3935,Female,21,1,92,68,8,Yes,Yes,66,Good
3936,Male,17,10,94,61,1,No,No,78,Good
3937,Male,22,4,96,55,5,No,Yes,58,Average
3938,Female,17,10,79,59,4,Yes,Yes,78,Good
3939,Male,16,9,96,78,8,No,Yes,80,Excellent
3940,Male,21,2,88,84,9,Yes,No,68,Good
3941,Male,16,4,93,94,2,No,No,63,Average
3942,Female,18,9,67,75,5,Yes,No,70,Good
3943,Female,17,3,92,47,1,No,Yes,51,Average
3944,Female,22,3,59,41,5,Yes,No,38,Poor
3945,Male,19,5,73,85,4,No,No,57,Average
3946,Female,21,4,55,68,1,No,No,42,Poor
3947,Male,21,4,86,57,6,No,No,64,Average
3948,Male,22,7,61,55,5,No,Yes,60,Average
3949,Female,16,3,97,64,1,No,Yes,53,Average
3950,Female,19,9,78,40,3,No,No,54,Average
3951,Female,22,1,75,55,0,No,No,40,Poor
3952,Male,22,1,73,42,2,Yes,No,42,Poor
3953,Male,20,9,87,47,0,Yes,Yes,61,Average
3954,Female,16,4,90,41,2,No,Yes,43,Poor
3955,Male,18,3,94,52,7,No,No,61,Average
3956,Female,22,2,86,81,2,No,Yes,50,Average
3957,Female,16,3,79,62,7,No,No,57,Average
3958,Female,21,10,58,42,5,No,No,61,Average
3959,Female,17,9,55,47,8,Yes,Yes,68,Good
3960,Female,21,6,83,53,4,No,No,64,Average
3961,Female,17,3,88,90,10,No,Yes,66,Good
3962,Female,20,8,53,60,6,No,Yes,59,Average
3963,Male,16,7,58,59,8,No,Yes,67,Good
3964,Male,18,8,90,49,6,No,Yes,64,Average
3965,Male,18,2,73,72,5,Yes,Yes,60,Average
3966,Male,21,1,54,68,3,Yes,No,52,Average
3967,Male,18,7,53,62,8,No,Yes,63,Average
3968,Female,17,5,69,44,3,Yes,No,53,Average
3969,Male,20,5,53,85,6,No,No,58,Average
3970,Male,21,6,94,100,7,Yes,No,89,Excellent
3971,Female,20,2,98,81,8,No,No,68,Good
3972,Female,20,4,77,61,6,Yes,Yes,58,Average
3973,Female,21,10,81,56,10,No,No,68,Good
3974,Male,21,8,53,89,2,Yes,No,75,Good
3975,Male,20,5,65,94,0,Yes,Yes,60,Average
3976,Female,20,6,77,71,3,Yes,Yes,61,Average
3977,Male,17,3,63,76,6,No,No,48,Poor
3978,Female,22,9,58,60,3,Yes,No,70,Good
3979,Male,20,10,91,51,4,Yes,No,82,Excellent
3980,Male,20,3,64,86,8,No,Yes,54,Average
3981,Female,17,3,51,76,1,No,Yes,41,Poor
3982,Male,20,4,64,88,2,No,No,54,Average
3983,Female,18,8,92,44,9,Yes,Yes,80,Excellent
3984,Male,22,6,55,61,4,No,Yes,58,Average
3985,Male,19,6,77,76,9,Yes,Yes,72,Good
3986,Male,16,1,95,93,6,No,Yes,63,Average
3987,Female,17,7,90,86,2,Yes,No,81,Excellent
3988,Female,19,4,63,100,1,No,Yes,64,Average
3989,Male,18,8,51,99,7,Yes,Yes,78,Good
3990,Female,17,7,52,61,9,No,Yes,68,Good
3991,Male,17,5,55,86,0,No,No,48,Poor
3992,Male,19,5,51,83,10,No,No,66,Good
3993,Male,19,8,76,48,5,Yes,No,62,Average
3994,Female,22,1,65,85,6,Yes,No,60,Average
3995,Male,19,2,68,76,7,No,No,62,Average
3996,Female,16,9,63,77,9,No,No,68,Good
3997,Female,20,9,77,42,9,No,No,59,Average
3998,Male,20,4,59,92,6,No,No,59,Average
3999,Male,17,4,87,56,6,Yes,Yes,57,Average
4000,Female,21,9,87,85,8,Yes,Yes,87,Excellent
4001,Female,20,6,64,56,0,Yes,Yes,51,Average
4002,Male,19,3,58,98,3,No,No,58,Average
4003,Male,22,3,71,65,7,No,Yes,63,Average
4004,Female,17,4,78,73,10,No,Yes,67,Good
4005,Female,16,7,83,43,6,Yes,Yes,64,Average
4006,Female,19,5,79,87,9,No,No,63,Average
4007,Male,20,7,93,68,9,No,No,73,Good
4008,Male,16,10,78,49,3,No,Yes,59,Average
4009,Male,20,3,76,45,6,No,Yes,42,Poor
4010,Female,19,6,72,97,5,No,No,71,Good
4011,Male,19,9,75,60,5,No,No,71,Good
4012,Female,17,5,80,67,4,Yes,Yes,57,Average
4013,Female,20,8,71,73,6,Yes,No,65,Good
4014,Male,16,7,74,62,4,No,Yes,58,Average
4015,Male,18,5,66,44,8,No,No,46,Poor
4016,Male,22,4,62,73,6,No,Yes,64,Average
4017,Male,22,6,80,95,0,Yes,No,62,Average
4018,Male,19,4,52,96,9,No,No,59,Average
4019,Male,20,7,53,51,0,No,Yes,48,Poor
4020,Male,20,5,97,44,3,No,Yes,63,Average
4021,Female,22,10,80,78,7,No,Yes,79,Good
4022,Male,17,9,67,47,3,No,No,60,Average
4023,Female,18,6,52,69,3,No,No,61,Average
4024,Female,20,1,86,60,7,Yes,No,48,Poor
4025,Female,20,9,52,48,10,No,Yes,60,Average
4026,Male,18,3,91,95,0,Yes,Yes,69,Good
4027,Male,18,9,67,79,0,No,Yes,67,Good
4028,Female,16,4,56,76,7,No,No,58,Average
4029,Female,19,6,89,63,1,No,Yes,70,Good
4030,Male,21,5,93,73,2,Yes,Yes,75,Good
4031,Female,22,10,70,90,10,No,No,78,Good
4032,Female,17,4,91,89,3,Yes,No,62,Average
4033,Female,21,9,74,85,9,No,Yes,85,Excellent
4034,Male,22,8,68,99,8,Yes,Yes,87,Excellent
4035,Male,21,1,74,65,2,Yes,Yes,52,Average
4036,Female,22,9,98,45,7,Yes,No,71,Good
4037,Male,22,6,71,76,4,No,Yes,68,Good
4038,Female,17,3,79,86,2,Yes,No,57,Average
4039,Male,20,9,87,41,2,Yes,Yes,73,Good
4040,Female,16,7,70,92,4,No,Yes,70,Good
4041,Female,19,10,70,85,4,Yes,No,84,Excellent
4042,Male,18,6,62,77,8,Yes,Yes,74,Good
4043,Male,19,9,54,62,9,Yes,No,76,Good
4044,Male,20,10,69,63,8,No,Yes,77,Good
4045,Male,20,5,85,72,7,No,Yes,75,Good
4046,Male,22,3,51,83,7,No,Yes,51,Average
4047,Male,20,7,93,46,2,Yes,Yes,66,Good
4048,Male,20,9,56,49,9,No,Yes,71,Good
4049,Male,22,1,91,92,7,Yes,No,71,Good
4050,Male,22,2,53,69,9,Yes,Yes,61,Average
4051,Female,20,9,59,64,8,Yes,Yes,70,Good
4052,Male,21,5,88,97,7,Yes,Yes,80,Excellent
4053,Female,19,8,70,69,8,No,Yes,68,Good
4054,Male,18,8,50,91,7,No,Yes,64,Average
4055,Female,22,4,56,60,5,No,Yes,52,Average
4056,Female,21,1,72,48,10,Yes,No,50,Average
4057,Male,21,5,66,42,4,No,Yes,44,Poor
4058,Male,18,2,69,96,7,Yes,Yes,60,Average
4059,Female,21,6,53,52,6,No,Yes,54,Average
4060,Male,22,9,88,44,0,No,No,68,Good
4061,Female,22,3,64,80,4,No,No,60,Average
4062,Female,18,7,80,76,4,Yes,Yes,76,Good
4063,Male,18,1,54,67,3,Yes,No,52,Average
4064,Female,22,8,82,82,3,Yes,No,82,Excellent
4065,Male,19,3,88,98,10,Yes,No,75,Good
4066,Female,20,7,85,89,3,Yes,Yes,70,Good
4067,Male,20,6,95,82,4,Yes,Yes,74,Good
4068,Male,18,2,74,94,5,Yes,No,63,Average
4069,Female,20,7,74,41,7,Yes,No,63,Average
4070,Female,22,8,95,56,6,Yes,Yes,77,Good
4071,Female,20,5,91,45,10,No,No,58,Average
4072,Male,16,8,50,61,0,Yes,Yes,50,Average
4073,Female,19,10,85,44,10,No,Yes,73,Good
4074,Female,22,5,92,70,6,Yes,No,68,Good
4075,Male,22,8,68,41,2,Yes,No,59,Average
4076,Male,17,1,59,67,10,No,Yes,54,Average
4077,Female,16,9,62,66,6,No,No,62,Average
4078,Female,19,7,77,100,1,Yes,Yes,77,Good
4079,Male,17,5,61,91,0,Yes,Yes,57,Average
4080,Female,18,10,87,74,0,Yes,Yes,82,Excellent
4081,Female,20,4,76,71,5,Yes,Yes,69,Good
4082,Male,20,2,70,49,10,No,No,55,Average
4083,Male,18,5,51,79,2,Yes,Yes,60,Average
4084,Female,19,5,75,98,5,No,No,65,Good
4085,Female,22,1,57,75,6,Yes,No,47,Poor
4086,Male,17,2,86,77,5,No,No,62,Average
4087,Female,21,3,81,83,7,No,No,58,Average
4088,Female,20,1,51,53,8,No,Yes,39,Poor
4089,Female,18,2,96,86,3,No,No,63,Average
4090,Female,19,3,61,74,8,Yes,Yes,60,Average
4091,Male,22,4,64,44,4,No,No,50,Average
4092,Male,18,8,68,77,3,Yes,No,64,Average
4093,Male,18,10,79,73,8,No,No,77,Good
4094,Female,17,1,68,40,9,No,No,43,Poor
4095,Female,19,7,77,46,8,Yes,Yes,73,Good
4096,Female,20,1,53,46,8,No,Yes,34,Poor
4097,Female,17,10,55,60,1,Yes,No,62,Average
4098,Male,19,9,76,50,10,Yes,Yes,80,Excellent
4099,Female,20,8,56,42,9,No,No,63,Average
4100,Female,17,6,98,69,0,No,Yes,61,Average
4101,Male,22,10,92,52,3,Yes,No,74,Good
4102,Male,21,4,50,65,0,Yes,Yes,46,Poor
4103,Male,17,9,77,95,5,No,Yes,81,Excellent
4104,Female,17,5,97,46,1,No,Yes,48,Poor
4105,Male,19,8,52,46,5,Yes,No,59,Average
4106,Male,16,2,75,67,3,Yes,Yes,50,Average
4107,Male,22,3,67,42,0,No,Yes,36,Poor
4108,Male,21,3,53,63,6,Yes,Yes,46,Poor
4109,Male,22,2,57,88,3,No,No,50,Average
4110,Female,20,2,62,54,10,Yes,No,50,Average
4111,Female,16,4,60,55,9,No,No,58,Average
4112,Female,18,3,63,59,2,No,No,47,Poor
4113,Female,19,1,61,56,9,No,No,45,Poor
4114,Female,17,1,96,91,9,No,Yes,73,Good
4115,Female,21,8,90,97,3,No,No,76,Good
4116,Female,22,4,72,65,1,No,Yes,56,Average
4117,Male,18,6,86,94,1,No,No,74,Good
4118,Male,18,4,90,72,0,No,No,60,Average
4119,Male,18,8,100,63,3,Yes,No,78,Good
4120,Male,18,8,99,100,4,No,No,86,Excellent
4121,Male,18,4,85,77,6,Yes,No,67,Good
4122,Male,18,4,95,88,6,No,Yes,72,Good
4123,Male,18,8,55,50,10,No,No,60,Average
4124,Female,18,5,63,100,10,No,No,73,Good
4125,Female,17,10,51,66,1,No,Yes,62,Average
4126,Female,20,4,89,78,8,Yes,No,66,Good
4127,Male,22,4,93,100,8,Yes,Yes,83,Excellent
4128,Female,21,8,55,41,3,Yes,No,53,Average
4129,Female,17,7,53,70,2,Yes,Yes,59,Average
4130,Male,22,8,85,97,0,Yes,No,78,Good
4131,Female,16,3,57,58,6,Yes,No,57,Average
4132,Female,17,6,91,57,2,Yes,No,65,Good
4133,Female,22,7,63,98,3,Yes,No,68,Good
4134,Male,16,4,75,92,9,No,Yes,64,Average
4135,Female,21,7,94,98,6,No,No,75,Good
4136,Male,19,1,76,83,8,Yes,Yes,63,Average
4137,Male,20,2,52,46,6,Yes,Yes,46,Poor
4138,Male,16,7,99,85,3,No,Yes,70,Good
4139,Male,17,4,67,57,3,No,No,57,Average
4140,Male,21,5,84,90,1,No,Yes,66,Good
4141,Male,21,1,54,95,6,No,Yes,46,Poor
4142,Male,18,9,55,46,6,Yes,No,56,Average
4143,Female,16,5,91,97,2,Yes,Yes,82,Excellent
4144,Male,22,7,57,65,8,Yes,Yes,58,Average
4145,Female,18,3,57,94,3,No,No,57,Average
4146,Female,17,1,63,60,3,Yes,No,38,Poor
4147,Male,20,2,81,93,9,Yes,Yes,73,Good
4148,Male,16,6,100,70,1,Yes,No,65,Good
4149,Female,17,2,87,83,4,Yes,Yes,64,Average
4150,Male,21,1,60,99,8,Yes,No,55,Average
4151,Female,17,9,79,94,10,No,No,80,Excellent
4152,Female,21,2,99,99,9,Yes,No,83,Excellent
4153,Male,19,7,68,95,6,Yes,Yes,74,Good
4154,Male,16,8,69,79,1,No,Yes,66,Good
4155,Male,17,3,57,62,4,Yes,Yes,49,Poor
4156,Male,18,4,71,43,6,No,Yes,54,Average
4157,Male,19,9,66,92,5,No,Yes,77,Good
4158,Female,22,8,97,59,1,Yes,Yes,74,Good
4159,Female,19,2,95,69,9,No,No,68,Good
4160,Female,20,5,82,76,9,Yes,Yes,64,Average
4161,Female,16,10,90,84,5,No,No,85,Excellent
4162,Female,17,6,73,89,8,No,Yes,69,Good
4163,Female,21,2,79,49,6,No,Yes,52,Average
4164,Male,18,1,66,64,0,No,Yes,34,Poor
4165,Female,18,5,57,93,3,Yes,No,72,Good
4166,Male,22,3,66,42,8,No,Yes,40,Poor
4167,Female,21,7,76,74,9,Yes,No,70,Good
4168,Male,17,9,59,40,7,No,Yes,57,Average
4169,Male,16,6,100,82,2,Yes,Yes,71,Good
4170,Female,17,3,85,49,4,Yes,No,62,Average
4171,Female,22,3,83,52,5,No,Yes,45,Poor
4172,Male,16,1,96,88,8,No,No,61,Average
4173,Male,18,2,95,47,3,No,Yes,53,Average
4174,Female,18,8,59,50,10,Yes,Yes,71,Good
4175,Male,16,6,81,75,0,No,Yes,54,Average
4176,Male,20,1,54,41,4,Yes,No,40,Poor
4177,Female,18,2,89,61,2,Yes,No,56,Average
4178,Male,20,7,79,58,10,Yes,Yes,69,Good
4179,Male,21,9,93,75,9,Yes,Yes,89,Excellent
4180,Male,22,6,81,98,8,Yes,Yes,86,Excellent
4181,Female,21,3,56,54,10,No,No,50,Average
4182,Female,20,10,50,60,5,No,No,70,Good
4183,Female,20,10,69,84,0,No,Yes,63,Average
4184,Female,20,7,86,80,0,No,No,63,Average
4185,Female,16,7,54,86,0,No,No,64,Average
4186,Male,17,4,78,88,4,No,No,57,Average
4187,Male,19,6,59,68,6,Yes,Yes,67,Good
4188,Female,18,10,85,43,2,No,Yes,57,Average
4189,Female,17,8,96,65,9,Yes,No,81,Excellent
4190,Female,18,8,99,93,7,Yes,No,80,Excellent
4191,Female,21,3,65,87,2,No,Yes,53,Average
4192,Female,20,1,99,42,4,Yes,No,48,Poor
4193,Female,16,6,71,55,6,Yes,No,64,Average
4194,Female,19,5,87,99,0,No,Yes,75,Good
4195,Male,16,3,67,50,5,No,Yes,47,Poor
4196,Male,17,3,89,90,5,No,No,63,Average
4197,Male,22,2,70,80,8,Yes,No,60,Average
4198,Female,18,1,58,78,6,No,Yes,43,Poor
4199,Female,17,2,81,58,2,Yes,Yes,44,Poor
4200,Male,16,7,79,74,2,Yes,No,67,Good
4201,Male,19,7,88,53,7,Yes,No,69,Good
4202,Male,22,6,98,42,3,Yes,Yes,60,Average
4203,Male,18,9,99,100,5,Yes,Yes,86,Excellent
4204,Male,19,2,92,77,0,Yes,Yes,58,Average
4205,Male,18,10,64,71,9,No,Yes,68,Good
4206,Female,16,1,61,85,9,No,No,50,Average
4207,Female,17,3,71,64,10,No,No,52,Average
4208,Female,18,10,69,40,7,Yes,Yes,60,Average
4209,Female,22,6,96,91,3,Yes,Yes,71,Good
4210,Female,21,8,79,98,8,Yes,No,86,Excellent
4211,Female,18,8,96,58,3,No,Yes,64,Average
4212,Female,22,6,62,83,9,Yes,Yes,76,Good
4213,Female,19,7,95,67,5,Yes,No,71,Good
4214,Female,21,7,54,48,0,Yes,Yes,53,Average
4215,Male,20,1,76,82,1,Yes,Yes,50,Average
4216,Female,16,2,75,70,10,No,Yes,62,Average
4217,Female,21,7,63,61,3,Yes,Yes,59,Average
4218,Female,16,9,72,77,2,Yes,Yes,76,Good
4219,Female,21,9,73,66,3,No,Yes,61,Average
4220,Male,22,3,88,59,3,Yes,Yes,50,Average
4221,Male,19,6,99,98,3,Yes,Yes,74,Good
4222,Male,17,5,77,62,9,No,No,61,Average
4223,Female,19,9,95,56,1,No,Yes,76,Good
4224,Male,18,10,54,96,5,Yes,Yes,71,Good
4225,Female,16,5,92,95,0,No,No,66,Good
4226,Male,19,5,61,67,7,Yes,No,55,Average
4227,Female,19,3,67,60,5,Yes,Yes,61,Average
4228,Female,21,7,70,99,6,No,No,74,Good
4229,Female,20,5,87,67,2,Yes,No,65,Good
4230,Female,22,2,51,59,6,Yes,No,39,Poor
4231,Male,20,3,86,66,5,No,No,53,Average
4232,Male,22,1,76,89,2,No,No,61,Average
4233,Female,20,4,97,60,0,No,Yes,57,Average
4234,Female,22,3,54,48,9,Yes,No,55,Average
4235,Male,16,3,59,90,3,No,No,61,Average
4236,Male,18,6,81,86,9,No,Yes,77,Good
4237,Male,22,9,68,84,10,Yes,No,73,Good
4238,Male,17,10,83,48,1,No,No,61,Average
4239,Male,17,8,91,86,2,Yes,No,80,Excellent
4240,Female,21,7,81,65,7,Yes,No,69,Good
4241,Male,21,4,92,48,8,No,Yes,52,Average
4242,Female,16,3,100,92,2,Yes,Yes,78,Good
4243,Female,20,5,58,64,4,Yes,Yes,54,Average
4244,Female,22,8,93,76,6,Yes,Yes,84,Excellent
4245,Female,21,2,94,53,6,Yes,No,58,Average
4246,Male,19,10,58,41,8,No,No,63,Average
4247,Female,16,4,59,56,9,No,Yes,52,Average
4248,Female,16,1,54,46,5,No,No,32,Poor
4249,Male,18,9,95,84,10,Yes,Yes,87,Excellent
4250,Male,18,5,90,44,0,No,Yes,53,Average
4251,Female,16,6,75,64,8,No,Yes,63,Average
4252,Female,17,9,90,81,1,No,Yes,82,Excellent
4253,Male,19,6,72,72,0,Yes,Yes,53,Average
4254,Female,19,9,70,64,4,No,Yes,74,Good
4255,Male,20,5,52,45,9,Yes,Yes,60,Average
4256,Female,19,10,83,84,8,Yes,No,81,Excellent
4257,Male,16,2,73,73,6,No,No,50,Average
4258,Male,20,10,80,92,6,No,No,91,Excellent
4259,Male,21,4,60,66,1,No,Yes,51,Average
4260,Female,18,9,63,63,3,No,No,57,Average
4261,Male,19,6,78,85,2,No,Yes,69,Good
4262,Female,17,10,91,77,8,Yes,No,83,Excellent
4263,Female,19,3,56,69,7,No,Yes,46,Poor
4264,Male,20,5,77,67,8,No,Yes,56,Average
4265,Male,16,3,100,72,5,Yes,Yes,73,Good
4266,Male,19,7,77,77,8,Yes,No,77,Good
4267,Female,21,6,97,85,0,Yes,No,69,Good
4268,Female,18,7,56,55,0,No,Yes,43,Poor
4269,Female,17,1,90,69,3,Yes,No,63,Average
4270,Male,19,2,57,96,8,No,Yes,61,Average
4271,Male,21,8,91,72,6,Yes,Yes,71,Good
4272,Male,19,2,59,44,0,Yes,No,35,Poor
4273,Female,18,5,81,53,10,Yes,No,73,Good
4274,Female,19,2,98,79,6,Yes,No,62,Average
4275,Female,18,10,77,62,6,No,No,78,Good
4276,Female,16,10,89,86,10,No,Yes,86,Excellent
4277,Female,22,5,51,41,9,No,Yes,46,Poor
4278,Male,17,7,93,85,5,Yes,No,77,Good
4279,Male,17,2,87,44,4,Yes,Yes,57,Average
4280,Female,18,5,80,82,3,No,Yes,59,Average
4281,Male,19,10,57,45,5,Yes,Yes,57,Average
4282,Female,19,3,76,40,0,Yes,Yes,49,Poor
4283,Female,20,10,95,53,10,No,No,81,Excellent
4284,Female,22,9,63,54,5,No,Yes,66,Good
4285,Female,16,10,61,46,4,No,No,55,Average
4286,Male,19,4,95,72,6,No,No,65,Good
4287,Female,16,4,55,100,7,Yes,No,72,Good
4288,Female,17,9,59,59,6,No,No,61,Average
4289,Female,21,3,68,40,0,Yes,Yes,35,Poor
4290,Male,21,1,55,59,10,No,Yes,49,Poor
4291,Female,20,1,85,89,5,No,Yes,56,Average
4292,Female,16,7,91,52,0,Yes,Yes,65,Good
4293,Male,22,4,74,78,3,Yes,Yes,55,Average
4294,Male,21,1,87,43,8,Yes,Yes,58,Average
4295,Male,21,1,69,94,8,Yes,Yes,70,Good
4296,Male,18,5,54,61,8,Yes,Yes,57,Average
4297,Female,18,4,90,68,6,No,Yes,62,Average
4298,Male,19,3,84,98,10,Yes,Yes,71,Good
4299,Female,21,7,83,44,5,No,No,61,Average
4300,Female,22,1,72,98,3,Yes,Yes,52,Average
4301,Male,21,9,63,83,3,Yes,No,79,Good
4302,Female,20,8,89,72,4,Yes,Yes,70,Good
4303,Male,17,7,88,54,7,No,No,59,Average
4304,Male,19,8,77,70,1,No,No,69,Good
4305,Female,21,9,84,91,3,No,Yes,83,Excellent
4306,Male,16,2,96,81,6,Yes,No,71,Good
4307,Male,20,3,61,67,6,No,No,60,Average
4308,Male,20,4,78,81,6,Yes,No,69,Good
4309,Male,17,9,91,78,10,Yes,No,87,Excellent
4310,Female,22,6,86,74,1,Yes,No,69,Good
4311,Male,19,8,59,67,5,No,No,64,Average
4312,Male,20,4,85,63,8,Yes,No,57,Average
4313,Female,21,5,57,89,7,Yes,No,68,Good
4314,Female,20,10,62,76,1,Yes,No,74,Good
4315,Female,22,2,84,74,7,Yes,Yes,63,Average
4316,Female,16,1,91,63,0,Yes,Yes,52,Average
4317,Male,20,3,83,100,7,No,No,75,Good
4318,Male,21,4,91,41,2,Yes,Yes,50,Average
4319,Female,21,3,71,80,0,Yes,No,49,Poor
4320,Male,18,3,86,88,0,No,No,56,Average
4321,Female,17,4,62,66,9,Yes,Yes,52,Average
4322,Female,17,1,50,90,7,Yes,Yes,50,Average
4323,Female,22,3,74,81,6,Yes,No,69,Good
4324,Female,17,8,100,87,10,No,Yes,88,Excellent
4325,Female,22,2,91,88,4,No,No,66,Good
4326,Female,21,8,66,43,6,No,Yes,62,Average
4327,Female,18,6,64,56,5,Yes,No,63,Average
4328,Male,20,9,92,92,6,No,Yes,84,Excellent
4329,Female,22,5,85,87,3,No,No,64,Average
4330,Male,22,8,63,67,6,No,No,64,Average
4331,Female,16,8,80,63,8,No,Yes,79,Good
4332,Female,17,3,99,96,10,No,Yes,76,Good
4333,Female,17,7,88,84,5,Yes,No,69,Good
4334,Female,18,1,73,86,0,Yes,No,57,Average
4335,Male,17,1,53,69,3,No,Yes,40,Poor
4336,Female,21,8,78,54,7,Yes,No,70,Good
4337,Female,21,1,65,75,0,Yes,No,44,Poor
4338,Female,20,6,57,62,0,Yes,Yes,55,Average
4339,Male,16,3,85,46,4,Yes,No,53,Average
4340,Female,17,8,88,56,10,Yes,Yes,83,Excellent
4341,Female,17,2,96,86,1,Yes,Yes,63,Average
4342,Female,20,1,67,95,2,No,No,50,Average
4343,Male,22,5,59,75,6,No,Yes,62,Average
4344,Female,21,1,83,63,7,Yes,Yes,59,Average
4345,Male,18,6,55,56,10,No,Yes,52,Average
4346,Female,18,2,55,70,10,No,No,56,Average
4347,Male,22,4,94,69,0,No,Yes,66,Good
4348,Female,20,2,76,69,3,Yes,No,54,Average
4349,Male,16,3,55,82,5,No,No,59,Average
4350,Female,22,7,66,96,1,Yes,No,62,Average
4351,Male,20,2,82,90,10,No,No,64,Average
4352,Male,20,10,53,67,9,Yes,Yes,78,Good
4353,Male,16,4,89,78,5,Yes,No,75,Good
4354,Female,18,6,52,85,5,Yes,Yes,69,Good
4355,Male,17,2,61,100,3,No,Yes,64,Average
4356,Male,18,9,72,94,1,No,Yes,66,Good
4357,Male,18,10,65,65,4,No,Yes,64,Average
4358,Female,22,4,56,55,4,Yes,No,53,Average
4359,Female,19,7,79,51,9,Yes,Yes,70,Good
4360,Male,20,1,97,58,10,No,Yes,53,Average
4361,Male,21,5,65,67,9,No,Yes,55,Average
4362,Female,21,3,92,77,7,No,Yes,60,Average
4363,Female,16,7,59,83,9,Yes,No,68,Good
4364,Male,22,6,54,98,7,Yes,Yes,79,Good
4365,Female,22,7,59,83,9,Yes,Yes,80,Excellent
4366,Female,17,10,59,50,1,Yes,No,56,Average
4367,Female,19,4,93,69,6,No,Yes,57,Average
4368,Female,17,10,82,83,7,No,Yes,88,Excellent
4369,Female,18,10,97,79,1,No,Yes,72,Good
4370,Male,18,6,53,40,2,Yes,Yes,52,Average
4371,Male,20,8,85,79,0,Yes,No,75,Good
4372,Male,17,10,70,72,6,No,No,67,Good
4373,Female,21,1,67,40,9,Yes,No,52,Average
4374,Male,21,6,69,80,1,Yes,Yes,69,Good
4375,Male,16,2,65,93,8,Yes,No,60,Average
4376,Male,16,6,56,55,3,No,No,44,Poor
4377,Female,20,5,60,49,0,Yes,Yes,45,Poor
4378,Male,22,4,61,42,8,Yes,Yes,56,Average
4379,Male,21,7,64,66,0,Yes,Yes,66,Good
4380,Female,21,7,88,40,7,No,No,68,Good
4381,Male,17,1,52,41,5,Yes,Yes,38,Poor
4382,Male,22,1,80,98,0,No,Yes,61,Average
4383,Male,18,9,73,95,0,No,Yes,70,Good
4384,Female,19,1,83,63,1,Yes,Yes,50,Average
4385,Female,18,5,73,66,9,No,Yes,67,Good
4386,Male,18,7,57,78,2,No,No,67,Good
4387,Female,17,8,78,86,10,Yes,No,78,Good
4388,Female,17,10,72,65,1,Yes,No,74,Good
4389,Male,20,4,51,63,5,No,Yes,55,Average
4390,Male,17,9,83,70,4,Yes,Yes,71,Good
4391,Female,21,5,92,64,1,No,No,64,Average
4392,Male,17,8,77,53,3,Yes,No,60,Average
4393,Female,22,8,76,89,1,No,Yes,66,Good
4394,Female,17,5,82,54,1,No,No,52,Average
4395,Female,18,8,51,93,4,No,No,71,Good
4396,Male,20,9,80,99,0,Yes,No,78,Good
4397,Male,16,5,84,54,7,Yes,No,63,Average
4398,Male,22,6,86,51,2,Yes,Yes,68,Good
4399,Male,19,6,88,54,4,Yes,Yes,65,Good
4400,Male,19,3,87,46,1,No,Yes,44,Poor
4401,Female,18,8,57,73,3,Yes,Yes,60,Average
4402,Female,21,10,99,100,6,Yes,No,96,Excellent
4403,Female,20,10,96,90,8,No,No,90,Excellent
4404,Male,20,10,53,60,2,Yes,Yes,71,Good
4405,Male,16,5,84,94,6,No,No,75,Good
4406,Female,20,10,84,82,1,Yes,No,73,Good
4407,Male,17,6,76,95,3,Yes,No,70,Good
4408,Male,17,10,79,63,5,No,Yes,78,Good
4409,Male,19,10,69,78,6,Yes,No,86,Excellent
4410,Male,16,10,63,73,9,Yes,No,86,Excellent
4411,Female,21,1,57,88,3,Yes,No,46,Poor
4412,Male,19,6,62,90,10,Yes,Yes,78,Good
4413,Female,22,4,76,98,1,Yes,Yes,73,Good
4414,Female,18,10,52,88,0,No,Yes,66,Good
4415,Male,21,3,88,62,4,No,No,64,Average
4416,Female,18,7,65,83,9,Yes,Yes,81,Excellent
4417,Male,21,4,88,80,2,Yes,No,67,Good
4418,Female,19,5,54,93,9,Yes,No,63,Average
4419,Female,22,8,76,97,2,Yes,Yes,75,Good
4420,Female,22,1,57,84,8,No,Yes,53,Average
4421,Male,18,2,63,86,8,No,No,57,Average
4422,Female,18,7,63,89,0,Yes,Yes,73,Good
4423,Female,20,6,99,79,0,No,No,71,Good
4424,Female,17,5,96,42,8,Yes,Yes,71,Good
4425,Male,21,4,71,81,1,No,No,65,Good
4426,Male,16,4,63,79,7,Yes,No,69,Good
4427,Male,19,3,57,70,10,Yes,No,51,Average
4428,Male,18,3,91,50,10,Yes,No,58,Average
4429,Female,22,1,76,83,3,Yes,Yes,61,Average
4430,Female,18,1,56,97,8,Yes,No,60,Average
4431,Female,17,5,98,75,4,Yes,Yes,68,Good
4432,Female,17,6,50,84,9,No,No,69,Good
4433,Female,21,2,57,82,8,No,Yes,57,Average
4434,Female,18,1,89,91,9,No,Yes,66,Good
4435,Male,18,4,89,74,9,Yes,Yes,77,Good
4436,Male,18,5,90,48,4,No,Yes,51,Average
4437,Female,19,2,92,97,1,Yes,Yes,68,Good
4438,Male,18,10,67,51,9,Yes,Yes,69,Good
4439,Female,19,7,95,64,6,No,Yes,68,Good
4440,Male,17,4,84,64,1,No,Yes,49,Poor
4441,Male,20,1,89,90,3,No,Yes,59,Average
4442,Female,18,1,74,67,10,Yes,Yes,58,Average
4443,Male,17,4,69,83,8,Yes,Yes,67,Good
4444,Male,19,6,56,100,8,No,No,70,Good
4445,Male,20,7,99,91,5,No,Yes,80,Excellent
4446,Male,21,9,61,64,9,Yes,No,74,Good
4447,Female,19,5,63,61,0,No,Yes,58,Average
4448,Female,20,5,80,93,10,Yes,Yes,82,Excellent
4449,Female,18,6,63,60,9,Yes,No,68,Good
4450,Female,16,5,79,47,8,Yes,Yes,54,Average
4451,Female,18,3,85,72,7,Yes,No,66,Good
4452,Male,21,7,83,67,6,No,No,74,Good
4453,Male,19,2,79,84,10,Yes,No,60,Average
4454,Female,22,5,89,68,1,Yes,Yes,62,Average
4455,Female,22,8,56,61,6,No,No,66,Good
4456,Male,21,6,50,81,5,Yes,No,54,Average
4457,Male,19,8,92,58,4,Yes,Yes,73,Good
4458,Female,18,10,90,67,9,No,Yes,81,Excellent
4459,Female,22,1,91,61,6,No,Yes,61,Average
4460,Female,18,1,58,92,4,Yes,No,48,Poor
4461,Male,22,9,87,50,5,No,Yes,70,Good
4462,Female,22,3,71,43,10,Yes,No,62,Average
4463,Female,21,3,98,64,4,Yes,No,62,Average
4464,Female,20,4,98,87,6,Yes,No,72,Good
4465,Female,20,6,64,41,1,Yes,Yes,46,Poor
4466,Female,20,10,74,78,5,Yes,Yes,71,Good
4467,Female,21,9,73,49,7,No,No,74,Good
4468,Male,22,8,53,97,3,No,No,73,Good
4469,Male,16,4,97,67,3,No,No,63,Average
4470,Male,21,10,66,65,8,No,Yes,71,Good
4471,Female,20,2,93,49,3,Yes,No,60,Average
4472,Female,16,8,95,93,0,No,Yes,71,Good
4473,Male,18,5,72,69,7,No,Yes,67,Good
4474,Female,19,4,75,68,8,No,Yes,69,Good
4475,Male,22,8,66,90,7,No,No,75,Good
4476,Female,18,9,95,61,2,No,Yes,77,Good
4477,Female,22,5,51,88,3,No,No,63,Average
4478,Female,20,8,68,41,4,Yes,Yes,67,Good
4479,Female,19,6,55,59,9,No,No,56,Average
4480,Male,16,2,70,88,7,Yes,Yes,55,Average
4481,Female,22,1,91,85,0,No,Yes,60,Average
4482,Female,19,6,96,72,2,Yes,No,70,Good
4483,Female,17,9,71,81,10,No,No,77,Good
4484,Male,17,4,93,48,6,No,Yes,50,Average
4485,Male,18,8,51,94,9,Yes,Yes,68,Good
4486,Male,22,5,87,88,10,No,No,69,Good
4487,Male,20,10,82,76,9,No,No,75,Good
4488,Female,20,2,93,96,5,Yes,No,70,Good
4489,Male,19,2,69,86,4,No,No,60,Average
4490,Female,20,7,82,71,10,Yes,No,82,Excellent
4491,Female,19,7,85,96,2,Yes,No,73,Good
4492,Male,19,6,88,77,5,Yes,Yes,72,Good
4493,Female,21,4,94,54,0,Yes,Yes,64,Average
4494,Male,18,1,70,57,7,Yes,No,48,Poor
4495,Female,16,5,53,62,1,Yes,Yes,55,Average
4496,Female,16,5,81,59,7,Yes,Yes,58,Average
4497,Male,19,9,71,50,4,No,No,64,Average
4498,Male,16,4,70,78,4,No,Yes,50,Average
4499,Female,21,4,100,72,7,Yes,No,66,Good
4500,Male,19,5,81,70,4,Yes,Yes,59,Average
4501,Female,18,2,82,83,3,Yes,Yes,64,Average
4502,Female,17,5,76,89,5,Yes,No,68,Good
4503,Female,21,3,94,47,7,No,No,50,Average
4504,Male,21,2,60,75,6,No,No,60,Average
4505,Male,19,8,72,88,9,Yes,Yes,78,Good
4506,Male,20,4,69,74,9,Yes,Yes,58,Average
4507,Male,20,2,66,95,6,Yes,No,58,Average
4508,Male,18,3,56,84,9,No,No,58,Average
4509,Female,22,10,97,99,1,Yes,Yes,96,Excellent
4510,Male,17,8,62,58,1,Yes,No,64,Average
4511,Male,17,4,55,61,10,No,No,53,Average
4512,Male,16,6,64,42,3,Yes,No,54,Average
4513,Female,19,8,84,45,10,Yes,Yes,77,Good
4514,Female,20,9,69,82,5,No,No,78,Good
4515,Male,17,5,70,96,4,Yes,Yes,64,Average
4516,Female,19,10,88,57,5,Yes,Yes,82,Excellent
4517,Female,21,2,89,98,1,Yes,No,60,Average
4518,Male,21,7,94,79,1,Yes,Yes,81,Excellent
4519,Male,17,5,58,91,1,No,Yes,63,Average
4520,Female,17,2,90,91,7,No,No,63,Average
4521,Male,22,10,86,89,6,Yes,Yes,94,Excellent
4522,Male,21,5,81,76,1,Yes,Yes,67,Good
4523,Male,17,6,81,48,2,No,Yes,54,Average
4524,Female,17,1,52,81,10,No,No,54,Average
4525,Female,21,3,66,91,3,No,Yes,54,Average
4526,Female,16,5,71,51,0,No,Yes,45,Poor
4527,Female,16,7,52,58,8,Yes,Yes,58,Average
4528,Female,16,7,100,62,4,No,No,76,Good
4529,Female,21,10,71,42,9,Yes,No,65,Good
4530,Female,19,7,94,56,3,Yes,Yes,72,Good
4531,Female,21,6,77,91,2,Yes,No,78,Good
4532,Female,21,7,72,67,9,Yes,Yes,69,Good
4533,Male,21,1,76,81,2,Yes,Yes,49,Poor
4534,Female,22,4,85,64,0,No,No,55,Average
4535,Male,16,10,89,40,3,Yes,Yes,72,Good
4536,Female,22,5,83,77,5,Yes,Yes,70,Good
4537,Female,16,10,95,88,1,No,No,74,Good
4538,Female,17,5,78,48,8,Yes,No,55,Average
4539,Female,19,4,90,43,9,No,Yes,55,Average
4540,Female,19,1,85,56,8,No,No,55,Average
4541,Male,21,3,87,97,2,No,Yes,62,Average
4542,Female,21,9,50,88,1,Yes,Yes,67,Good
4543,Female,17,1,77,97,8,No,No,64,Average
4544,Female,19,7,90,71,8,Yes,No,77,Good
4545,Female,22,9,64,70,4,No,No,74,Good
4546,Female,17,2,64,62,10,Yes,Yes,63,Average
4547,Female,18,6,88,80,2,No,No,73,Good
4548,Female,16,2,95,80,4,No,Yes,66,Good
4549,Female,18,2,97,81,1,No,No,59,Average
4550,Female,17,5,89,66,5,No,Yes,67,Good
4551,Male,18,2,89,65,7,No,Yes,50,Average
4552,Female,20,4,72,87,8,Yes,Yes,64,Average
4553,Female,22,4,52,45,5,No,Yes,41,Poor
4554,Female,17,3,83,57,8,Yes,No,58,Average
4555,Male,19,7,85,43,9,No,No,58,Average
4556,Male,22,9,52,57,0,Yes,Yes,59,Average
4557,Female,16,6,64,68,3,No,No,62,Average
4558,Male,16,6,70,56,4,No,Yes,60,Average
4559,Female,20,3,75,42,9,No,No,52,Average
4560,Female,21,3,81,48,0,No,Yes,50,Average
4561,Female,20,10,54,46,9,Yes,No,72,Good
4562,Female,21,3,82,63,0,Yes,Yes,57,Average
4563,Female,21,4,85,55,0,No,No,54,Average
4564,Female,20,3,55,98,2,No,Yes,60,Average
4565,Male,17,10,73,65,7,No,No,77,Good
4566,Male,19,9,89,89,0,No,No,70,Good
4567,Male,20,9,54,69,7,No,No,60,Average
4568,Male,20,5,69,46,4,Yes,No,52,Average
4569,Female,19,5,89,74,2,Yes,No,73,Good
4570,Male,19,8,77,62,6,No,Yes,75,Good
4571,Male,18,6,69,86,9,No,Yes,72,Good
4572,Female,22,7,84,70,10,No,Yes,76,Good
4573,Female,22,10,61,100,2,Yes,No,71,Good
4574,Female,19,4,69,95,1,No,Yes,63,Average
4575,Female,19,2,53,82,0,Yes,Yes,50,Average
4576,Female,19,8,64,89,4,No,Yes,64,Average
4577,Female,21,9,80,48,2,No,No,69,Good
4578,Male,19,5,56,54,5,No,No,52,Average
4579,Female,19,9,71,96,10,No,No,81,Excellent
4580,Female,17,4,59,74,5,No,No,47,Poor
4581,Female,19,10,69,93,7,No,Yes,86,Excellent
4582,Female,16,3,100,97,8,No,Yes,73,Good
4583,Female,17,4,63,87,10,No,No,57,Average
4584,Female,16,8,56,56,6,No,Yes,60,Average
4585,Female,21,10,81,86,3,No,Yes,81,Excellent
4586,Female,20,6,52,73,3,No,No,58,Average
4587,Male,16,2,79,41,3,No,Yes,36,Poor
4588,Male,19,6,89,83,0,Yes,Yes,76,Good
4589,Female,19,8,86,90,10,No,Yes,90,Excellent
4590,Female,21,10,61,100,8,No,No,76,Good
4591,Female,21,3,57,87,5,Yes,No,65,Good
4592,Female,21,4,72,52,6,No,Yes,56,Average
4593,Male,21,9,88,66,0,No,Yes,75,Good
4594,Female,17,9,84,53,4,Yes,Yes,70,Good
4595,Male,22,2,98,52,9,Yes,Yes,62,Average
4596,Male,16,10,79,98,4,Yes,No,86,Excellent
4597,Female,19,7,93,99,3,No,No,83,Excellent
4598,Male,22,2,94,57,8,Yes,Yes,53,Average
4599,Female,19,4,73,89,10,No,No,65,Good
4600,Female,22,1,82,51,5,Yes,No,49,Poor
4601,Male,22,10,66,85,1,Yes,No,79,Good
4602,Male,16,3,93,48,3,Yes,Yes,56,Average
4603,Female,18,3,74,45,1,No,Yes,46,Poor
4604,Male,19,6,78,56,10,No,No,68,Good
4605,Male,17,6,93,92,5,No,No,70,Good
4606,Female,20,2,99,84,8,No,Yes,66,Good
4607,Male,19,4,82,41,10,No,Yes,50,Average
4608,Female,20,9,56,84,9,Yes,No,82,Excellent
4609,Female,22,2,84,89,4,No,Yes,61,Average
4610,Male,21,3,60,41,1,No,Yes,37,Poor
4611,Male,18,5,53,97,1,Yes,Yes,68,Good
4612,Female,20,4,74,40,3,Yes,No,54,Average
4613,Female,19,8,52,86,9,Yes,No,80,Excellent
4614,Male,16,9,65,89,7,No,Yes,79,Good
4615,Female,19,7,91,70,1,No,Yes,62,Average
4616,Male,17,1,68,74,8,No,Yes,54,Average
4617,Female,20,7,86,54,0,Yes,Yes,66,Good
4618,Male,21,6,100,65,4,No,No,70,Good
4619,Female,20,10,55,65,0,No,Yes,53,Average
4620,Male,22,5,100,91,9,Yes,No,74,Good
4621,Male,18,3,71,92,10,Yes,No,62,Average
4622,Male,20,2,97,95,5,Yes,Yes,75,Good
4623,Female,20,7,79,40,7,No,Yes,55,Average
4624,Male,17,2,88,55,10,No,Yes,60,Average
4625,Female,19,1,58,51,1,No,Yes,44,Poor
4626,Male,18,5,82,40,2,Yes,Yes,57,Average
4627,Female,22,9,69,52,10,Yes,Yes,77,Good
4628,Female,19,4,70,94,1,No,No,62,Average
4629,Male,19,10,63,89,5,Yes,Yes,76,Good
4630,Female,18,1,98,45,2,Yes,Yes,44,Poor
4631,Female,18,9,90,77,7,Yes,Yes,85,Excellent
4632,Female,16,8,81,45,7,Yes,Yes,61,Average
4633,Female,19,9,78,98,0,No,Yes,71,Good
4634,Female,21,7,50,61,1,No,No,51,Average
4635,Female,17,4,78,64,8,No,Yes,67,Good
4636,Male,19,8,92,67,0,Yes,No,71,Good
4637,Female,18,6,91,93,9,No,Yes,73,Good
4638,Female,22,4,52,54,3,Yes,No,53,Average
4639,Female,18,8,66,95,5,Yes,Yes,77,Good
4640,Female,20,1,87,59,7,Yes,Yes,50,Average
4641,Female,19,1,71,94,4,Yes,No,52,Average
4642,Male,20,10,73,92,9,No,No,88,Excellent
4643,Female,16,2,53,70,9,No,No,52,Average
4644,Male,18,5,93,87,5,No,No,78,Good
4645,Female,20,10,100,69,2,Yes,No,79,Good
4646,Female,20,6,67,100,10,Yes,Yes,70,Good
4647,Female,21,7,83,94,5,No,Yes,81,Excellent
4648,Male,21,10,96,78,2,No,Yes,77,Good
4649,Female,19,9,80,42,9,No,No,74,Good
4650,Female,20,6,79,42,10,Yes,No,60,Average
4651,Male,17,8,79,77,2,No,Yes,63,Average
4652,Male,19,4,72,47,2,No,Yes,45,Poor
4653,Male,19,9,91,98,2,No,Yes,78,Good
4654,Female,17,4,53,90,2,Yes,Yes,58,Average
4655,Male,19,1,100,65,0,No,No,51,Average
4656,Female,19,10,72,81,2,Yes,No,82,Excellent
4657,Female,18,3,88,59,1,Yes,No,55,Average
4658,Female,21,1,52,90,6,No,No,59,Average
4659,Male,18,9,80,89,5,Yes,Yes,76,Good
4660,Male,18,3,73,62,4,Yes,Yes,57,Average
4661,Female,19,7,98,59,2,No,No,59,Average
4662,Male,20,7,85,73,10,No,No,67,Good
4663,Male,16,4,96,77,2,Yes,Yes,66,Good
4664,Male,19,1,55,79,5,No,No,46,Poor
4665,Male,20,8,86,73,7,Yes,No,76,Good
4666,Female,18,3,69,76,5,No,Yes,51,Average
4667,Male,21,10,75,59,4,Yes,No,64,Average
4668,Male,17,3,84,75,8,Yes,No,58,Average
4669,Male,18,2,94,42,2,No,No,50,Average
4670,Female,17,1,59,83,2,Yes,Yes,57,Average
4671,Male,18,6,67,44,6,No,No,50,Average
4672,Male,16,5,75,66,2,No,No,49,Poor
4673,Male,18,3,75,83,10,No,No,65,Good
4674,Female,22,1,64,95,6,Yes,No,61,Average
4675,Male,21,9,62,52,0,No,No,53,Average
4676,Male,21,9,63,65,8,Yes,No,65,Good
4677,Female,22,5,71,68,9,Yes,Yes,62,Average
4678,Male,19,2,67,87,10,No,Yes,67,Good
4679,Male,16,6,52,86,1,No,No,64,Average
4680,Male,16,10,58,62,1,Yes,Yes,60,Average
4681,Female,20,6,58,55,3,Yes,No,47,Poor
4682,Female,20,4,98,70,9,No,Yes,64,Average
4683,Female,20,6,70,91,1,Yes,No,65,Good
4684,Female,16,5,88,50,0,No,No,60,Average
4685,Female,21,2,100,59,2,No,No,54,Average
4686,Male,17,7,58,62,9,Yes,Yes,60,Average
4687,Female,18,10,100,98,7,No,Yes,96,Excellent
4688,Female,19,3,98,56,4,Yes,No,59,Average
4689,Female,22,5,89,97,7,No,Yes,79,Good
4690,Male,19,2,71,97,6,No,Yes,69,Good
4691,Male,22,3,89,98,9,Yes,Yes,76,Good
4692,Male,21,5,58,58,7,No,Yes,46,Poor
4693,Male,20,5,50,78,1,No,No,59,Average
4694,Male,19,7,58,58,2,No,No,50,Average
4695,Male,18,5,88,49,0,Yes,No,56,Average
4696,Male,20,2,95,57,10,Yes,Yes,66,Good
4697,Female,19,4,56,100,1,No,Yes,55,Average
4698,Male,18,2,66,71,5,No,Yes,43,Poor
4699,Female,20,5,58,98,9,Yes,Yes,73,Good
4700,Female,19,5,60,50,9,Yes,No,62,Average
4701,Male,21,8,100,70,1,No,Yes,64,Average
4702,Female,17,7,99,98,2,No,No,78,Good
4703,Male,18,1,52,86,3,Yes,Yes,43,Poor
4704,Female,19,5,79,66,1,No,No,53,Average
4705,Female,20,8,65,93,5,No,No,65,Good
4706,Female,17,4,57,65,9,No,Yes,49,Poor
4707,Male,19,6,67,100,9,Yes,Yes,78,Good
4708,Male,21,10,75,77,0,No,No,69,Good
4709,Male,22,6,61,72,7,Yes,No,71,Good
4710,Male,17,9,56,97,3,Yes,Yes,81,Excellent
4711,Male,18,6,65,80,10,Yes,Yes,68,Good
4712,Female,19,5,56,94,2,Yes,No,70,Good
4713,Male,16,10,84,63,3,No,Yes,65,Good
4714,Male,17,6,52,60,1,No,Yes,46,Poor
4715,Female,22,3,70,46,0,No,Yes,45,Poor
4716,Male,18,9,81,43,9,No,Yes,69,Good
4717,Female,17,5,71,65,4,Yes,Yes,57,Average
4718,Male,22,6,55,48,5,Yes,Yes,61,Average
4719,Female,20,2,65,92,5,Yes,No,59,Average
4720,Female,20,5,98,44,9,No,Yes,66,Good
4721,Male,22,6,72,71,1,No,No,58,Average
4722,Female,20,3,67,66,3,Yes,No,48,Poor
4723,Female,17,2,92,82,8,No,No,64,Average
4724,Male,17,1,99,40,7,No,Yes,53,Average
4725,Female,18,3,53,60,9,No,No,55,Average
4726,Male,19,2,69,52,10,Yes,No,46,Poor
4727,Male,21,10,52,46,0,Yes,No,62,Average
4728,Male,22,1,96,53,9,Yes,No,67,Good
4729,Male,20,10,63,42,4,No,Yes,64,Average
4730,Female,20,9,57,66,8,No,No,61,Average
4731,Female,19,10,52,62,10,Yes,No,74,Good
4732,Male,22,9,84,88,2,No,No,73,Good
4733,Female,16,8,59,85,7,Yes,Yes,68,Good
4734,Female,19,3,90,52,7,Yes,No,65,Good
4735,Female,16,8,83,54,0,Yes,Yes,68,Good
4736,Female,20,10,87,80,9,No,Yes,84,Excellent
4737,Female,18,10,85,53,6,No,Yes,72,Good
4738,Female,19,5,86,42,6,No,No,63,Average
4739,Female,16,9,71,88,7,Yes,Yes,85,Excellent
4740,Female,18,7,52,62,10,No,No,60,Average
4741,Male,17,2,82,43,10,No,Yes,48,Poor
4742,Male,21,1,58,62,8,No,No,48,Poor
4743,Male,17,8,95,70,7,Yes,Yes,78,Good
4744,Male,19,8,94,75,7,Yes,Yes,86,Excellent
4745,Male,18,5,85,70,10,Yes,Yes,67,Good
4746,Male,18,1,58,63,4,No,No,35,Poor
4747,Female,18,5,87,42,8,Yes,Yes,69,Good
4748,Female,21,8,65,73,8,No,Yes,70,Good
4749,Male,16,7,63,40,3,No,Yes,59,Average
4750,Female,22,1,51,41,9,Yes,No,41,Poor
4751,Male,17,10,69,79,3,Yes,No,75,Good
4752,Female,19,10,86,81,6,No,No,86,Excellent
4753,Female,17,9,89,71,3,No,Yes,82,Excellent
4754,Male,17,3,71,49,7,No,No,44,Poor
4755,Female,17,3,65,42,2,Yes,No,38,Poor
4756,Female,19,8,78,94,1,Yes,No,70,Good
4757,Male,20,10,97,42,4,Yes,Yes,82,Excellent
4758,Male,18,2,76,65,6,Yes,Yes,53,Average
4759,Male,20,3,81,73,8,No,No,69,Good
4760,Male,20,9,74,91,3,No,Yes,77,Good
4761,Male,19,7,89,60,8,No,No,71,Good
4762,Male,16,3,60,91,4,Yes,No,64,Average
4763,Female,21,2,65,95,7,Yes,No,57,Average
4764,Female,18,1,64,100,1,Yes,Yes,52,Average
4765,Female,21,7,90,77,1,No,Yes,68,Good
4766,Male,16,7,55,41,4,No,Yes,58,Average
4767,Male,22,2,87,91,9,Yes,No,74,Good
4768,Male,18,8,76,75,8,Yes,No,70,Good
4769,Male,17,5,55,57,1,Yes,Yes,58,Average
4770,Male,16,9,90,46,4,Yes,No,64,Average
4771,Female,17,6,90,47,7,Yes,No,67,Good
4772,Female,16,9,73,66,0,No,Yes,68,Good
4773,Male,16,5,92,92,8,No,Yes,70,Good
4774,Female,17,2,66,91,5,No,No,59,Average
4775,Female,17,3,79,60,10,No,No,52,Average
4776,Female,21,5,51,54,3,No,No,47,Poor
4777,Female,16,10,64,55,9,Yes,Yes,77,Good
4778,Male,16,3,90,65,4,Yes,Yes,65,Good
4779,Male,17,3,77,88,7,No,Yes,58,Average
4780,Female,18,8,75,55,1,Yes,Yes,55,Average
4781,Female,21,6,68,66,1,Yes,No,58,Average
4782,Female,16,7,68,41,0,No,No,51,Average
4783,Female,19,10,69,96,8,No,No,90,Excellent
4784,Male,20,2,79,40,10,Yes,No,49,Poor
4785,Female,16,8,79,40,1,No,No,56,Average
4786,Male,18,10,69,78,3,Yes,Yes,81,Excellent
4787,Female,16,2,78,46,9,No,Yes,44,Poor
4788,Male,20,1,60,99,1,No,No,52,Average
4789,Male,22,6,71,94,9,No,No,74,Good
4790,Female,17,4,92,82,8,No,No,72,Good
4791,Female,17,4,86,46,7,Yes,Yes,59,Average
4792,Female,17,1,98,43,4,Yes,No,56,Average
4793,Male,17,7,95,47,9,No,No,68,Good
4794,Female,19,4,86,95,4,No,Yes,68,Good
4795,Male,21,3,62,90,8,No,No,63,Average
4796,Female,22,10,59,95,7,No,No,72,Good
4797,Female,21,2,65,57,9,Yes,Yes,61,Average
4798,Male,19,1,77,40,5,No,Yes,50,Average
4799,Male,22,6,79,78,2,Yes,Yes,71,Good
4800,Female,18,1,75,84,9,Yes,No,62,Average
4801,Female,18,7,63,92,9,No,Yes,68,Good
4802,Male,21,6,73,71,0,Yes,Yes,61,Average
4803,Female,19,2,96,74,6,No,Yes,65,Good
4804,Male,17,10,91,43,5,Yes,Yes,77,Good
4805,Female,16,1,92,45,1,Yes,Yes,50,Average
4806,Female,16,7,54,94,9,No,Yes,71,Good
4807,Male,22,10,90,72,1,Yes,Yes,77,Good
4808,Male,16,9,82,48,10,Yes,No,78,Good
4809,Male,22,9,75,70,2,Yes,Yes,65,Good
4810,Female,18,5,83,47,7,No,Yes,64,Average
4811,Male,18,7,54,78,2,Yes,Yes,70,Good
4812,Female,17,1,76,53,1,No,No,37,Poor
4813,Male,19,2,90,80,10,Yes,Yes,65,Good
4814,Male,19,5,98,47,10,No,Yes,71,Good
4815,Male,18,10,87,44,6,No,No,70,Good
4816,Female,22,4,59,54,9,Yes,Yes,53,Average
4817,Male,17,9,59,96,10,No,No,74,Good
4818,Male,19,10,65,69,9,No,No,71,Good
4819,Female,18,3,89,66,4,No,No,66,Good
4820,Male,22,4,97,80,6,No,Yes,64,Average
4821,Male,18,4,64,42,6,No,Yes,56,Average
4822,Male,18,9,81,70,1,No,No,72,Good
4823,Male,22,7,94,96,2,No,No,70,Good
4824,Male,18,10,56,84,2,Yes,No,76,Good
4825,Male,19,3,57,66,2,No,No,38,Poor
4826,Female,17,4,70,72,4,Yes,Yes,57,Average
4827,Male,18,10,87,76,7,No,Yes,87,Excellent
4828,Male,20,6,81,94,9,No,No,70,Good
4829,Male,18,8,67,83,1,Yes,Yes,76,Good
4830,Female,19,8,50,53,8,No,Yes,62,Average
4831,Male,21,8,77,46,1,Yes,No,62,Average
4832,Male,17,4,51,90,0,Yes,No,59,Average
4833,Female,16,9,94,49,9,Yes,No,73,Good
4834,Female,17,3,57,42,7,Yes,Yes,44,Poor
4835,Male,17,7,72,88,4,No,Yes,66,Good
4836,Male,19,3,50,44,9,No,Yes,46,Poor
4837,Female,20,8,66,93,10,Yes,No,78,Good
4838,Male,20,7,98,96,3,No,No,73,Good
4839,Male,20,6,72,61,1,Yes,Yes,62,Average
4840,Female,16,9,57,79,4,No,Yes,63,Average
4841,Female,17,4,94,43,0,Yes,No,46,Poor
4842,Male,17,3,65,60,0,Yes,Yes,40,Poor
4843,Female,21,5,93,49,10,No,Yes,71,Good
4844,Female,22,4,86,47,6,Yes,Yes,54,Average
4845,Female,21,7,64,47,6,No,No,64,Average
4846,Female,16,4,63,94,0,No,No,57,Average
4847,Male,16,1,74,46,6,No,No,50,Average
4848,Male,16,9,68,58,5,Yes,Yes,70,Good
4849,Male,19,7,69,49,9,No,Yes,70,Good
4850,Male,20,3,68,46,1,No,Yes,45,Poor
4851,Male,21,10,76,79,9,No,Yes,78,Good
4852,Male,18,3,95,61,5,Yes,Yes,59,Average
4853,Female,21,9,53,60,8,Yes,No,73,Good
4854,Male,17,6,67,87,0,No,No,65,Good
4855,Female,18,4,88,63,0,Yes,Yes,53,Average
4856,Female,22,3,70,60,8,No,Yes,60,Average
4857,Male,21,9,85,74,2,No,Yes,71,Good
4858,Female,19,5,84,77,0,Yes,Yes,64,Average
4859,Male,22,9,82,40,9,No,Yes,73,Good
4860,Female,22,5,58,51,9,Yes,No,59,Average
4861,Female,21,6,88,96,2,Yes,No,78,Good
4862,Female,19,6,78,71,9,Yes,Yes,70,Good
4863,Male,20,9,64,41,4,No,No,63,Average
4864,Male,19,5,70,89,10,Yes,Yes,77,Good
4865,Female,20,10,72,73,9,No,Yes,72,Good
4866,Female,21,3,61,47,3,Yes,No,54,Average
4867,Male,16,1,82,52,4,No,No,41,Poor
4868,Female,21,9,90,76,8,Yes,Yes,90,Excellent
4869,Male,19,2,97,47,3,No,Yes,57,Average
4870,Female,21,6,94,65,0,Yes,Yes,74,Good
4871,Female,21,9,83,83,5,Yes,No,88,Excellent
4872,Male,20,2,84,89,4,Yes,No,68,Good
4873,Female,16,10,50,81,0,No,Yes,71,Good
4874,Female,20,10,89,94,10,No,No,92,Excellent
4875,Male,21,5,69,57,1,Yes,No,58,Average
4876,Female,21,7,58,64,10,No,No,63,Average
4877,Male,22,8,72,76,1,No,Yes,65,Good
4878,Female,18,10,91,98,8,Yes,No,86,Excellent
4879,Female,22,10,95,90,9,No,No,98,Excellent
4880,Male,19,9,98,54,10,No,No,83,Excellent
4881,Male,19,8,83,59,3,No,Yes,73,Good
4882,Male,16,8,91,82,1,No,No,77,Good
4883,Male,21,4,70,82,0,Yes,No,67,Good
4884,Male,19,10,60,49,3,Yes,No,65,Good
4885,Male,17,4,76,77,9,No,Yes,67,Good
4886,Male,21,3,64,45,2,No,No,40,Poor
4887,Female,19,4,70,84,10,No,Yes,67,Good
4888,Male,17,5,88,84,0,Yes,Yes,63,Average
4889,Male,18,8,81,44,4,No,No,54,Average
4890,Male,21,6,70,63,5,No,Yes,56,Average
4891,Female,16,7,57,70,4,Yes,Yes,68,Good
4892,Male,18,6,86,57,7,No,Yes,62,Average
4893,Male,20,10,65,99,10,Yes,Yes,94,Excellent
4894,Male,22,7,70,41,7,No,Yes,54,Average
4895,Female,22,3,84,81,3,Yes,No,67,Good
4896,Female,18,7,85,84,5,Yes,Yes,76,Good
4897,Male,18,6,71,77,5,Yes,Yes,72,Good
4898,Male,21,6,77,40,7,No,No,58,Average
4899,Male,17,3,81,66,3,Yes,No,63,Average
4900,Female,16,9,61,84,3,No,No,65,Good
4901,Female,20,1,61,100,10,Yes,Yes,57,Average
4902,Female,18,6,93,41,6,Yes,No,57,Average
4903,Male,21,8,51,98,1,No,Yes,63,Average
4904,Female,16,4,87,94,3,No,No,60,Average
4905,Male,19,10,80,97,2,Yes,No,80,Excellent
4906,Female,20,4,93,55,10,Yes,Yes,64,Average
4907,Female,22,10,59,47,0,No,Yes,49,Poor
4908,Male,16,3,61,98,6,Yes,Yes,60,Average
4909,Male,20,4,91,69,7,No,Yes,71,Good
4910,Male,18,5,89,75,5,No,No,64,Average
4911,Female,16,7,62,49,2,Yes,Yes,53,Average
4912,Female,20,9,53,97,4,No,No,76,Good
4913,Female,20,10,70,48,4,No,No,56,Average
4914,Female,22,1,91,67,4,No,Yes,54,Average
4915,Female,17,6,79,53,7,No,No,69,Good
4916,Female,20,9,66,40,7,Yes,No,69,Good
4917,Female,19,8,79,89,0,No,Yes,66,Good
4918,Male,17,9,69,49,6,Yes,Yes,75,Good
4919,Male,19,2,95,81,6,No,Yes,70,Good
4920,Female,16,6,62,95,7,Yes,No,65,Good
4921,Female,19,7,84,72,0,Yes,Yes,71,Good
4922,Male,18,8,86,93,5,Yes,Yes,88,Excellent
4923,Female,16,3,98,88,4,Yes,No,69,Good
4924,Female,21,5,55,93,6,Yes,Yes,60,Average
4925,Female,20,1,83,68,0,Yes,No,43,Poor
4926,Male,19,2,73,50,0,No,No,37,Poor
4927,Female,19,5,53,58,3,Yes,No,55,Average
4928,Male,20,7,78,84,2,No,No,62,Average
4929,Male,18,2,55,42,9,Yes,Yes,53,Average
4930,Female,22,2,81,75,5,Yes,Yes,52,Average
4931,Male,16,3,72,82,4,No,Yes,57,Average
4932,Female,16,2,50,83,2,No,No,54,Average
4933,Female,21,8,93,84,10,No,Yes,88,Excellent
4934,Female,20,8,97,59,4,Yes,No,70,Good
4935,Male,21,10,98,87,4,Yes,Yes,88,Excellent
4936,Female,19,5,57,62,3,No,No,44,Poor
4937,Female,16,4,65,69,9,Yes,No,67,Good
4938,Female,21,10,99,90,10,No,No,87,Excellent
4939,Female,22,1,83,60,5,No,Yes,56,Average
4940,Female,20,1,73,73,4,No,Yes,50,Average
4941,Female,20,10,52,72,0,Yes,No,73,Good
4942,Female,17,5,97,42,10,No,No,64,Average
4943,Female,18,1,86,79,9,No,Yes,58,Average
4944,Male,18,4,70,49,7,Yes,Yes,51,Average
4945,Female,21,1,94,73,5,Yes,No,66,Good
4946,Male,20,10,85,82,5,Yes,Yes,77,Good
4947,Male,18,10,76,47,8,Yes,Yes,79,Good
4948,Male,21,5,94,99,8,Yes,Yes,77,Good
4949,Female,21,7,66,49,5,No,Yes,49,Poor
4950,Male,22,6,68,74,2,No,Yes,56,Average
4951,Female,22,5,80,83,4,No,No,66,Good
4952,Female,16,5,61,77,3,No,Yes,64,Average
4953,Male,21,8,100,96,2,Yes,No,89,Excellent
4954,Male,19,3,81,61,8,Yes,No,64,Average
4955,Female,20,3,77,68,6,No,No,64,Average
4956,Male,18,5,71,72,4,No,No,53,Average
4957,Male,18,1,57,98,9,Yes,Yes,66,Good
4958,Male,21,6,88,67,2,No,No,57,Average
4959,Female,18,7,65,73,9,Yes,Yes,67,Good
4960,Female,22,9,68,90,4,No,Yes,79,Good
4961,Male,19,2,54,63,6,No,Yes,42,Poor
4962,Male,22,1,79,41,10,No,No,48,Poor
4963,Female,22,6,64,46,6,Yes,Yes,53,Average
4964,Female,21,5,65,55,0,Yes,No,48,Poor
4965,Female,16,9,76,80,10,Yes,No,83,Excellent
4966,Male,22,6,76,52,1,Yes,Yes,51,Average
4967,Female,20,1,81,74,2,No,Yes,55,Average
4968,Female,16,6,94,96,4,No,No,84,Excellent
4969,Male,19,4,72,67,5,No,Yes,65,Good
4970,Male,17,9,93,73,2,No,Yes,68,Good
4971,Female,21,9,95,74,6,No,Yes,81,Excellent
4972,Male,19,10,95,78,8,No,Yes,93,Excellent
4973,Male,21,9,68,68,0,No,Yes,56,Average
4974,Male,16,4,93,50,9,No,Yes,59,Average
4975,Male,21,3,51,53,6,No,No,46,Poor
4976,Female,22,8,97,70,8,No,Yes,83,Excellent
4977,Male,17,8,59,73,7,No,Yes,66,Good
4978,Male,16,9,80,68,8,Yes,No,84,Excellent
4979,Female,21,1,76,51,10,Yes,Yes,54,Average
4980,Male,22,6,80,55,5,No,Yes,58,Average
4981,Male,22,8,81,81,0,Yes,No,74,Good
4982,Male,18,9,72,85,9,No,Yes,72,Good
4983,Female,22,8,64,87,10,Yes,Yes,81,Excellent
4984,Female,16,5,95,50,4,Yes,Yes,65,Good
4985,Male,18,5,76,73,9,Yes,No,75,Good
4986,Female,18,2,56,66,7,Yes,No,57,Average
4987,Female,19,8,64,73,6,No,No,59,Average
4988,Male,18,9,92,99,4,No,No,83,Excellent
4989,Female,17,3,89,94,1,Yes,No,68,Good
4990,Male,20,8,94,68,0,Yes,No,69,Good
4991,Female,21,10,66,100,5,No,Yes,85,Excellent
4992,Male,16,8,76,41,10,No,Yes,58,Average
4993,Female,17,1,64,95,3,Yes,Yes,55,Average
4994,Male,16,7,59,74,3,Yes,No,68,Good
4995,Male,18,9,99,44,0,Yes,Yes,71,Good
4996,Male,17,8,67,93,3,No,No,77,Good
4997,Female,17,8,81,50,8,No,Yes,69,Good
4998,Female,18,10,77,82,9,No,No,83,Excellent
4999,Female,19,6,86,61,9,No,No,60,Average
5000,Male,18,4,94,80,6,Yes,Yes,77,Good
5001,Male,18,9,73,96,4,Yes,Yes,83,Excellent
5002,Female,21,6,58,87,10,No,Yes,62,Average
5003,Male,21,9,91,72,2,Yes,No,78,Good
5004,Female,22,2,89,80,2,Yes,No,64,Average
5005,Female,18,5,70,49,0,Yes,Yes,47,Poor
5006,Male,21,7,98,79,4,No,Yes,67,Good
5007,Male,18,1,62,92,5,Yes,Yes,51,Average
5008,Female,21,5,68,40,2,Yes,No,49,Poor
5009,Female,21,1,86,56,1,Yes,Yes,42,Poor
5010,Female,21,3,72,70,9,No,Yes,51,Average
5011,Male,22,8,88,98,4,Yes,Yes,82,Excellent
5012,Female,18,5,76,40,1,Yes,Yes,49,Poor
5013,Male,21,4,66,91,8,No,No,59,Average
5014,Female,17,10,99,83,9,No,Yes,95,Excellent
5015,Male,20,7,55,51,7,Yes,No,55,Average
5016,Male,22,2,59,41,2,Yes,Yes,48,Poor
5017,Male,17,1,55,58,9,No,Yes,42,Poor
5018,Female,20,9,91,73,1,No,No,74,Good
5019,Male,17,4,57,92,9,Yes,Yes,75,Good
5020,Male,16,4,62,60,6,Yes,Yes,62,Average
5021,Female,17,7,90,65,7,Yes,No,68,Good
5022,Female,16,1,91,53,8,Yes,Yes,65,Good
5023,Male,18,1,70,92,0,Yes,Yes,52,Average
5024,Female,16,4,67,100,4,No,No,56,Average
5025,Female,16,5,83,70,6,No,Yes,71,Good
5026,Male,18,3,72,85,10,No,Yes,64,Average
5027,Male,22,7,98,87,3,Yes,No,71,Good
5028,Female,21,8,91,72,1,Yes,Yes,75,Good
5029,Female,22,1,62,88,9,No,Yes,50,Average
5030,Female,19,8,51,40,5,No,No,56,Average
5031,Male,21,10,65,95,2,Yes,Yes,84,Excellent
5032,Female,16,8,56,87,10,No,Yes,65,Good
5033,Male,22,2,67,81,0,No,Yes,48,Poor
5034,Female,17,5,63,94,0,No,No,67,Good
5035,Female,18,9,94,73,8,Yes,Yes,83,Excellent
5036,Female,18,10,96,40,9,No,Yes,71,Good
5037,Female,20,3,93,63,8,No,No,65,Good
5038,Female,22,2,63,79,1,No,Yes,47,Poor
5039,Female,20,3,99,88,3,No,No,65,Good
5040,Male,17,7,86,93,10,Yes,Yes,83,Excellent
5041,Female,16,5,94,55,6,No,No,66,Good
5042,Female,19,7,67,73,6,No,No,60,Average
5043,Male,17,8,99,45,2,Yes,No,67,Good
5044,Male,19,6,72,96,2,No,No,71,Good
5045,Female,16,5,72,72,4,Yes,Yes,58,Average
5046,Female,18,2,73,68,2,Yes,No,50,Average
5047,Female,16,2,76,74,6,Yes,Yes,60,Average
5048,Female,16,4,74,44,1,Yes,No,41,Poor
5049,Male,18,6,95,80,4,No,No,72,Good
5050,Female,21,7,82,55,6,No,Yes,72,Good
5051,Female,16,5,51,52,4,No,No,47,Poor
5052,Male,22,10,72,83,6,No,Yes,70,Good
5053,Male,16,2,55,78,6,Yes,Yes,61,Average
5054,Male,17,9,74,91,9,No,No,77,Good
5055,Male,21,8,97,95,3,No,Yes,84,Excellent
5056,Male,20,6,93,80,7,Yes,Yes,77,Good
5057,Male,22,10,86,45,6,No,Yes,65,Good
5058,Female,17,7,94,90,4,Yes,Yes,80,Excellent
5059,Female,20,5,62,95,7,No,Yes,59,Average
5060,Male,17,8,86,61,10,No,Yes,75,Good
5061,Female,20,6,66,58,9,No,No,63,Average
5062,Female,17,2,97,88,7,No,No,64,Average
5063,Female,18,3,82,40,0,Yes,No,41,Poor
5064,Male,17,5,69,69,9,No,No,60,Average
5065,Female,18,2,76,85,3,Yes,Yes,64,Average
5066,Female,21,9,88,71,1,Yes,Yes,68,Good
5067,Female,16,8,85,100,1,Yes,No,82,Excellent
5068,Female,19,2,97,87,3,Yes,No,67,Good
5069,Male,16,5,61,80,10,Yes,No,71,Good
5070,Female,22,9,62,80,3,No,Yes,75,Good
5071,Male,22,7,92,71,9,Yes,Yes,71,Good
5072,Male,19,6,74,57,10,No,No,59,Average
5073,Female,18,9,85,48,1,No,Yes,71,Good
5074,Male,16,1,81,86,9,Yes,Yes,70,Good
5075,Male,16,5,75,56,4,No,Yes,51,Average
5076,Male,16,10,79,63,4,Yes,No,82,Excellent
5077,Female,21,9,84,94,10,No,Yes,85,Excellent
5078,Male,21,8,68,75,10,No,No,65,Good
5079,Male,19,9,85,96,1,Yes,No,80,Excellent
5080,Female,18,2,60,45,10,Yes,Yes,46,Poor
5081,Male,19,10,87,43,9,No,No,78,Good
5082,Male,17,9,77,63,3,Yes,No,76,Good
5083,Male,19,5,75,88,10,Yes,Yes,66,Good
5084,Male,17,8,50,93,9,Yes,No,68,Good
5085,Male,19,9,99,43,8,No,No,72,Good
5086,Female,16,8,100,88,0,Yes,No,87,Excellent
5087,Female,20,3,93,84,6,No,No,73,Good
5088,Female,21,3,89,66,5,Yes,No,63,Average
5089,Female,22,6,75,60,7,Yes,No,72,Good
5090,Female,18,5,55,89,9,Yes,Yes,74,Good
5091,Female,19,8,86,62,0,Yes,Yes,68,Good
5092,Female,22,3,98,49,0,Yes,No,52,Average
5093,Male,20,4,53,53,2,No,No,47,Poor
5094,Male,18,8,64,55,0,Yes,No,59,Average
5095,Male,21,7,64,61,1,No,No,52,Average
5096,Female,18,8,75,87,7,No,Yes,72,Good
5097,Male,21,9,62,70,10,Yes,Yes,78,Good
5098,Female,19,7,88,99,3,Yes,Yes,87,Excellent
5099,Male,17,4,66,48,2,No,No,43,Poor
5100,Female,19,3,100,93,3,No,Yes,65,Good
5101,Male,22,10,63,46,0,Yes,Yes,68,Good
5102,Male,16,9,94,77,4,Yes,Yes,81,Excellent
5103,Male,17,8,50,57,3,Yes,Yes,56,Average
5104,Male,21,9,82,53,8,No,No,75,Good
5105,Male,17,6,91,71,8,Yes,No,81,Excellent
5106,Female,19,2,87,73,10,No,Yes,70,Good
5107,Female,20,7,84,41,10,No,No,68,Good
5108,Male,18,5,96,93,2,Yes,No,81,Excellent
5109,Male,19,10,92,50,6,No,Yes,76,Good
5110,Female,21,3,90,92,7,Yes,No,80,Excellent
5111,Female,20,4,66,86,2,Yes,Yes,60,Average
5112,Female,20,10,79,98,10,Yes,Yes,85,Excellent
5113,Female,16,4,60,46,9,No,No,54,Average
5114,Female,22,2,93,83,0,Yes,No,53,Average
5115,Female,19,7,97,81,8,No,Yes,83,Excellent
5116,Male,17,5,81,66,7,Yes,No,72,Good
5117,Female,17,9,87,62,9,Yes,Yes,78,Good
5118,Male,17,5,59,94,7,No,Yes,61,Average
5119,Male,18,6,86,88,6,Yes,No,77,Good
5120,Male,20,7,64,78,9,No,No,70,Good
5121,Female,17,9,86,62,5,No,No,75,Good
5122,Male,22,6,62,44,7,Yes,No,55,Average
5123,Male,16,3,97,94,1,Yes,Yes,75,Good
5124,Male,19,7,64,83,2,No,No,70,Good
5125,Male,21,3,60,100,3,No,No,58,Average
5126,Male,20,2,77,82,6,Yes,Yes,57,Average
5127,Female,20,1,69,75,8,No,No,46,Poor
5128,Female,17,3,76,59,4,No,Yes,59,Average
5129,Male,20,6,90,100,4,Yes,No,84,Excellent
5130,Female,22,10,92,41,9,Yes,No,72,Good
5131,Female,18,6,90,100,8,Yes,Yes,84,Excellent
5132,Female,22,8,65,85,4,No,No,70,Good
5133,Male,19,4,94,54,8,No,Yes,64,Average
5134,Male,20,10,51,82,5,No,No,73,Good
5135,Male,20,4,78,74,4,No,No,54,Average
5136,Female,19,5,65,92,4,No,Yes,68,Good
5137,Male,20,4,82,42,6,Yes,No,49,Poor
5138,Male,17,1,82,95,9,No,No,69,Good
5139,Female,18,4,69,89,3,No,No,68,Good
5140,Male,20,6,61,47,2,Yes,No,56,Average
5141,Female,22,4,82,68,1,Yes,Yes,57,Average
5142,Female,22,5,76,79,4,No,No,55,Average
5143,Female,20,1,63,70,6,No,No,48,Poor
5144,Male,19,10,57,82,1,No,Yes,65,Good
5145,Female,16,6,52,88,3,No,No,63,Average
5146,Male,21,9,95,99,1,Yes,Yes,86,Excellent
5147,Female,18,9,88,54,3,Yes,No,67,Good
5148,Male,21,7,50,46,3,No,No,41,Poor
5149,Male,17,10,71,90,7,Yes,Yes,78,Good
5150,Female,16,3,68,91,5,No,Yes,54,Average
5151,Male,20,1,74,87,10,Yes,No,59,Average
5152,Male,19,6,52,96,5,No,Yes,59,Average
5153,Male,22,10,76,74,7,Yes,No,87,Excellent
5154,Male,19,1,84,40,10,No,Yes,48,Poor
5155,Female,22,9,95,90,5,Yes,No,81,Excellent
5156,Female,16,3,87,54,3,Yes,Yes,54,Average
5157,Male,20,6,60,48,0,No,Yes,40,Poor
5158,Female,19,2,80,71,5,No,No,51,Average
5159,Female,18,9,50,64,6,Yes,Yes,63,Average
5160,Female,22,3,96,42,10,Yes,Yes,66,Good
5161,Male,16,7,70,71,10,Yes,Yes,68,Good
5162,Male,20,7,53,93,10,Yes,Yes,69,Good
5163,Male,22,4,93,79,9,Yes,Yes,67,Good
5164,Female,18,6,87,95,8,No,Yes,71,Good
5165,Male,22,3,64,47,4,No,No,53,Average
5166,Female,22,1,87,85,6,Yes,No,56,Average
5167,Male,18,1,72,50,1,Yes,Yes,36,Poor
5168,Male,22,7,50,73,1,No,No,50,Average
5169,Male,18,5,97,90,6,Yes,Yes,85,Excellent
5170,Female,18,1,99,75,3,No,No,60,Average
5171,Male,18,10,72,41,6,Yes,No,76,Good
5172,Female,19,3,94,100,7,No,No,77,Good
5173,Female,20,9,64,83,9,No,Yes,83,Excellent
5174,Female,17,10,67,45,4,Yes,Yes,67,Good
5175,Female,19,8,77,51,5,Yes,No,72,Good
5176,Male,22,7,88,45,9,No,Yes,59,Average
5177,Female,19,5,81,48,8,No,Yes,66,Good
5178,Male,21,7,83,60,9,Yes,Yes,76,Good
5179,Female,20,8,74,45,1,No,No,53,Average
5180,Female,19,1,99,52,4,Yes,No,59,Average
5181,Female,19,1,57,65,5,No,Yes,51,Average
5182,Male,22,5,52,50,1,No,No,40,Poor
5183,Male,16,3,70,49,4,Yes,Yes,52,Average
5184,Male,18,7,52,40,8,No,No,57,Average
5185,Female,19,3,56,63,0,No,Yes,35,Poor
5186,Female,21,4,71,52,1,Yes,Yes,59,Average
5187,Male,18,7,51,61,9,Yes,No,59,Average
5188,Female,17,3,96,85,1,Yes,Yes,62,Average
5189,Female,18,4,96,46,4,Yes,No,52,Average
5190,Female,20,4,66,84,3,No,No,54,Average
5191,Male,16,3,56,99,1,No,Yes,54,Average
5192,Male,17,8,89,100,9,Yes,Yes,81,Excellent
5193,Female,22,10,74,49,4,Yes,No,72,Good
5194,Female,20,10,98,91,6,Yes,No,94,Excellent
5195,Female,19,5,99,100,5,Yes,No,78,Good
5196,Female,20,9,84,49,3,No,Yes,67,Good
5197,Male,18,3,58,80,5,Yes,No,52,Average
5198,Male,19,9,93,75,2,Yes,No,71,Good
5199,Male,18,6,73,54,8,Yes,No,61,Average
5200,Male,18,8,75,70,6,No,No,62,Average
5201,Male,20,9,81,59,5,No,Yes,66,Good
5202,Male,21,8,70,53,1,Yes,No,64,Average
5203,Male,16,6,99,88,2,No,Yes,68,Good
5204,Male,19,5,95,97,1,No,No,70,Good
5205,Female,21,2,50,91,6,Yes,No,57,Average
5206,Female,17,10,100,95,9,No,No,96,Excellent
5207,Female,18,5,63,53,1,No,Yes,43,Poor
5208,Female,17,4,65,96,4,No,Yes,67,Good
5209,Female,16,2,51,88,0,Yes,No,49,Poor
5210,Male,18,10,88,71,5,No,No,72,Good
5211,Male,22,8,82,65,0,Yes,Yes,70,Good
5212,Male,19,10,66,53,7,No,Yes,76,Good
5213,Male,19,5,87,95,0,Yes,Yes,65,Good
5214,Female,17,3,64,95,9,No,No,57,Average
5215,Male,16,5,78,53,10,Yes,No,73,Good
5216,Female,22,7,85,69,4,No,No,75,Good
5217,Female,16,8,51,54,6,No,No,60,Average
5218,Male,16,1,93,68,6,Yes,Yes,56,Average
5219,Female,22,3,100,83,10,Yes,Yes,73,Good
5220,Female,22,9,60,70,8,No,No,66,Good
5221,Female,18,4,88,53,3,Yes,No,61,Average
5222,Male,20,3,92,88,0,No,No,66,Good
5223,Female,18,9,72,54,1,Yes,Yes,64,Average
5224,Female,17,6,83,91,4,Yes,Yes,82,Excellent
5225,Male,22,7,72,46,2,No,Yes,50,Average
5226,Female,22,7,97,55,7,Yes,No,65,Good
5227,Female,20,4,100,64,4,Yes,Yes,71,Good
5228,Male,20,6,73,87,8,No,No,68,Good
5229,Male,20,4,81,76,3,Yes,Yes,68,Good
5230,Female,21,7,71,76,7,Yes,No,76,Good
5231,Female,19,9,81,70,7,No,Yes,78,Good
5232,Female,16,4,99,59,1,No,No,52,Average
5233,Female,17,9,51,75,10,No,Yes,75,Good
5234,Male,22,3,62,52,9,Yes,No,58,Average
5235,Female,18,1,52,46,1,Yes,Yes,31,Poor
5236,Female,18,9,50,59,4,Yes,Yes,67,Good
5237,Male,19,10,60,88,1,No,Yes,64,Average
5238,Female,22,9,75,46,6,No,No,57,Average
5239,Male,22,10,86,45,5,No,Yes,77,Good
5240,Female,19,8,89,100,9,No,No,85,Excellent
5241,Male,19,3,52,77,10,No,Yes,49,Poor
5242,Male,22,4,79,51,6,No,Yes,52,Average
5243,Female,18,9,74,76,9,No,Yes,76,Good
5244,Male,20,8,56,82,10,No,No,77,Good
5245,Male,17,8,79,40,1,Yes,No,61,Average
5246,Female,22,8,93,71,3,Yes,No,67,Good
5247,Female,20,6,76,72,8,No,Yes,60,Average
5248,Male,21,10,80,52,5,No,No,71,Good
5249,Female,21,4,76,57,4,No,Yes,51,Average
5250,Female,17,3,81,65,7,No,No,62,Average
5251,Female,21,6,83,68,10,No,No,70,Good
5252,Female,19,2,72,62,10,Yes,No,64,Average
5253,Female,22,6,91,42,10,Yes,No,60,Average
5254,Female,17,8,81,50,9,Yes,No,79,Good
5255,Female,18,4,91,79,4,No,Yes,64,Average
5256,Male,22,6,67,75,0,No,Yes,61,Average
5257,Male,20,4,62,86,8,No,No,60,Average
5258,Male,21,10,57,55,6,No,No,73,Good
5259,Male,21,5,99,41,7,Yes,No,62,Average
5260,Female,22,5,55,62,0,No,Yes,45,Poor
5261,Male,22,1,70,46,0,Yes,No,43,Poor
5262,Female,22,9,78,80,9,No,Yes,77,Good
5263,Male,19,8,67,81,6,No,No,75,Good
5264,Male,17,4,58,97,7,Yes,No,66,Good
5265,Male,18,10,59,90,0,No,Yes,63,Average
5266,Female,16,3,90,71,6,Yes,No,60,Average
5267,Male,16,7,69,73,4,No,No,71,Good
5268,Female,20,4,65,95,0,No,Yes,58,Average
5269,Male,17,6,78,95,10,No,No,84,Excellent
5270,Male,22,6,51,100,5,Yes,No,61,Average
5271,Female,22,8,51,86,6,No,No,72,Good
5272,Male,16,8,55,80,8,Yes,Yes,68,Good
5273,Female,21,7,56,95,3,Yes,Yes,67,Good
5274,Male,19,5,73,78,10,No,Yes,66,Good
5275,Male,19,7,82,68,0,No,Yes,70,Good
5276,Female,22,1,90,91,6,No,Yes,55,Average
5277,Female,18,1,81,42,7,Yes,No,55,Average
5278,Female,20,4,50,54,4,No,No,43,Poor
5279,Male,22,6,92,58,10,Yes,No,73,Good
5280,Female,19,3,82,43,9,Yes,Yes,52,Average
5281,Male,20,9,65,90,10,No,No,78,Good
5282,Male,19,8,97,73,5,No,No,76,Good
5283,Male,20,9,92,76,5,Yes,Yes,79,Good
5284,Male,21,1,79,80,5,No,Yes,57,Average
5285,Male,19,10,89,89,0,Yes,No,78,Good
5286,Male,22,1,58,78,9,No,No,50,Average
5287,Female,16,10,60,98,3,No,No,78,Good
5288,Male,16,4,51,68,9,Yes,No,58,Average
5289,Male,22,3,93,69,3,Yes,Yes,57,Average
5290,Female,22,10,72,53,1,No,Yes,56,Average
5291,Male,17,4,55,82,8,Yes,Yes,66,Good
5292,Female,22,1,69,73,1,Yes,Yes,42,Poor
5293,Female,18,9,68,85,7,Yes,No,84,Excellent
5294,Female,20,8,63,77,8,Yes,No,75,Good
5295,Male,17,9,56,63,1,Yes,No,58,Average
5296,Female,22,9,58,67,4,Yes,No,62,Average
5297,Female,17,6,73,81,7,No,Yes,70,Good
5298,Female,20,1,65,43,8,Yes,No,48,Poor
5299,Female,18,9,79,64,1,No,Yes,67,Good
5300,Female,20,2,95,94,5,Yes,Yes,70,Good
5301,Female,19,5,52,55,5,Yes,No,58,Average
5302,Male,18,6,88,84,3,No,No,78,Good
5303,Female,22,1,82,88,2,Yes,No,64,Average
5304,Female,18,8,99,93,7,No,No,85,Excellent
5305,Female,20,3,73,58,1,Yes,Yes,59,Average
5306,Male,17,5,97,77,3,No,No,61,Average
5307,Female,19,1,95,58,5,No,No,54,Average
5308,Male,19,5,96,94,1,No,No,66,Good
5309,Female,21,10,71,90,6,No,Yes,75,Good
5310,Female,18,10,64,61,0,Yes,No,70,Good
5311,Male,18,10,96,90,0,No,No,76,Good
5312,Male,22,3,81,49,10,No,No,60,Average
5313,Male,22,2,68,92,5,Yes,Yes,61,Average
5314,Female,19,1,53,61,4,No,No,40,Poor
5315,Female,18,6,89,61,5,No,Yes,60,Average
5316,Male,20,4,63,63,10,No,No,63,Average
5317,Female,20,10,72,88,0,No,Yes,65,Good
5318,Female,22,1,68,52,1,No,Yes,42,Poor
5319,Male,21,8,85,60,2,Yes,No,68,Good
5320,Male,19,9,74,96,0,Yes,Yes,82,Excellent
5321,Male,20,10,83,72,8,No,Yes,74,Good
5322,Male,18,6,100,88,8,Yes,Yes,76,Good
5323,Male,18,4,61,42,2,No,No,36,Poor
5324,Female,20,4,93,83,3,Yes,No,68,Good
5325,Male,20,1,61,98,0,Yes,No,61,Average
5326,Female,21,2,85,74,9,Yes,No,66,Good
5327,Male,20,2,98,88,6,No,No,71,Good
5328,Male,21,5,58,87,0,Yes,No,67,Good
5329,Female,17,5,61,87,6,No,No,70,Good
5330,Male,17,7,69,57,0,No,No,53,Average
5331,Female,22,8,88,92,6,No,Yes,86,Excellent
5332,Female,20,2,93,84,8,No,No,67,Good
5333,Female,20,10,60,59,6,No,Yes,68,Good
5334,Female,19,10,63,90,9,No,Yes,74,Good
5335,Male,18,7,75,59,10,Yes,Yes,71,Good
5336,Female,17,7,100,90,9,Yes,No,86,Excellent
5337,Male,19,7,92,91,8,Yes,Yes,80,Excellent
5338,Female,20,3,65,82,10,Yes,No,69,Good
5339,Female,17,3,53,54,7,Yes,Yes,57,Average
5340,Female,16,7,93,85,1,Yes,No,82,Excellent
5341,Female,21,9,70,71,8,Yes,Yes,76,Good
5342,Female,18,10,74,83,5,No,No,80,Excellent
5343,Male,20,7,85,83,0,Yes,No,73,Good
5344,Female,22,3,75,80,7,No,No,61,Average
5345,Male,17,7,64,50,7,Yes,No,67,Good
5346,Male,18,7,72,52,4,No,Yes,52,Average
5347,Female,18,3,55,83,8,No,No,57,Average
5348,Male,21,2,73,48,0,Yes,No,38,Poor
5349,Female,20,9,72,82,10,Yes,No,87,Excellent
5350,Female,21,2,65,54,5,No,Yes,40,Poor
5351,Male,17,3,61,85,9,No,No,65,Good
5352,Male,17,8,92,77,0,No,Yes,69,Good
5353,Male,20,2,50,65,0,Yes,No,36,Poor
5354,Female,18,3,58,78,1,No,No,55,Average
5355,Female,20,7,73,79,9,Yes,No,71,Good
5356,Female,16,3,72,79,9,No,Yes,57,Average
5357,Female,17,6,82,92,3,Yes,No,65,Good
5358,Male,19,6,57,54,0,No,Yes,40,Poor
5359,Male,17,2,75,75,9,No,No,61,Average
5360,Female,22,8,57,58,7,Yes,Yes,58,Average
5361,Male,17,2,89,48,7,No,Yes,47,Poor
5362,Male,19,7,76,62,6,Yes,Yes,67,Good
5363,Female,19,2,76,62,5,Yes,No,50,Average
5364,Male,19,6,71,61,2,No,No,53,Average
5365,Female,21,4,75,80,7,Yes,Yes,72,Good
5366,Female,16,1,50,96,5,No,No,44,Poor
5367,Male,20,1,70,69,1,Yes,Yes,42,Poor
5368,Female,22,7,79,95,9,Yes,Yes,81,Excellent
5369,Female,22,4,86,91,3,Yes,Yes,72,Good
5370,Female,20,5,96,77,5,Yes,No,74,Good
5371,Male,22,1,78,77,4,Yes,Yes,51,Average
5372,Female,16,3,67,51,6,No,No,57,Average
5373,Female,21,6,97,47,9,Yes,Yes,63,Average
5374,Male,16,2,70,85,4,Yes,No,54,Average
5375,Female,20,4,62,58,6,No,Yes,51,Average
5376,Female,17,4,50,60,7,No,No,48,Poor
5377,Female,21,1,50,76,8,No,Yes,52,Average
5378,Male,17,8,78,42,10,Yes,Yes,75,Good
5379,Male,22,5,78,43,1,Yes,No,50,Average
5380,Female,22,4,90,92,9,No,Yes,80,Excellent
5381,Female,19,9,56,69,6,No,No,59,Average
5382,Male,20,2,81,100,3,Yes,Yes,59,Average
5383,Male,21,6,96,63,9,Yes,No,73,Good
5384,Male,21,2,81,77,3,No,No,62,Average
5385,Female,20,10,95,92,4,No,Yes,89,Excellent
5386,Female,21,5,72,92,2,No,Yes,67,Good
5387,Male,16,8,74,95,5,Yes,No,83,Excellent
5388,Male,22,1,80,74,10,No,No,55,Average
5389,Female,19,2,87,82,2,No,Yes,54,Average
5390,Male,22,2,57,75,6,Yes,Yes,46,Poor
5391,Female,19,1,87,81,1,No,Yes,48,Poor
5392,Male,16,1,62,48,7,No,Yes,50,Average
5393,Female,18,9,79,69,7,No,Yes,68,Good
5394,Female,21,10,79,48,6,Yes,Yes,67,Good
5395,Male,19,10,75,59,6,Yes,No,80,Excellent
5396,Male,21,6,88,63,6,Yes,Yes,65,Good
5397,Male,18,2,63,63,6,Yes,No,53,Average
5398,Female,18,1,53,71,5,Yes,No,54,Average
5399,Male,22,9,76,80,7,Yes,No,74,Good
5400,Female,21,2,81,86,7,No,No,63,Average
5401,Male,19,10,65,63,9,No,No,70,Good
5402,Female,18,7,88,77,9,No,Yes,73,Good
5403,Female,17,1,55,79,3,Yes,No,49,Poor
5404,Female,21,10,57,49,6,No,Yes,57,Average
5405,Male,20,10,62,53,5,Yes,Yes,66,Good
5406,Male,17,9,80,75,3,Yes,No,79,Good
5407,Female,20,8,73,54,3,No,No,58,Average
5408,Female,21,3,53,48,9,No,No,47,Poor
5409,Female,20,2,57,51,8,Yes,No,46,Poor
5410,Male,21,6,57,68,3,Yes,Yes,54,Average
5411,Male,16,8,91,69,8,No,No,68,Good
5412,Female,20,5,93,86,7,No,Yes,75,Good
5413,Male,19,8,96,70,9,Yes,No,83,Excellent
5414,Female,16,3,92,59,3,No,No,54,Average
5415,Male,17,9,94,44,1,No,No,68,Good
5416,Male,22,10,59,97,7,Yes,Yes,82,Excellent
5417,Male,21,4,74,77,5,No,No,65,Good
5418,Female,20,5,62,52,9,Yes,No,63,Average
5419,Male,16,9,84,60,5,Yes,No,74,Good
5420,Male,22,10,91,98,4,No,Yes,79,Good
5421,Female,16,5,59,94,7,No,No,63,Average
5422,Female,18,10,59,47,0,Yes,Yes,68,Good
5423,Female,20,10,91,47,3,Yes,Yes,75,Good
5424,Female,18,4,83,59,8,Yes,Yes,58,Average
5425,Female,21,8,52,94,3,No,No,70,Good
5426,Female,16,2,76,58,10,Yes,No,55,Average
5427,Male,22,6,70,58,6,Yes,Yes,59,Average
5428,Male,22,4,71,85,4,No,Yes,57,Average
5429,Male,20,5,50,71,1,No,Yes,51,Average
5430,Male,18,7,74,98,0,No,No,76,Good
5431,Female,21,1,76,43,3,Yes,Yes,50,Average
5432,Male,16,7,62,61,2,Yes,No,53,Average
5433,Female,16,3,60,58,10,Yes,No,58,Average
5434,Male,16,7,82,42,9,No,No,64,Average
5435,Female,20,6,67,47,3,Yes,Yes,60,Average
5436,Female,18,1,58,73,5,Yes,No,55,Average
5437,Male,20,2,78,81,9,Yes,No,72,Good
5438,Male,20,1,95,61,2,No,Yes,48,Poor
5439,Female,22,10,57,81,10,Yes,No,76,Good
5440,Female,20,2,68,47,4,Yes,Yes,44,Poor
5441,Female,21,7,86,77,3,Yes,No,69,Good
5442,Female,18,3,50,97,1,Yes,Yes,51,Average
5443,Female,18,1,59,43,9,No,No,47,Poor
5444,Male,19,6,89,59,8,Yes,Yes,76,Good
5445,Male,22,10,57,55,10,No,No,71,Good
5446,Male,19,5,67,84,10,Yes,No,69,Good
5447,Male,21,2,85,81,0,Yes,Yes,56,Average
5448,Male,20,6,58,53,1,No,No,46,Poor
5449,Female,18,3,84,56,0,Yes,Yes,52,Average
5450,Male,17,7,80,93,1,Yes,Yes,65,Good
5451,Female,18,4,98,96,4,Yes,Yes,80,Excellent
5452,Male,22,1,78,70,6,Yes,No,52,Average
5453,Female,21,10,98,74,7,No,No,91,Excellent
5454,Male,16,9,94,96,7,No,Yes,80,Excellent
5455,Male,19,6,61,90,4,Yes,Yes,66,Good
5456,Female,21,1,100,63,1,Yes,No,51,Average
5457,Female,22,8,58,62,4,Yes,No,66,Good
5458,Female,16,7,97,91,10,Yes,Yes,94,Excellent
5459,Male,22,4,87,75,5,Yes,Yes,62,Average
5460,Female,22,9,86,52,6,Yes,Yes,79,Good
5461,Female,20,1,80,96,0,No,Yes,54,Average
5462,Male,19,4,55,73,9,No,Yes,51,Average
5463,Female,21,7,93,77,9,Yes,Yes,78,Good
5464,Male,17,5,95,69,0,No,Yes,69,Good
5465,Male,19,8,73,40,8,No,No,66,Good
5466,Male,22,6,79,64,8,No,No,62,Average
5467,Female,17,9,50,91,5,No,Yes,70,Good
5468,Female,21,6,67,87,2,Yes,No,68,Good
5469,Female,16,4,62,85,0,No,Yes,57,Average
5470,Male,16,10,76,53,10,No,Yes,69,Good
5471,Male,20,7,81,59,5,Yes,Yes,72,Good
5472,Male,19,6,96,78,0,No,Yes,67,Good
5473,Male,19,4,81,96,2,Yes,Yes,68,Good
5474,Male,19,8,82,90,7,Yes,Yes,79,Good
5475,Male,21,9,57,48,8,Yes,No,59,Average
5476,Male,18,5,93,68,10,No,Yes,66,Good
5477,Male,17,8,97,60,9,No,Yes,83,Excellent
5478,Female,16,2,69,78,3,Yes,Yes,47,Poor
5479,Male,17,4,53,92,6,No,No,51,Average
5480,Female,17,9,56,72,0,Yes,No,65,Good
5481,Male,21,2,93,42,0,Yes,Yes,56,Average
5482,Male,18,2,95,56,0,Yes,No,46,Poor
5483,Male,20,5,77,44,6,No,No,53,Average
5484,Male,22,2,68,76,9,No,Yes,55,Average
5485,Male,16,5,62,81,4,No,No,57,Average
5486,Male,18,5,58,46,0,No,No,38,Poor
5487,Female,22,1,68,93,6,Yes,Yes,52,Average
5488,Female,16,4,57,55,5,No,No,55,Average
5489,Female,17,1,96,70,2,Yes,Yes,60,Average
5490,Female,22,8,58,82,1,No,No,57,Average
5491,Male,21,9,79,71,6,No,No,76,Good
5492,Male,17,9,80,69,10,Yes,Yes,78,Good
5493,Female,20,10,64,79,7,Yes,Yes,78,Good
5494,Female,17,1,67,63,1,No,No,44,Poor
5495,Male,20,2,91,87,7,Yes,No,63,Average
5496,Female,19,10,92,65,4,Yes,Yes,74,Good
5497,Male,19,6,82,61,9,Yes,Yes,72,Good
5498,Male,21,7,96,48,0,No,No,62,Average
5499,Male,22,4,87,51,7,Yes,No,61,Average
5500,Male,19,4,83,60,6,No,Yes,55,Average
5501,Male,21,8,90,44,5,Yes,No,68,Good
5502,Female,16,6,72,83,10,No,No,70,Good
5503,Female,18,5,98,94,0,No,No,76,Good
5504,Male,21,9,83,74,9,Yes,Yes,77,Good
5505,Female,21,1,79,89,2,Yes,No,50,Average
5506,Female,19,2,57,90,2,No,No,46,Poor
5507,Female,18,8,84,84,0,No,Yes,62,Average
5508,Male,20,7,76,70,1,No,No,62,Average
5509,Female,19,3,99,58,4,No,Yes,59,Average
5510,Male,19,2,57,91,0,Yes,No,58,Average
5511,Male,17,4,60,60,7,Yes,No,57,Average
5512,Female,22,1,79,55,2,No,No,50,Average
5513,Female,21,5,88,91,10,Yes,Yes,72,Good
5514,Female,22,4,82,46,7,No,Yes,55,Average
5515,Male,22,10,60,58,7,Yes,No,78,Good
5516,Male,16,4,53,45,8,No,No,46,Poor
5517,Male,17,2,66,99,5,No,No,54,Average
5518,Male,17,8,73,78,1,No,Yes,58,Average
5519,Female,18,4,98,69,4,Yes,Yes,70,Good
5520,Female,22,8,68,41,5,Yes,No,57,Average
5521,Male,16,3,63,47,1,No,No,36,Poor
5522,Female,16,10,51,80,2,Yes,No,61,Average
5523,Female,16,4,97,65,10,Yes,Yes,65,Good
5524,Female,22,3,61,44,10,No,No,46,Poor
5525,Male,22,8,91,100,3,No,Yes,80,Excellent
5526,Female,18,7,57,47,6,Yes,No,59,Average
5527,Male,21,3,76,90,1,No,No,60,Average
5528,Male,19,6,84,49,6,Yes,No,57,Average
5529,Male,18,10,87,92,10,No,Yes,86,Excellent
5530,Male,17,4,72,75,5,Yes,No,70,Good
5531,Male,21,4,92,87,10,No,Yes,82,Excellent
5532,Male,18,1,81,60,0,No,Yes,51,Average
5533,Female,18,5,100,90,4,Yes,No,74,Good
5534,Female,21,8,81,71,7,No,No,73,Good
5535,Male,18,10,65,42,4,No,No,54,Average
5536,Female,19,1,74,76,8,Yes,No,60,Average
5537,Male,17,8,73,91,5,Yes,No,83,Excellent
5538,Male,22,9,72,97,10,No,No,75,Good
5539,Female,17,2,51,96,4,Yes,No,53,Average
5540,Female,18,6,96,52,9,No,Yes,62,Average
5541,Male,16,10,89,94,3,Yes,No,92,Excellent
5542,Female,19,10,59,65,2,No,Yes,71,Good
5543,Male,17,2,93,65,0,Yes,Yes,58,Average
5544,Female,21,4,97,83,9,No,Yes,81,Excellent
5545,Female,18,3,79,75,9,No,Yes,62,Average
5546,Female,16,8,87,98,4,No,No,82,Excellent
5547,Female,20,6,95,79,5,No,Yes,69,Good
5548,Male,21,4,96,46,7,No,Yes,66,Good
5549,Male,20,4,58,94,2,No,Yes,55,Average
5550,Male,20,4,75,95,10,Yes,No,78,Good
5551,Female,19,7,67,85,0,No,Yes,63,Average
5552,Male,18,6,56,45,2,No,Yes,55,Average
5553,Female,16,1,72,40,2,Yes,Yes,34,Poor
5554,Male,22,5,93,80,5,No,Yes,77,Good
5555,Female,19,7,81,70,4,Yes,Yes,68,Good
5556,Female,21,5,63,98,3,No,Yes,60,Average
5557,Male,20,4,88,66,9,Yes,Yes,71,Good
5558,Male,16,1,58,64,0,No,No,36,Poor
5559,Male,18,4,90,80,4,No,No,67,Good
5560,Male,22,8,54,63,5,No,Yes,55,Average
5561,Male,18,3,50,75,9,Yes,Yes,63,Average
5562,Female,16,10,73,43,7,Yes,Yes,76,Good
5563,Male,22,4,56,48,9,No,Yes,50,Average
5564,Male,21,5,83,61,0,Yes,No,62,Average
5565,Male,20,3,76,74,0,Yes,Yes,62,Average
5566,Male,17,1,85,81,10,No,Yes,59,Average
5567,Female,20,10,98,57,5,Yes,Yes,82,Excellent
5568,Female,22,1,58,55,3,Yes,No,50,Average
5569,Male,18,2,79,63,7,Yes,Yes,55,Average
5570,Male,16,9,83,74,0,No,Yes,71,Good
5571,Male,19,6,50,50,4,Yes,Yes,44,Poor
5572,Female,19,9,90,74,6,No,No,86,Excellent
5573,Female,18,6,93,74,5,Yes,No,68,Good
5574,Female,18,1,68,79,7,Yes,Yes,61,Average
5575,Female,20,5,93,65,2,No,Yes,70,Good
5576,Female,18,2,84,98,1,No,Yes,54,Average
5577,Female,22,4,91,75,4,No,Yes,64,Average
5578,Male,17,2,81,96,6,No,Yes,65,Good
5579,Male,22,10,68,46,6,No,No,65,Good
5580,Female,19,9,93,75,10,No,No,85,Excellent
5581,Female,18,10,54,88,1,Yes,No,77,Good
5582,Female,21,3,77,58,1,No,Yes,55,Average
5583,Male,17,8,80,43,1,Yes,No,59,Average
5584,Female,19,5,72,83,10,Yes,No,71,Good
5585,Male,20,1,67,68,0,No,Yes,50,Average
5586,Male,19,6,54,91,8,No,No,70,Good
5587,Male,19,10,58,88,0,Yes,Yes,79,Good
5588,Male,18,8,57,49,5,No,No,54,Average
5589,Female,17,4,50,41,8,No,No,53,Average
5590,Female,22,10,57,63,3,Yes,No,64,Average
5591,Male,22,7,74,41,0,Yes,No,62,Average
5592,Male,19,10,52,84,3,Yes,Yes,72,Good
5593,Female,22,4,90,65,5,Yes,Yes,72,Good
5594,Female,19,9,67,79,10,No,No,68,Good
5595,Male,22,1,77,42,0,No,No,42,Poor
5596,Female,22,5,100,55,3,No,Yes,55,Average
5597,Male,21,10,55,86,10,No,No,78,Good
5598,Female,19,9,78,45,10,No,Yes,77,Good
5599,Male,19,3,55,98,5,No,No,59,Average
5600,Male,21,6,66,63,8,No,No,57,Average
5601,Female,18,9,96,71,4,Yes,No,77,Good
5602,Female,20,6,64,80,1,No,Yes,67,Good
5603,Male,17,7,63,85,4,Yes,Yes,66,Good
5604,Male,17,4,86,95,9,Yes,Yes,78,Good
5605,Female,16,8,94,92,1,Yes,Yes,72,Good
5606,Male,21,5,82,56,5,No,No,66,Good
5607,Female,18,5,57,86,7,No,No,54,Average
5608,Female,18,7,85,77,3,Yes,Yes,76,Good
5609,Female,18,8,91,65,7,No,No,77,Good
5610,Female,21,7,74,65,4,No,No,56,Average
5611,Female,17,1,82,82,5,Yes,No,61,Average
5612,Female,18,3,54,71,5,Yes,No,61,Average
5613,Female,20,3,87,75,8,No,Yes,70,Good
5614,Male,18,5,59,50,0,No,Yes,48,Poor
5615,Female,19,10,60,78,8,No,Yes,82,Excellent
5616,Female,22,5,52,43,6,No,Yes,48,Poor
5617,Female,22,7,62,77,0,Yes,Yes,56,Average
5618,Male,17,1,62,45,8,Yes,Yes,45,Poor
5619,Female,16,2,57,91,8,No,Yes,61,Average
5620,Male,18,9,84,60,5,No,No,74,Good
5621,Male,21,5,72,49,9,No,Yes,60,Average
5622,Male,18,4,76,78,7,No,No,69,Good
5623,Male,18,2,78,76,8,Yes,No,56,Average
5624,Female,18,6,75,67,9,No,Yes,65,Good
5625,Female,21,9,77,82,4,Yes,No,73,Good
5626,Female,21,7,52,84,1,Yes,No,58,Average
5627,Male,22,7,88,59,10,No,No,69,Good
5628,Female,19,9,68,48,6,No,Yes,70,Good
5629,Male,17,7,80,76,9,Yes,Yes,68,Good
5630,Male,21,8,54,78,0,No,Yes,52,Average
5631,Male,20,8,60,46,2,Yes,No,51,Average
5632,Female,21,5,72,86,6,Yes,No,69,Good
5633,Female,21,3,59,42,1,No,No,44,Poor
5634,Male,17,4,88,53,10,No,Yes,70,Good
5635,Male,18,4,96,48,6,Yes,No,61,Average
5636,Female,18,1,65,43,10,No,No,47,Poor
5637,Female,16,5,60,43,2,No,No,43,Poor
5638,Male,16,8,67,63,0,Yes,Yes,59,Average
5639,Female,22,10,90,100,9,No,Yes,87,Excellent
5640,Female,18,1,69,99,3,Yes,Yes,51,Average
5641,Male,19,2,92,75,2,Yes,No,59,Average
5642,Female,22,8,80,80,10,Yes,No,86,Excellent
5643,Female,18,5,78,65,1,No,Yes,62,Average
5644,Male,19,4,71,60,4,Yes,No,62,Average
5645,Male,17,7,76,67,1,No,Yes,59,Average
5646,Male,20,5,61,69,0,Yes,Yes,58,Average
5647,Female,21,2,63,96,4,Yes,Yes,53,Average
5648,Female,17,8,89,94,8,No,Yes,84,Excellent
5649,Male,19,4,63,85,9,Yes,Yes,59,Average
5650,Male,19,2,94,78,1,Yes,No,64,Average
5651,Male,20,6,70,69,10,Yes,No,67,Good
5652,Female,22,2,76,100,10,Yes,Yes,64,Average
5653,Male,22,6,88,45,0,Yes,No,58,Average
5654,Male,19,5,63,65,4,No,No,53,Average
5655,Male,21,10,100,66,9,Yes,No,83,Excellent
5656,Female,21,1,90,43,7,Yes,Yes,58,Average
5657,Female,21,9,65,60,2,No,Yes,70,Good
5658,Female,20,6,92,70,1,Yes,Yes,66,Good
5659,Male,17,1,50,42,9,Yes,Yes,47,Poor
5660,Female,21,3,71,72,6,No,No,58,Average
5661,Female,19,6,85,66,1,No,Yes,62,Average
5662,Male,21,1,65,58,4,No,Yes,42,Poor
5663,Female,21,5,74,62,10,No,No,57,Average
5664,Female,18,7,97,52,5,Yes,No,72,Good
5665,Female,17,6,98,44,8,No,Yes,73,Good
5666,Female,20,7,72,85,9,No,No,76,Good
5667,Female,16,1,100,99,10,Yes,Yes,81,Excellent
5668,Male,17,3,86,93,6,No,No,63,Average
5669,Female,16,10,60,51,2,No,Yes,60,Average
5670,Male,18,8,87,80,5,Yes,No,74,Good
5671,Female,19,7,76,42,4,Yes,No,56,Average
5672,Male,18,4,53,51,9,No,Yes,44,Poor
5673,Male,22,8,59,51,9,Yes,Yes,57,Average
5674,Female,18,3,69,97,10,Yes,Yes,67,Good
5675,Female,16,2,95,83,10,No,No,64,Average
5676,Female,16,8,77,83,10,No,Yes,71,Good
5677,Male,20,4,92,82,4,No,No,72,Good
5678,Female,16,8,82,49,4,No,No,68,Good
5679,Female,19,10,69,84,8,Yes,No,74,Good
5680,Female,17,9,76,72,2,No,Yes,77,Good
5681,Male,18,10,61,61,10,No,Yes,79,Good
5682,Female,19,7,86,88,2,Yes,Yes,77,Good
5683,Female,21,3,81,55,10,No,No,55,Average
5684,Female,16,5,79,51,3,Yes,No,58,Average
5685,Male,19,7,56,42,5,Yes,No,59,Average
5686,Female,20,1,74,95,8,No,Yes,69,Good
5687,Female,22,9,94,73,7,Yes,No,83,Excellent
5688,Female,16,4,93,99,10,No,Yes,86,Excellent
5689,Male,20,6,76,91,1,Yes,No,69,Good
5690,Male,22,9,84,54,10,Yes,Yes,76,Good
5691,Male,16,7,87,87,3,No,No,78,Good
5692,Male,22,3,91,93,3,No,No,65,Good
5693,Male,16,3,60,99,0,Yes,No,56,Average
5694,Female,20,6,61,41,0,Yes,Yes,44,Poor
5695,Male,17,4,54,99,3,Yes,No,60,Average
5696,Male,18,1,87,75,2,Yes,Yes,63,Average
5697,Male,17,4,57,75,9,No,No,56,Average
5698,Female,22,2,61,79,5,Yes,Yes,50,Average
5699,Male,19,6,75,97,9,Yes,Yes,71,Good
5700,Male,21,10,90,88,1,No,No,81,Excellent
5701,Female,22,3,68,94,4,Yes,No,61,Average
5702,Male,16,6,54,60,4,No,No,58,Average
5703,Female,16,8,90,43,8,No,Yes,64,Average
5704,Male,17,9,61,97,0,No,Yes,63,Average
5705,Male,21,9,50,95,8,Yes,No,72,Good
5706,Male,22,4,60,47,6,Yes,Yes,54,Average
5707,Male,17,5,94,44,8,Yes,Yes,68,Good
5708,Male,21,8,74,50,5,Yes,Yes,62,Average
5709,Male,17,2,56,67,7,No,No,46,Poor
5710,Female,17,7,81,83,0,Yes,Yes,74,Good
5711,Male,20,2,57,91,6,No,No,51,Average
5712,Female,17,6,56,61,3,No,No,50,Average
5713,Male,19,4,99,41,2,Yes,Yes,58,Average
5714,Male,19,6,63,81,0,No,Yes,61,Average
5715,Female,16,10,83,57,1,Yes,No,63,Average
5716,Female,18,6,50,73,4,No,Yes,57,Average
5717,Female,19,8,53,54,7,No,No,65,Good
5718,Female,16,1,85,81,3,Yes,No,62,Average
5719,Male,21,5,52,61,8,Yes,No,59,Average
5720,Male,16,8,60,68,2,No,No,59,Average
5721,Female,20,3,86,41,1,Yes,Yes,42,Poor
5722,Female,16,2,98,50,1,Yes,No,45,Poor
5723,Male,17,7,84,41,1,Yes,No,51,Average
5724,Female,18,1,75,60,1,Yes,No,47,Poor
5725,Female,22,2,96,45,7,Yes,No,57,Average
5726,Male,22,8,86,67,8,No,Yes,68,Good
5727,Male,22,5,53,68,10,Yes,No,63,Average
5728,Female,17,9,92,73,1,Yes,Yes,71,Good
5729,Female,22,6,94,66,7,No,No,76,Good
5730,Female,16,10,71,48,4,No,Yes,60,Average
5731,Female,16,10,59,90,1,No,No,72,Good
5732,Male,16,8,79,88,0,Yes,Yes,71,Good
5733,Male,18,6,64,59,7,Yes,No,68,Good
5734,Female,18,4,96,49,0,No,Yes,54,Average
5735,Male,22,4,73,85,8,No,Yes,71,Good
5736,Male,20,10,62,53,10,No,No,62,Average
5737,Male,21,5,51,97,9,Yes,No,74,Good
5738,Male,21,10,83,59,6,No,No,74,Good
5739,Female,21,8,65,77,8,Yes,No,78,Good
5740,Male,17,4,88,44,8,No,No,62,Average
5741,Male,22,3,80,55,5,Yes,Yes,57,Average
5742,Male,19,3,53,94,1,No,No,51,Average
5743,Male,18,1,57,56,2,Yes,No,45,Poor
5744,Female,18,6,61,95,6,Yes,No,68,Good
5745,Female,17,4,62,63,7,Yes,No,58,Average
5746,Female,18,6,95,47,10,No,Yes,68,Good
5747,Female,17,2,54,46,7,No,No,42,Poor
5748,Male,20,6,80,81,4,Yes,Yes,71,Good
5749,Male,22,5,74,55,8,Yes,No,56,Average
5750,Female,20,2,57,98,6,No,No,54,Average
5751,Female,21,7,68,51,9,No,Yes,62,Average
5752,Female,21,4,70,53,10,No,No,52,Average
5753,Male,17,1,53,69,5,Yes,No,50,Average
5754,Male,22,9,64,94,4,No,Yes,73,Good
5755,Male,18,8,85,50,4,No,Yes,58,Average
5756,Female,21,9,55,48,4,No,No,56,Average
5757,Female,20,7,60,59,3,Yes,Yes,59,Average
5758,Female,16,7,76,87,9,No,Yes,67,Good
5759,Male,22,10,90,66,3,No,No,70,Good
5760,Male,22,2,83,98,7,Yes,No,71,Good
5761,Male,19,2,99,57,7,Yes,No,54,Average
5762,Male,16,3,70,40,2,Yes,Yes,50,Average
5763,Male,16,5,98,43,2,No,Yes,62,Average
5764,Female,21,3,57,99,2,Yes,No,53,Average
5765,Female,21,10,85,58,2,No,Yes,76,Good
5766,Male,22,7,89,78,10,No,No,75,Good
5767,Female,16,2,68,45,4,No,Yes,43,Poor
5768,Male,16,8,64,93,7,Yes,Yes,82,Excellent
5769,Female,21,6,87,63,2,No,No,68,Good
5770,Male,21,8,94,67,3,No,Yes,70,Good
5771,Female,18,6,81,70,9,No,Yes,73,Good
5772,Male,19,1,80,59,10,Yes,Yes,60,Average
5773,Female,20,5,96,83,8,Yes,No,69,Good
5774,Male,22,4,86,43,3,No,No,44,Poor
5775,Male,20,6,99,75,10,No,No,82,Excellent
5776,Male,22,10,76,53,5,No,No,73,Good
5777,Female,19,6,55,91,2,Yes,Yes,58,Average
5778,Male,17,7,60,82,2,No,No,63,Average
5779,Female,20,1,100,48,4,No,No,44,Poor
5780,Female,22,10,90,54,5,No,No,72,Good
5781,Female,17,5,91,55,7,No,No,56,Average
5782,Female,21,7,93,99,5,No,No,79,Good
5783,Male,22,5,85,91,5,Yes,No,67,Good
5784,Male,17,6,97,75,4,No,No,64,Average
5785,Female,21,8,70,89,2,Yes,No,70,Good
5786,Female,20,7,70,96,2,Yes,No,79,Good
5787,Female,21,10,86,79,0,Yes,Yes,76,Good
5788,Male,18,1,78,40,0,No,Yes,40,Poor
5789,Male,17,5,59,66,9,No,No,61,Average
5790,Female,22,9,71,44,3,No,No,59,Average
5791,Male,17,10,68,66,1,No,Yes,71,Good
5792,Male,16,5,53,72,5,Yes,Yes,62,Average
5793,Female,17,5,76,44,1,No,No,48,Poor
5794,Male,17,9,61,81,6,No,Yes,69,Good
5795,Male,18,2,95,79,1,No,Yes,62,Average
5796,Female,17,4,97,91,10,Yes,Yes,87,Excellent
5797,Female,18,5,55,73,10,No,Yes,66,Good
5798,Female,16,3,93,41,10,Yes,Yes,60,Average
5799,Female,20,9,53,86,2,Yes,Yes,68,Good
5800,Female,19,7,81,100,7,No,No,78,Good
5801,Male,18,8,74,59,5,No,No,67,Good
5802,Female,17,5,82,47,9,No,No,58,Average
5803,Female,22,2,56,97,0,Yes,No,52,Average
5804,Male,18,4,65,92,0,Yes,Yes,59,Average
5805,Female,21,2,63,63,10,Yes,No,64,Average
5806,Female,18,1,79,41,2,No,No,32,Poor
5807,Male,17,7,50,64,7,No,Yes,61,Average
5808,Male,21,5,69,92,8,No,No,66,Good
5809,Male,19,5,85,55,4,Yes,No,68,Good
5810,Male,16,3,87,58,0,No,No,58,Average
5811,Male,18,3,92,42,2,Yes,No,61,Average
5812,Male,19,8,99,47,2,No,Yes,66,Good
5813,Female,20,10,69,93,9,No,Yes,87,Excellent
5814,Female,20,10,54,87,9,No,No,80,Excellent
5815,Male,18,7,66,89,5,Yes,Yes,64,Average
5816,Female,18,2,73,50,4,Yes,No,56,Average
5817,Female,18,5,81,96,0,Yes,No,76,Good
5818,Male,22,1,57,97,10,No,No,65,Good
5819,Female,21,10,93,88,3,No,No,78,Good
5820,Female,16,3,82,84,0,Yes,No,54,Average
5821,Male,19,1,90,71,3,No,No,47,Poor
5822,Male,16,7,56,54,10,No,Yes,68,Good
5823,Male,22,2,74,96,4,No,No,62,Average
5824,Female,19,6,68,81,2,Yes,Yes,69,Good
5825,Female,21,9,71,98,1,No,Yes,79,Good
5826,Female,20,9,54,62,5,No,Yes,64,Average
5827,Male,22,7,93,66,1,No,No,67,Good
5828,Male,20,4,76,99,3,No,No,70,Good
5829,Male,18,10,73,60,1,No,Yes,60,Average
5830,Female,17,10,71,66,3,Yes,Yes,72,Good
5831,Male,16,9,59,63,6,No,Yes,61,Average
5832,Female,17,7,86,68,4,No,No,69,Good
5833,Male,20,9,90,78,6,Yes,Yes,87,Excellent
5834,Female,16,6,60,71,10,Yes,No,65,Good
5835,Male,20,3,61,88,5,Yes,No,60,Average
5836,Male,17,1,57,48,7,No,No,33,Poor
5837,Female,19,7,63,46,9,Yes,No,61,Average
5838,Male,21,1,83,63,10,No,Yes,60,Average
5839,Female,19,3,61,52,0,No,Yes,44,Poor
5840,Female,19,4,91,87,5,No,No,71,Good
5841,Female,20,5,60,89,9,No,Yes,58,Average
5842,Male,16,1,63,94,2,No,Yes,44,Poor
5843,Female,22,3,69,89,8,Yes,No,67,Good
5844,Male,17,6,58,83,3,No,No,54,Average
5845,Female,20,9,94,88,2,Yes,Yes,74,Good
5846,Female,22,10,71,72,10,No,Yes,72,Good
5847,Female,17,2,95,46,1,Yes,Yes,57,Average
5848,Female,22,10,51,91,3,No,No,75,Good
5849,Male,17,7,91,86,9,No,No,77,Good
5850,Male,21,4,60,66,5,No,No,45,Poor
5851,Female,17,8,89,43,2,No,Yes,61,Average
5852,Female,18,4,72,80,3,Yes,Yes,58,Average
5853,Male,21,6,58,94,7,No,No,74,Good
5854,Female,20,6,53,92,3,Yes,No,68,Good
5855,Male,20,1,79,90,1,Yes,No,59,Average
5856,Male,18,10,68,90,8,Yes,No,80,Excellent
5857,Female,20,9,60,98,0,Yes,No,68,Good
5858,Female,20,8,78,71,6,No,Yes,70,Good
5859,Male,21,2,76,94,5,No,No,64,Average
5860,Male,20,3,58,85,6,Yes,No,59,Average
5861,Female,22,3,86,59,8,No,No,57,Average
5862,Female,21,6,79,70,6,No,Yes,65,Good
5863,Female,18,6,51,89,0,Yes,No,63,Average
5864,Female,21,8,82,52,2,Yes,No,63,Average
5865,Male,22,1,57,77,4,Yes,Yes,56,Average
5866,Female,19,7,56,75,5,Yes,No,58,Average
5867,Male,20,1,78,48,0,Yes,Yes,42,Poor
5868,Female,20,9,56,100,1,Yes,Yes,78,Good
5869,Female,22,8,77,54,7,Yes,Yes,67,Good
5870,Female,17,5,99,56,8,Yes,No,73,Good
5871,Female,19,1,79,80,1,Yes,No,58,Average
5872,Female,19,5,62,77,6,No,No,53,Average
5873,Female,18,7,78,52,9,Yes,Yes,72,Good
5874,Male,21,10,50,77,5,No,No,75,Good
5875,Male,21,1,98,62,8,No,Yes,52,Average
5876,Male,18,4,56,48,9,Yes,No,58,Average
5877,Male,18,5,81,89,8,Yes,Yes,76,Good
5878,Female,18,1,55,89,4,No,Yes,52,Average
5879,Male,22,1,52,41,1,Yes,Yes,40,Poor
5880,Female,20,9,70,56,6,No,Yes,67,Good
5881,Male,18,4,75,88,9,Yes,Yes,71,Good
5882,Male,17,2,86,73,5,No,No,52,Average
5883,Male,17,2,62,40,5,No,Yes,41,Poor
5884,Female,18,2,56,45,9,Yes,Yes,50,Average
5885,Female,22,1,86,58,2,No,Yes,45,Poor
5886,Male,20,8,89,79,9,Yes,Yes,78,Good
5887,Female,20,9,95,68,10,No,No,85,Excellent
5888,Female,16,7,60,93,8,No,Yes,69,Good
5889,Female,16,4,86,79,7,Yes,No,70,Good
5890,Male,21,4,51,73,1,Yes,No,50,Average
5891,Female,21,10,92,53,10,No,Yes,76,Good
5892,Female,22,7,65,72,2,Yes,No,59,Average
5893,Male,18,9,55,75,5,Yes,Yes,68,Good
5894,Female,16,8,82,66,0,No,No,70,Good
5895,Male,22,8,81,44,9,Yes,Yes,62,Average
5896,Female,16,3,83,68,5,No,No,51,Average
5897,Female,20,10,98,98,2,Yes,Yes,87,Excellent
5898,Female,16,7,78,71,8,No,Yes,67,Good
5899,Female,22,10,80,82,2,No,No,78,Good
5900,Female,16,4,75,58,9,No,No,59,Average
5901,Female,16,5,70,54,7,No,Yes,60,Average
5902,Female,21,5,69,83,8,Yes,No,65,Good
5903,Male,21,10,86,43,1,No,Yes,60,Average
5904,Female,18,7,80,97,3,Yes,No,71,Good
5905,Male,19,7,68,87,6,No,Yes,73,Good
5906,Male,21,7,98,95,8,Yes,Yes,94,Excellent
5907,Female,16,10,64,56,6,No,Yes,64,Average
5908,Male,18,9,77,43,3,No,No,66,Good
5909,Female,21,4,63,89,8,Yes,Yes,68,Good
5910,Female,17,5,99,60,7,Yes,No,64,Average
5911,Male,22,6,96,70,8,Yes,No,74,Good
5912,Female,22,4,60,57,10,Yes,No,52,Average
5913,Female,16,9,97,82,6,Yes,No,91,Excellent
5914,Male,19,7,96,91,2,Yes,No,71,Good
5915,Female,21,9,72,81,4,No,No,69,Good
5916,Female,20,2,86,95,3,Yes,Yes,62,Average
5917,Female,16,3,94,54,2,Yes,No,54,Average
5918,Female,17,10,66,95,1,No,No,76,Good
5919,Female,18,2,84,79,2,No,Yes,50,Average
5920,Male,22,1,53,96,3,No,No,49,Poor
5921,Female,17,3,82,49,6,No,Yes,55,Average
5922,Male,22,10,50,59,7,No,No,71,Good
5923,Male,19,9,87,85,6,Yes,Yes,81,Excellent
5924,Female,22,6,53,73,6,Yes,No,64,Average
5925,Male,18,4,69,68,6,Yes,Yes,58,Average
5926,Female,20,3,73,74,7,Yes,No,66,Good
5927,Male,21,4,75,53,1,No,Yes,48,Poor
5928,Female,22,9,68,64,0,Yes,No,62,Average
5929,Male,17,9,99,40,3,Yes,No,71,Good
5930,Male,20,5,100,96,10,No,No,75,Good
5931,Male,19,4,66,94,10,Yes,Yes,70,Good
5932,Male,16,2,74,66,3,No,No,47,Poor
5933,Male,20,5,73,93,5,No,Yes,68,Good
5934,Male,20,6,79,79,6,Yes,Yes,74,Good
5935,Male,22,2,90,40,8,No,No,46,Poor
5936,Male,19,7,97,42,10,Yes,Yes,76,Good
5937,Female,18,7,87,41,10,Yes,No,69,Good
5938,Female,17,9,90,79,1,No,Yes,75,Good
5939,Female,16,1,76,64,10,No,No,56,Average
5940,Male,22,4,59,98,1,No,No,51,Average
5941,Female,21,5,59,97,3,Yes,No,65,Good
5942,Female,22,1,79,44,1,Yes,No,40,Poor
5943,Female,16,3,65,82,10,Yes,No,57,Average
5944,Male,19,8,56,56,8,No,Yes,61,Average
5945,Female,22,2,81,88,1,No,No,59,Average
5946,Male,18,2,60,76,8,Yes,No,54,Average
5947,Male,16,3,82,82,8,Yes,No,65,Good
5948,Male,20,10,93,62,2,Yes,No,80,Excellent
5949,Female,16,3,76,78,6,Yes,No,56,Average
5950,Male,22,1,80,87,3,Yes,No,53,Average
5951,Male,20,5,65,43,3,Yes,No,44,Poor
5952,Female,19,5,88,65,2,Yes,Yes,71,Good
5953,Female,18,1,98,98,10,Yes,No,78,Good
5954,Male,18,4,88,77,9,No,Yes,72,Good
5955,Female,17,4,51,73,6,No,Yes,54,Average
5956,Female,21,4,58,77,10,Yes,No,55,Average
5957,Female,16,5,92,72,7,Yes,No,64,Average
5958,Male,16,9,58,98,3,No,No,69,Good
5959,Male,16,10,53,70,4,No,No,73,Good
5960,Male,20,2,94,44,7,Yes,No,56,Average
5961,Female,16,4,95,56,5,No,No,68,Good
5962,Female,18,8,98,53,7,No,No,76,Good
5963,Female,19,1,78,48,3,No,No,36,Poor
5964,Male,22,8,66,46,2,Yes,Yes,51,Average
5965,Female,19,9,88,53,8,Yes,No,72,Good
5966,Male,16,5,63,77,3,No,Yes,61,Average
5967,Male,17,7,88,89,5,No,No,79,Good
5968,Female,21,7,76,75,4,Yes,Yes,65,Good
5969,Female,17,7,80,73,1,No,No,60,Average
5970,Female,22,9,54,55,5,Yes,No,67,Good
5971,Female,17,10,82,54,9,Yes,Yes,76,Good
5972,Male,17,10,73,48,6,Yes,No,68,Good
5973,Male,20,9,79,96,3,No,Yes,72,Good
5974,Female,18,10,88,71,4,No,No,77,Good
5975,Male,17,8,79,42,4,Yes,No,69,Good
5976,Male,20,5,73,92,6,No,No,74,Good
5977,Female,20,7,56,89,0,Yes,No,56,Average
5978,Male,19,4,75,74,9,Yes,Yes,75,Good
5979,Male,18,2,95,83,7,No,No,65,Good
5980,Male,16,8,95,98,2,Yes,No,89,Excellent
5981,Female,21,7,86,77,1,No,No,75,Good
5982,Female,17,4,76,55,4,Yes,Yes,49,Poor
5983,Female,20,6,78,75,6,No,Yes,63,Average
5984,Male,18,8,94,50,8,Yes,Yes,69,Good
5985,Male,22,8,98,75,9,No,Yes,81,Excellent
5986,Female,20,7,51,80,8,No,Yes,68,Good
5987,Female,18,4,79,85,3,Yes,No,63,Average
5988,Male,19,4,57,73,5,No,No,61,Average
5989,Female,19,2,77,88,9,No,No,58,Average
5990,Female,21,5,50,40,0,No,Yes,46,Poor
5991,Male,19,1,59,55,1,Yes,No,42,Poor
5992,Female,19,10,81,50,9,No,Yes,70,Good
5993,Male,21,5,59,69,3,No,No,61,Average
5994,Female,22,6,57,91,10,No,Yes,74,Good
5995,Male,21,6,67,68,5,No,Yes,68,Good
5996,Female,16,6,62,77,2,No,Yes,64,Average
5997,Female,19,2,85,60,3,No,Yes,46,Poor
5998,Female,18,4,94,41,4,Yes,Yes,60,Average
5999,Female,22,1,52,58,1,Yes,Yes,44,Poor
6000,Male,22,8,79,62,2,No,Yes,70,Good
6001,Male,17,8,86,85,7,Yes,No,86,Excellent
6002,Male,21,6,50,66,4,Yes,No,54,Average
6003,Female,21,5,63,72,8,Yes,No,69,Good
6004,Female,19,3,60,94,7,Yes,Yes,67,Good
6005,Female,17,2,75,80,3,Yes,No,66,Good
6006,Female,19,5,80,48,5,No,Yes,57,Average
6007,Male,22,8,82,50,10,Yes,Yes,78,Good
6008,Male,19,2,70,85,5,Yes,Yes,64,Average
6009,Male,17,5,51,84,9,No,Yes,56,Average
6010,Female,17,1,95,67,6,No,No,61,Average
6011,Male,18,1,70,54,10,Yes,No,50,Average
6012,Female,21,7,86,57,3,No,Yes,60,Average
6013,Male,16,8,85,82,0,No,Yes,69,Good
6014,Female,18,8,64,51,1,Yes,No,64,Average
6015,Female,18,6,71,93,5,Yes,No,67,Good
6016,Female,16,1,78,40,5,No,No,35,Poor
6017,Female,17,10,73,42,8,No,No,68,Good
6018,Female,16,3,99,52,5,No,Yes,60,Average
6019,Female,20,3,75,55,5,No,Yes,44,Poor
6020,Female,21,3,71,82,5,Yes,No,55,Average
6021,Female,22,10,98,68,5,Yes,Yes,90,Excellent
6022,Female,20,6,63,44,2,No,Yes,49,Poor
6023,Male,22,6,83,81,0,Yes,No,72,Good
6024,Male,16,4,67,66,1,No,No,55,Average
6025,Male,18,3,94,91,6,No,Yes,65,Good
6026,Female,17,5,99,68,0,Yes,Yes,61,Average
6027,Female,20,2,60,77,7,Yes,No,49,Poor
6028,Male,17,8,99,90,4,Yes,Yes,88,Excellent
6029,Male,19,10,65,40,0,Yes,No,68,Good
6030,Male,18,9,52,74,1,No,Yes,59,Average
6031,Female,18,1,71,42,8,Yes,Yes,49,Poor
6032,Male,21,4,71,81,8,No,Yes,61,Average
6033,Male,22,4,54,46,6,No,No,51,Average
6034,Female,17,2,60,98,4,No,No,61,Average
6035,Male,17,9,57,49,10,No,Yes,68,Good
6036,Male,16,8,67,79,8,No,No,66,Good
6037,Female,19,1,87,49,0,Yes,Yes,40,Poor
6038,Female,21,7,73,66,10,No,No,64,Average
6039,Female,19,6,81,94,8,Yes,Yes,70,Good
6040,Female,20,10,72,94,0,No,Yes,83,Excellent
6041,Female,18,2,75,57,5,Yes,No,49,Poor
6042,Female,17,3,99,48,3,Yes,No,54,Average
6043,Male,21,9,81,64,4,Yes,Yes,78,Good
6044,Female,17,10,73,92,5,No,No,82,Excellent
6045,Male,16,9,97,40,5,Yes,Yes,73,Good
6046,Female,20,4,73,57,10,No,Yes,66,Good
6047,Female,20,9,82,47,9,Yes,Yes,78,Good
6048,Female,18,7,89,52,2,No,No,58,Average
6049,Female,19,3,58,55,6,Yes,Yes,47,Poor
6050,Female,18,4,66,47,8,Yes,No,57,Average
6051,Male,22,9,97,89,0,Yes,Yes,89,Excellent
6052,Female,16,8,81,45,10,Yes,No,67,Good
6053,Male,18,1,58,87,6,No,No,58,Average
6054,Male,22,6,92,53,4,Yes,No,64,Average
6055,Female,16,4,61,100,3,Yes,No,69,Good
6056,Female,22,10,90,43,6,No,No,71,Good
6057,Male,19,3,98,43,1,Yes,Yes,55,Average
6058,Male,20,4,82,56,3,No,Yes,58,Average
6059,Male,22,2,91,74,7,No,No,64,Average
6060,Male,17,5,59,48,5,Yes,Yes,49,Poor
6061,Female,18,3,73,96,7,No,No,62,Average
6062,Male,19,5,73,68,10,No,Yes,62,Average
6063,Female,21,9,83,96,5,Yes,Yes,79,Good
6064,Male,20,5,77,42,3,No,Yes,59,Average
6065,Male,20,7,95,89,8,No,No,78,Good
6066,Female,22,5,79,61,10,Yes,No,76,Good
6067,Female,19,8,53,96,6,Yes,Yes,82,Excellent
6068,Female,17,3,91,80,0,Yes,No,63,Average
6069,Female,16,7,95,82,10,No,No,86,Excellent
6070,Male,21,8,83,82,1,No,Yes,76,Good
6071,Male,22,4,86,60,9,No,No,59,Average
6072,Male,16,9,71,87,7,Yes,Yes,82,Excellent
6073,Male,16,10,67,69,3,No,No,74,Good
6074,Female,19,4,82,98,9,No,No,74,Good
6075,Male,21,8,86,45,7,Yes,Yes,61,Average
6076,Female,20,2,51,90,0,Yes,No,47,Poor
6077,Female,21,7,88,43,6,Yes,No,60,Average
6078,Female,19,6,87,61,1,No,Yes,64,Average
6079,Female,16,1,92,72,0,Yes,No,58,Average
6080,Female,17,5,60,82,2,No,No,61,Average
6081,Male,18,3,89,59,8,Yes,Yes,66,Good
6082,Male,19,2,87,69,2,No,Yes,51,Average
6083,Female,22,5,63,88,3,No,Yes,66,Good
6084,Male,18,8,93,70,7,No,Yes,76,Good
6085,Male,19,6,84,94,7,No,Yes,73,Good
6086,Male,16,5,95,81,9,No,Yes,74,Good
6087,Male,19,8,54,80,10,Yes,Yes,78,Good
6088,Female,21,10,88,42,7,No,No,75,Good
6089,Male,20,8,92,57,7,Yes,Yes,81,Excellent
6090,Male,22,3,68,89,3,No,No,63,Average
6091,Male,22,1,63,49,5,Yes,No,47,Poor
6092,Male,18,6,84,68,6,No,Yes,69,Good
6093,Male,19,9,98,45,0,No,Yes,73,Good
6094,Male,21,10,69,91,7,No,No,85,Excellent
6095,Male,17,7,55,56,9,Yes,No,62,Average
6096,Female,22,10,75,51,7,No,No,71,Good
6097,Female,17,10,98,42,9,No,Yes,78,Good
6098,Male,19,4,51,43,10,No,Yes,52,Average
6099,Male,21,2,100,43,5,Yes,No,56,Average
6100,Male,19,9,79,95,10,Yes,No,96,Excellent
6101,Female,16,4,97,81,5,Yes,No,70,Good
6102,Female,18,3,80,99,10,Yes,No,78,Good
6103,Male,19,8,94,43,5,No,No,74,Good
6104,Female,19,2,61,84,9,No,Yes,60,Average
6105,Male,21,9,61,92,7,Yes,Yes,74,Good
6106,Female,17,2,63,48,6,Yes,No,47,Poor
6107,Female,16,3,54,55,6,No,Yes,49,Poor
6108,Female,19,2,94,48,9,Yes,No,57,Average
6109,Female,16,10,72,90,6,Yes,No,88,Excellent
6110,Male,18,9,88,50,2,Yes,No,72,Good
6111,Male,21,9,70,75,7,Yes,No,74,Good
6112,Female,22,3,99,49,8,Yes,Yes,62,Average
6113,Male,17,9,78,73,9,No,Yes,80,Excellent
6114,Female,18,10,91,66,4,No,Yes,81,Excellent
6115,Female,22,8,67,66,4,No,No,57,Average
6116,Male,21,3,83,55,1,Yes,Yes,56,Average
6117,Female,20,9,53,99,8,No,No,80,Excellent
6118,Female,22,6,98,41,10,No,Yes,59,Average
6119,Female,20,1,56,40,8,No,No,46,Poor
6120,Female,18,8,77,45,9,Yes,No,74,Good
6121,Male,17,7,100,80,4,No,No,74,Good
6122,Female,17,5,78,68,4,No,Yes,58,Average
6123,Female,20,3,59,90,6,Yes,Yes,55,Average
6124,Female,16,3,63,71,4,Yes,No,54,Average
6125,Male,18,1,70,50,1,No,Yes,42,Poor
6126,Male,18,8,58,88,6,Yes,No,78,Good
6127,Female,20,2,67,62,9,No,No,52,Average
6128,Female,19,1,86,74,5,Yes,Yes,64,Average
6129,Female,19,4,74,67,5,Yes,No,68,Good
6130,Male,20,8,69,72,9,No,No,77,Good
6131,Female,17,2,90,79,8,No,No,64,Average
6132,Female,16,7,65,94,9,No,Yes,76,Good
6133,Male,18,8,80,70,4,Yes,No,69,Good
6134,Female,17,4,82,57,8,No,No,63,Average
6135,Female,22,2,100,94,9,Yes,No,77,Good
6136,Male,19,10,92,74,3,Yes,Yes,74,Good
6137,Female,16,6,87,40,5,No,No,53,Average
6138,Male,17,7,70,75,5,No,Yes,68,Good
6139,Female,20,4,67,59,2,No,No,46,Poor
6140,Female,16,3,62,79,3,Yes,Yes,61,Average
6141,Male,17,4,73,96,3,No,No,66,Good
6142,Female,20,7,60,72,2,Yes,No,54,Average
6143,Male,20,8,98,80,5,No,Yes,85,Excellent
6144,Male,19,7,65,43,9,No,No,58,Average
6145,Female,22,7,74,66,0,No,No,68,Good
6146,Male,18,1,100,96,0,No,No,64,Average
6147,Female,19,3,88,65,2,Yes,Yes,50,Average
6148,Female,20,4,95,51,2,No,No,52,Average
6149,Female,20,3,72,58,6,Yes,Yes,58,Average
6150,Female,21,2,97,62,6,No,Yes,53,Average
6151,Female,19,6,63,77,8,No,Yes,65,Good
6152,Female,20,2,95,96,9,No,Yes,79,Good
6153,Male,16,8,71,85,5,Yes,Yes,78,Good
6154,Male,21,7,71,79,10,No,Yes,78,Good
6155,Male,22,10,73,42,7,Yes,No,64,Average
6156,Male,22,1,76,78,6,No,Yes,49,Poor
6157,Male,20,2,70,64,8,Yes,No,48,Poor
6158,Male,19,9,71,54,7,Yes,Yes,71,Good
6159,Female,18,2,64,70,1,No,Yes,38,Poor
6160,Female,21,4,86,42,8,No,Yes,49,Poor
6161,Male,20,5,93,98,8,Yes,No,89,Excellent
6162,Female,19,8,60,52,8,No,No,64,Average
6163,Male,16,7,80,70,5,No,No,74,Good
6164,Male,21,6,68,46,0,No,No,56,Average
6165,Female,18,1,68,42,2,No,Yes,30,Poor
6166,Female,22,6,83,68,2,Yes,No,72,Good
6167,Male,22,6,100,70,10,Yes,Yes,87,Excellent
6168,Female,17,5,57,41,4,Yes,No,42,Poor
6169,Male,21,5,87,55,1,No,No,48,Poor
6170,Male,19,2,55,61,10,No,No,55,Average
6171,Male,17,5,51,85,4,No,No,50,Average
6172,Female,16,5,71,75,4,Yes,Yes,59,Average
6173,Female,16,7,86,79,10,Yes,No,81,Excellent
6174,Female,20,4,71,67,10,No,Yes,60,Average
6175,Female,17,9,63,65,4,No,Yes,62,Average
6176,Male,18,6,99,72,1,No,Yes,75,Good
6177,Female,17,6,54,90,4,Yes,No,65,Good
6178,Female,19,4,92,78,0,Yes,Yes,64,Average
6179,Male,17,10,95,75,0,No,No,83,Excellent
6180,Male,22,6,56,59,0,No,Yes,56,Average
6181,Male,20,10,82,100,7,Yes,Yes,97,Excellent
6182,Male,20,9,57,96,6,No,Yes,73,Good
6183,Female,17,9,68,64,9,Yes,Yes,69,Good
6184,Male,16,2,74,56,5,No,No,53,Average
6185,Male,18,8,64,47,2,No,Yes,60,Average
6186,Male,17,8,75,77,8,No,No,71,Good
6187,Female,22,10,72,99,7,No,No,83,Excellent
6188,Male,16,9,53,80,9,No,Yes,77,Good
6189,Male,21,4,55,88,5,No,Yes,63,Average
6190,Male,18,3,74,100,1,No,No,67,Good
6191,Male,19,6,52,94,4,No,Yes,66,Good
6192,Female,19,5,68,62,10,Yes,No,66,Good
6193,Male,18,2,92,83,9,Yes,Yes,76,Good
6194,Male,18,10,82,71,6,Yes,Yes,78,Good
6195,Female,19,4,88,65,5,Yes,No,61,Average
6196,Female,21,7,50,85,7,No,Yes,66,Good
6197,Female,18,5,50,90,2,No,Yes,54,Average
6198,Male,17,5,59,60,5,No,No,47,Poor
6199,Female,17,7,96,49,1,Yes,No,60,Average
6200,Female,18,2,50,76,10,No,No,49,Poor
6201,Male,22,3,80,61,0,No,No,58,Average
6202,Male,20,5,91,96,8,Yes,Yes,86,Excellent
6203,Male,19,2,59,65,3,Yes,No,41,Poor
6204,Female,21,10,63,71,8,Yes,Yes,72,Good
6205,Female,19,3,78,55,3,Yes,No,49,Poor
6206,Female,19,7,78,58,6,No,Yes,65,Good
6207,Female,20,8,90,85,7,No,Yes,80,Excellent
6208,Female,20,10,62,90,1,Yes,No,82,Excellent
6209,Female,21,8,60,95,6,No,No,64,Average
6210,Male,17,7,91,67,7,Yes,Yes,68,Good
6211,Male,16,7,57,97,3,Yes,No,76,Good
6212,Male,18,4,69,42,3,Yes,Yes,47,Poor
6213,Female,21,6,100,82,1,Yes,Yes,78,Good
6214,Male,18,9,50,50,3,No,Yes,48,Poor
6215,Male,22,10,64,72,8,No,Yes,68,Good
6216,Female,18,5,99,96,10,Yes,No,79,Good
6217,Female,19,4,66,91,1,No,Yes,50,Average
6218,Female,22,7,50,72,6,Yes,Yes,67,Good
6219,Female,16,5,75,42,2,No,Yes,46,Poor
6220,Male,22,8,85,80,9,Yes,Yes,84,Excellent
6221,Male,21,9,94,49,6,Yes,Yes,76,Good
6222,Female,19,3,54,43,8,No,Yes,39,Poor
6223,Male,22,8,89,96,9,No,Yes,88,Excellent
6224,Female,21,10,83,44,0,No,No,60,Average
6225,Male,20,7,76,99,5,Yes,Yes,83,Excellent
6226,Male,22,7,85,99,10,Yes,Yes,87,Excellent
6227,Male,19,4,80,52,0,No,Yes,50,Average
6228,Female,20,1,62,79,0,Yes,Yes,41,Poor
6229,Female,22,7,61,65,0,No,Yes,52,Average
6230,Male,19,5,82,92,5,No,Yes,64,Average
6231,Male,17,8,64,74,1,No,Yes,58,Average
6232,Male,17,3,86,69,10,Yes,No,67,Good
6233,Female,16,5,87,82,10,Yes,No,83,Excellent
6234,Female,18,4,91,45,8,No,No,62,Average
6235,Male,19,9,53,43,7,Yes,No,66,Good
6236,Female,19,7,88,93,8,Yes,No,86,Excellent
6237,Female,21,6,91,41,4,No,Yes,66,Good
6238,Male,16,1,97,71,7,Yes,Yes,61,Average
6239,Male,19,3,56,80,1,Yes,No,60,Average
6240,Female,18,4,63,55,1,No,No,51,Average
6241,Male,16,2,53,45,4,No,Yes,32,Poor
6242,Male,17,6,61,40,6,Yes,Yes,58,Average
6243,Female,21,10,63,44,6,No,Yes,67,Good
6244,Male,22,4,64,47,6,Yes,No,45,Poor
6245,Female,17,2,50,44,7,Yes,No,38,Poor
6246,Male,18,8,97,56,0,No,Yes,69,Good
6247,Female,20,2,88,97,0,Yes,No,68,Good
6248,Female,22,4,90,62,2,No,Yes,61,Average
6249,Male,16,8,77,55,5,Yes,No,63,Average
6250,Male,21,1,59,85,2,No,No,43,Poor
6251,Male,19,7,70,87,6,Yes,Yes,75,Good
6252,Male,17,6,78,68,7,No,Yes,67,Good
6253,Female,18,8,55,71,5,Yes,Yes,62,Average
6254,Male,22,10,89,94,7,No,Yes,91,Excellent
6255,Male,18,9,79,100,8,Yes,No,86,Excellent
6256,Male,19,2,70,95,1,Yes,Yes,58,Average
6257,Female,21,5,57,50,4,No,No,50,Average
6258,Female,19,4,54,98,10,Yes,No,63,Average
6259,Female,22,5,55,76,0,No,No,54,Average
6260,Male,18,1,84,62,7,Yes,Yes,56,Average
6261,Male,16,2,81,65,1,No,Yes,54,Average
6262,Male,17,1,57,46,10,Yes,No,44,Poor
6263,Male,22,2,92,100,8,Yes,No,71,Good
6264,Male,17,6,80,77,6,No,No,68,Good
6265,Female,16,2,86,44,10,No,No,50,Average
6266,Male,21,1,95,97,7,Yes,No,64,Average
6267,Female,19,5,63,57,2,No,Yes,46,Poor
6268,Male,19,6,68,82,6,No,Yes,66,Good
6269,Male,17,4,53,81,6,No,Yes,50,Average
6270,Female,19,9,66,65,0,Yes,No,60,Average
6271,Male,20,3,65,57,6,No,No,46,Poor
6272,Male,22,8,68,67,4,No,Yes,64,Average
6273,Female,19,5,87,90,5,Yes,No,67,Good
6274,Female,21,5,56,46,3,No,Yes,45,Poor
6275,Male,21,7,97,96,3,Yes,Yes,88,Excellent
6276,Male,21,8,84,67,9,No,No,78,Good
6277,Female,16,9,99,73,3,Yes,No,75,Good
6278,Male,21,5,90,58,7,No,No,63,Average
6279,Female,18,4,73,81,10,No,Yes,71,Good
6280,Male,16,2,92,67,8,No,Yes,64,Average
6281,Male,16,8,70,43,4,Yes,Yes,68,Good
6282,Male,16,2,83,60,9,No,No,57,Average
6283,Male,21,10,72,50,9,Yes,No,77,Good
6284,Female,20,6,80,98,9,Yes,Yes,88,Excellent
6285,Male,19,3,74,65,8,Yes,No,58,Average
6286,Female,18,2,77,100,10,Yes,Yes,74,Good
6287,Male,16,7,61,87,7,Yes,Yes,76,Good
6288,Male,16,2,59,82,1,No,No,44,Poor
6289,Female,22,3,63,55,1,Yes,No,51,Average
6290,Female,19,3,72,40,3,No,No,39,Poor
6291,Male,17,8,94,47,4,Yes,Yes,69,Good
6292,Female,19,8,62,49,3,No,No,55,Average
6293,Female,22,5,61,98,1,No,Yes,53,Average
6294,Female,17,1,78,78,3,No,No,47,Poor
6295,Male,21,9,79,44,9,No,Yes,70,Good
6296,Female,22,6,86,48,10,No,Yes,57,Average
6297,Male,18,9,81,71,9,Yes,No,81,Excellent
6298,Male,19,4,79,77,5,No,Yes,61,Average
6299,Male,19,2,58,77,2,Yes,Yes,52,Average
6300,Female,16,2,65,81,3,Yes,Yes,47,Poor
6301,Female,18,4,73,100,10,Yes,Yes,75,Good
6302,Male,20,5,83,93,4,Yes,Yes,70,Good
6303,Female,22,3,61,54,2,Yes,No,46,Poor
6304,Male,21,8,53,100,9,No,Yes,70,Good
6305,Male,19,1,83,62,8,No,Yes,61,Average
6306,Male,16,4,57,67,8,Yes,Yes,62,Average
6307,Female,20,1,89,91,9,Yes,No,62,Average
6308,Male,16,10,64,44,7,No,No,63,Average
6309,Male,17,8,90,57,10,No,Yes,69,Good
6310,Male,17,4,78,43,10,No,No,60,Average
6311,Male,18,6,70,59,0,No,No,46,Poor
6312,Male,18,4,72,60,10,Yes,Yes,63,Average
6313,Female,21,2,99,72,0,Yes,Yes,67,Good
6314,Male,16,3,96,98,8,No,No,81,Excellent
6315,Female,18,9,81,87,5,Yes,No,75,Good
6316,Male,19,5,56,60,3,Yes,Yes,59,Average
6317,Male,19,7,76,83,7,Yes,No,73,Good
6318,Female,16,2,86,90,1,No,Yes,54,Average
6319,Male,18,4,51,78,3,No,Yes,47,Poor
6320,Male,18,1,64,71,7,Yes,No,45,Poor
6321,Male,19,10,90,81,3,Yes,No,77,Good
6322,Male,16,1,68,98,5,Yes,Yes,67,Good
6323,Female,22,2,75,51,4,No,No,43,Poor
6324,Female,19,9,67,99,7,Yes,Yes,85,Excellent
6325,Female,16,7,71,93,2,Yes,No,71,Good
6326,Male,22,8,89,80,1,Yes,Yes,81,Excellent
6327,Female,21,1,89,62,7,Yes,Yes,60,Average
6328,Female,16,9,56,76,9,No,No,71,Good
6329,Female,19,6,95,68,8,Yes,No,75,Good
6330,Female,17,1,70,56,0,No,Yes,43,Poor
6331,Female,19,8,67,40,9,Yes,Yes,59,Average
6332,Male,21,8,70,78,9,Yes,Yes,68,Good
6333,Female,17,5,90,45,4,Yes,No,53,Average
6334,Female,21,8,51,76,1,No,No,64,Average
6335,Male,18,9,66,40,0,Yes,Yes,58,Average
6336,Female,16,5,95,66,4,No,No,71,Good
6337,Female,20,4,68,86,8,No,No,61,Average
6338,Female,19,1,68,97,8,Yes,No,67,Good
6339,Male,17,6,78,67,0,Yes,Yes,70,Good
6340,Male,21,8,88,61,1,Yes,Yes,66,Good
6341,Female,22,7,72,51,10,No,Yes,59,Average
6342,Male,20,6,88,41,4,Yes,Yes,63,Average
6343,Female,19,2,99,71,4,Yes,No,63,Average
6344,Male,22,8,99,86,10,No,Yes,80,Excellent
6345,Female,21,4,99,92,2,Yes,Yes,78,Good
6346,Female,19,1,60,63,4,No,Yes,48,Poor
6347,Male,18,5,74,77,6,No,No,72,Good
6348,Male,18,5,55,100,10,Yes,Yes,80,Excellent
6349,Female,22,2,100,55,7,Yes,No,62,Average
6350,Female,21,10,95,50,9,No,No,72,Good
6351,Female,22,5,83,98,9,No,Yes,68,Good
6352,Male,19,6,98,95,8,No,No,80,Excellent
6353,Male,21,5,85,87,8,No,Yes,79,Good
6354,Female,19,7,92,80,10,No,No,79,Good
6355,Female,17,8,83,42,5,Yes,No,62,Average
6356,Male,16,10,56,94,8,No,Yes,83,Excellent
6357,Female,22,9,86,68,4,No,No,79,Good
6358,Female,19,7,98,43,9,Yes,Yes,70,Good
6359,Female,17,7,66,48,5,Yes,Yes,66,Good
6360,Female,22,10,81,94,0,No,No,84,Excellent
6361,Female,20,2,51,80,5,No,Yes,54,Average
6362,Female,16,5,67,90,7,No,No,62,Average
6363,Male,16,6,78,94,7,Yes,Yes,80,Excellent
6364,Female,21,2,73,63,4,No,No,43,Poor
6365,Female,19,6,58,63,6,Yes,No,60,Average
6366,Female,21,9,67,62,5,No,No,70,Good
6367,Male,17,4,71,84,4,Yes,Yes,66,Good
6368,Female,20,6,63,89,0,No,Yes,68,Good
6369,Female,17,9,90,85,2,No,No,79,Good
6370,Male,16,9,87,57,2,No,No,60,Average
6371,Female,19,7,89,74,0,Yes,No,74,Good
6372,Male,18,9,61,81,9,No,Yes,77,Good
6373,Male,16,8,88,93,6,Yes,No,86,Excellent
6374,Female,19,8,99,69,10,No,Yes,80,Excellent
6375,Female,16,7,68,76,1,Yes,No,63,Average
6376,Male,20,6,51,94,10,No,Yes,70,Good
6377,Female,18,1,56,64,9,Yes,No,56,Average
6378,Female,20,1,80,79,8,Yes,Yes,54,Average
6379,Male,21,1,51,73,1,Yes,Yes,45,Poor
6380,Male,17,4,99,70,4,Yes,Yes,73,Good
6381,Female,22,5,89,58,1,Yes,Yes,65,Good
6382,Female,20,10,57,47,10,Yes,No,74,Good
6383,Female,16,4,54,46,8,Yes,No,46,Poor
6384,Male,19,6,87,62,1,Yes,Yes,56,Average
6385,Female,22,4,86,92,0,No,No,68,Good
6386,Female,21,10,66,49,3,No,Yes,60,Average
6387,Female,18,5,60,73,8,No,No,59,Average
6388,Male,21,8,65,59,10,No,Yes,66,Good
6389,Male,22,3,78,70,2,Yes,No,55,Average
6390,Female,19,3,72,42,5,No,Yes,44,Poor
6391,Male,19,10,88,49,4,No,Yes,76,Good
6392,Male,19,9,95,69,7,Yes,No,76,Good
6393,Female,22,9,77,68,2,No,No,68,Good
6394,Male,22,9,74,98,9,Yes,Yes,87,Excellent
6395,Male,19,7,95,95,2,No,No,78,Good
6396,Male,22,5,56,87,5,No,Yes,54,Average
6397,Male,17,1,68,41,4,Yes,Yes,48,Poor
6398,Male,20,2,58,78,4,Yes,Yes,59,Average
6399,Male,17,7,73,68,8,Yes,No,75,Good
6400,Male,22,6,70,41,1,Yes,No,50,Average
6401,Female,21,2,51,96,1,No,No,53,Average
6402,Male,19,4,55,92,3,No,Yes,50,Average
6403,Female,21,8,67,76,3,Yes,No,72,Good
6404,Female,16,8,64,40,2,Yes,No,54,Average
6405,Male,17,4,88,70,10,Yes,Yes,62,Average
6406,Male,21,5,86,50,6,Yes,Yes,59,Average
6407,Female,21,5,50,40,6,Yes,Yes,56,Average
6408,Female,18,5,94,77,6,No,Yes,67,Good
6409,Male,22,2,67,55,5,Yes,No,57,Average
6410,Male,16,9,95,94,0,Yes,No,84,Excellent
6411,Male,16,6,97,55,1,Yes,No,70,Good
6412,Female,22,3,80,65,9,Yes,No,70,Good
6413,Male,20,7,76,43,5,No,No,62,Average
6414,Female,18,8,72,40,4,Yes,Yes,62,Average
6415,Female,22,5,98,43,6,No,No,56,Average
6416,Male,18,5,56,87,8,Yes,No,73,Good
6417,Female,22,2,69,75,8,Yes,No,52,Average
6418,Male,20,1,54,76,7,No,No,56,Average
6419,Female,20,3,75,71,8,No,No,52,Average
6420,Male,18,5,55,97,4,No,Yes,62,Average
6421,Male,21,7,81,90,10,Yes,Yes,85,Excellent
6422,Female,16,6,57,54,7,No,Yes,60,Average
6423,Male,20,8,52,58,2,No,Yes,60,Average
6424,Male,18,3,50,68,6,Yes,No,44,Poor
6425,Female,19,9,54,97,4,Yes,No,78,Good
6426,Male,17,4,88,87,10,No,No,78,Good
6427,Male,21,1,70,56,1,No,Yes,43,Poor
6428,Male,16,8,77,40,1,No,No,51,Average
6429,Female,16,8,80,75,4,Yes,No,76,Good
6430,Male,19,7,56,73,10,No,No,73,Good
6431,Female,19,7,81,48,1,Yes,Yes,59,Average
6432,Male,20,2,66,53,0,Yes,Yes,47,Poor
6433,Female,19,3,97,63,9,No,Yes,62,Average
6434,Female,22,8,67,90,0,Yes,Yes,63,Average
6435,Male,20,10,67,91,4,No,No,68,Good
6436,Female,17,3,71,88,6,Yes,Yes,62,Average
6437,Male,16,1,85,74,0,Yes,No,60,Average
6438,Male,22,2,75,95,10,Yes,Yes,73,Good
6439,Female,19,1,64,97,5,No,No,51,Average
6440,Male,16,7,78,97,6,Yes,No,84,Excellent
6441,Male,20,7,72,74,6,Yes,No,63,Average
6442,Male,22,6,65,95,6,No,Yes,65,Good
6443,Female,20,3,61,60,4,No,Yes,40,Poor
6444,Male,20,5,51,79,7,No,Yes,66,Good
6445,Male,22,9,62,80,4,Yes,Yes,65,Good
6446,Male,19,7,70,74,4,No,Yes,64,Average
6447,Male,22,1,67,67,0,Yes,No,51,Average
6448,Female,21,9,88,84,10,No,Yes,88,Excellent
6449,Female,20,4,80,63,9,Yes,No,66,Good
6450,Female,20,1,90,93,5,Yes,Yes,65,Good
6451,Female,16,3,81,81,8,Yes,Yes,73,Good
6452,Male,18,6,57,52,0,Yes,No,44,Poor
6453,Male,20,9,70,98,7,No,No,87,Excellent
6454,Female,20,9,99,40,8,No,Yes,79,Good
6455,Male,16,7,60,72,2,No,Yes,65,Good
6456,Male,18,6,64,51,0,No,Yes,52,Average
6457,Female,18,6,53,47,3,No,Yes,48,Poor
6458,Female,16,2,78,75,8,No,No,51,Average
6459,Male,16,4,89,87,1,No,Yes,72,Good
6460,Female,18,2,68,46,2,Yes,Yes,51,Average
6461,Male,21,1,67,87,5,Yes,No,62,Average
6462,Female,17,3,80,66,9,Yes,No,63,Average
6463,Female,17,9,79,93,9,Yes,Yes,82,Excellent
6464,Male,17,4,88,43,6,Yes,No,63,Average
6465,Female,19,1,78,45,2,No,Yes,39,Poor
6466,Male,17,10,69,79,1,Yes,No,67,Good
6467,Female,19,7,87,58,3,No,No,62,Average
6468,Female,18,4,55,82,4,No,No,58,Average
6469,Female,20,2,73,42,8,No,Yes,48,Poor
6470,Male,21,4,100,81,1,No,No,70,Good
6471,Male,17,1,58,52,0,No,Yes,34,Poor
6472,Male,22,4,94,73,8,Yes,Yes,75,Good
6473,Female,22,3,70,41,9,Yes,No,45,Poor
6474,Female,16,1,99,59,3,No,No,58,Average
6475,Female,19,1,81,81,2,No,Yes,50,Average
6476,Female,18,8,96,72,9,No,No,77,Good
6477,Male,20,1,72,53,7,Yes,Yes,58,Average
6478,Female,17,4,52,76,7,Yes,Yes,55,Average
6479,Female,19,8,53,80,10,No,No,65,Good
6480,Female,17,2,50,76,8,No,Yes,55,Average
6481,Male,20,3,82,81,10,Yes,No,73,Good
6482,Male,16,7,99,96,6,Yes,Yes,92,Excellent
6483,Male,18,3,73,50,8,No,No,54,Average
6484,Female,19,9,99,44,10,No,Yes,72,Good
6485,Male,16,10,89,90,7,No,Yes,84,Excellent
6486,Female,16,9,53,73,3,No,Yes,66,Good
6487,Male,18,9,79,75,9,Yes,No,80,Excellent
6488,Female,18,7,100,60,8,No,No,70,Good
6489,Female,16,3,56,53,1,Yes,No,49,Poor
6490,Male,18,1,70,99,10,No,No,62,Average
6491,Male,20,8,96,75,0,Yes,No,82,Excellent
6492,Female,21,6,95,99,3,No,Yes,72,Good
6493,Female,21,9,83,71,0,No,Yes,71,Good
6494,Female,19,9,90,46,3,No,Yes,60,Average
6495,Female,22,3,57,93,7,No,No,56,Average
6496,Female,19,10,88,57,4,Yes,Yes,70,Good
6497,Female,20,3,78,54,0,No,No,52,Average
6498,Female,17,1,83,59,0,No,No,49,Poor
6499,Male,16,2,71,68,7,No,No,58,Average
6500,Male,16,10,89,84,7,No,No,86,Excellent
6501,Female,18,6,92,94,4,Yes,No,80,Excellent
6502,Male,19,8,61,79,2,Yes,No,64,Average
6503,Male,21,7,80,79,4,Yes,No,64,Average
6504,Female,18,5,56,54,8,Yes,No,56,Average
6505,Female,21,9,83,53,3,Yes,Yes,77,Good
6506,Female,17,3,72,81,4,No,No,54,Average
6507,Female,19,2,53,54,5,No,No,49,Poor
6508,Female,21,9,53,75,4,Yes,No,62,Average
6509,Male,22,10,60,66,2,No,Yes,68,Good
6510,Female,21,7,52,43,1,Yes,No,55,Average
6511,Male,22,7,90,92,0,No,Yes,73,Good
6512,Female,20,2,50,43,9,Yes,No,49,Poor
6513,Male,22,10,70,59,5,No,Yes,62,Average
6514,Female,16,8,83,95,4,No,Yes,84,Excellent
6515,Female,22,3,50,98,10,No,Yes,58,Average
6516,Male,21,9,86,72,7,Yes,Yes,87,Excellent
6517,Female,17,2,76,65,5,No,Yes,45,Poor
6518,Male,16,9,93,82,6,Yes,Yes,91,Excellent
6519,Female,17,5,50,80,2,No,Yes,46,Poor
6520,Female,18,3,59,69,6,No,Yes,53,Average
6521,Male,22,7,71,48,6,No,Yes,61,Average
6522,Male,18,8,81,83,4,Yes,Yes,81,Excellent
6523,Female,17,9,73,84,9,No,Yes,86,Excellent
6524,Male,18,10,90,97,8,No,No,86,Excellent
6525,Male,18,2,93,62,5,Yes,Yes,58,Average
6526,Male,22,2,75,99,4,Yes,Yes,63,Average
6527,Male,20,8,79,85,4,No,No,72,Good
6528,Female,22,3,87,84,4,No,No,71,Good
6529,Female,19,5,95,43,4,No,No,54,Average
6530,Male,21,7,96,57,9,No,Yes,80,Excellent
6531,Male,21,5,56,76,0,No,No,46,Poor
6532,Male,16,10,86,68,8,No,No,76,Good
6533,Male,20,10,65,44,6,No,Yes,59,Average
6534,Male,20,3,77,62,8,No,No,50,Average
6535,Male,18,9,87,44,0,No,No,69,Good
6536,Female,18,9,97,56,3,No,No,75,Good
6537,Male,16,3,99,54,4,Yes,No,60,Average
6538,Male,21,8,94,41,8,Yes,No,70,Good
6539,Female,21,4,87,61,9,No,Yes,65,Good
6540,Male,20,5,70,79,0,No,Yes,52,Average
6541,Female,20,3,54,80,1,Yes,Yes,56,Average
6542,Female,21,3,56,82,8,Yes,No,60,Average
6543,Male,22,8,85,72,9,Yes,No,85,Excellent
6544,Male,19,1,73,94,0,No,Yes,56,Average
6545,Female,21,7,58,64,10,Yes,Yes,73,Good
6546,Female,17,5,95,82,3,Yes,No,74,Good
6547,Male,17,1,99,71,9,Yes,No,72,Good
6548,Female,19,9,89,90,10,Yes,No,97,Excellent
6549,Female,19,6,60,84,10,Yes,No,69,Good
6550,Male,20,2,83,59,5,No,No,48,Poor
6551,Male,20,6,78,85,9,Yes,Yes,80,Excellent
6552,Female,21,10,51,46,6,No,Yes,62,Average
6553,Female,17,8,68,68,8,No,Yes,72,Good
6554,Male,21,4,62,53,1,No,Yes,40,Poor
6555,Female,21,5,81,61,6,Yes,No,59,Average
6556,Male,19,6,90,43,2,Yes,Yes,52,Average
6557,Male,17,8,83,67,4,No,No,62,Average
6558,Male,18,2,90,48,5,Yes,Yes,59,Average
6559,Male,16,10,94,40,5,Yes,No,77,Good
6560,Female,17,9,79,80,9,Yes,No,83,Excellent
6561,Male,22,3,61,65,8,No,No,51,Average
6562,Male,16,6,60,82,4,Yes,No,61,Average
6563,Female,19,6,78,78,3,Yes,No,69,Good
6564,Female,21,10,67,91,1,No,No,75,Good
6565,Female,17,5,92,52,8,No,Yes,60,Average
6566,Female,19,2,72,68,3,No,No,42,Poor
6567,Male,16,6,93,47,8,Yes,No,62,Average
6568,Male,22,1,62,45,10,No,No,41,Poor
6569,Female,19,6,87,46,4,No,No,64,Average
6570,Male,16,10,76,91,6,No,No,73,Good
6571,Male,21,6,53,85,4,Yes,No,55,Average
6572,Female,16,3,75,81,5,No,No,63,Average
6573,Male,19,6,76,94,10,No,No,82,Excellent
6574,Male,21,3,87,81,7,No,No,59,Average
6575,Male,18,1,77,73,5,Yes,Yes,54,Average
6576,Female,16,10,100,59,6,Yes,Yes,83,Excellent
6577,Female,21,1,76,93,1,No,No,53,Average
6578,Male,17,1,70,53,4,Yes,Yes,53,Average
6579,Female,21,7,59,77,3,Yes,No,59,Average
6580,Female,22,1,80,47,0,No,No,36,Poor
6581,Female,20,1,64,67,7,Yes,No,45,Poor
6582,Male,16,2,79,82,9,No,No,67,Good
6583,Male,16,10,86,58,6,No,Yes,78,Good
6584,Male,20,8,67,79,6,Yes,Yes,69,Good
6585,Male,16,9,92,88,7,No,No,90,Excellent
6586,Male,18,4,79,62,9,No,No,66,Good
6587,Male,19,5,82,51,3,Yes,Yes,64,Average
6588,Male,18,5,81,92,5,No,Yes,64,Average
6589,Female,22,4,74,68,2,Yes,Yes,60,Average
6590,Female,19,9,54,57,0,Yes,Yes,60,Average
6591,Female,18,10,91,93,1,Yes,No,78,Good
6592,Female,22,6,53,76,4,Yes,Yes,56,Average
6593,Male,20,7,90,55,7,Yes,Yes,66,Good
6594,Male,18,2,82,86,1,Yes,No,51,Average
6595,Female,18,8,88,43,4,No,No,64,Average
6596,Male,16,6,93,91,8,Yes,No,76,Good
6597,Female,20,5,59,71,8,Yes,Yes,60,Average
6598,Male,22,9,88,43,0,No,Yes,67,Good
6599,Male,22,5,69,95,1,No,No,67,Good
6600,Male,16,8,98,69,10,Yes,No,80,Excellent
6601,Female,19,8,53,75,0,No,No,54,Average
6602,Female,21,1,66,79,10,No,No,58,Average
6603,Female,17,5,50,42,3,Yes,Yes,40,Poor
6604,Male,16,9,76,45,7,No,No,63,Average
6605,Male,21,5,89,59,10,No,No,67,Good
6606,Male,20,5,87,93,5,Yes,Yes,78,Good
6607,Male,20,10,52,45,0,Yes,No,56,Average
6608,Female,18,10,58,49,7,No,No,57,Average
6609,Female,20,5,93,50,6,Yes,Yes,67,Good
6610,Male,18,4,94,57,4,Yes,Yes,61,Average
6611,Male,16,2,70,81,5,No,No,55,Average
6612,Male,21,6,56,53,9,No,No,56,Average
6613,Male,17,8,73,40,8,Yes,No,64,Average
6614,Female,19,6,60,92,5,Yes,Yes,65,Good
6615,Female,17,5,94,49,1,Yes,No,66,Good
6616,Female,18,7,60,75,0,No,Yes,57,Average
6617,Male,16,1,76,85,4,No,No,63,Average
6618,Female,18,9,60,79,4,Yes,No,68,Good
6619,Female,17,6,97,62,8,No,Yes,69,Good
6620,Female,16,7,98,50,10,No,No,70,Good
6621,Male,16,9,53,63,5,Yes,Yes,70,Good
6622,Male,22,4,95,82,1,No,No,67,Good
6623,Female,16,2,73,52,2,No,Yes,42,Poor
6624,Female,22,2,68,99,7,No,No,66,Good
6625,Male,17,8,55,55,7,No,Yes,68,Good
6626,Male,22,6,65,72,2,Yes,Yes,57,Average
6627,Female,21,10,74,91,5,No,No,78,Good
6628,Female,22,7,67,91,4,No,Yes,66,Good
6629,Female,19,3,60,49,0,Yes,No,48,Poor
6630,Male,21,5,58,77,9,No,Yes,60,Average
6631,Female,19,2,85,83,6,Yes,No,62,Average
6632,Male,18,2,52,100,6,Yes,Yes,56,Average
6633,Female,19,3,87,73,6,Yes,No,62,Average
6634,Male,20,6,94,71,1,Yes,Yes,74,Good
6635,Female,21,1,73,64,9,No,No,50,Average
6636,Male,21,1,93,77,6,No,Yes,56,Average
6637,Male,18,3,85,73,8,Yes,No,58,Average
6638,Male,16,1,79,46,4,Yes,Yes,51,Average
6639,Female,17,7,82,41,8,No,No,62,Average
6640,Female,17,8,58,89,1,Yes,Yes,73,Good
6641,Male,19,7,63,95,8,Yes,Yes,70,Good
6642,Female,22,5,64,72,4,Yes,Yes,67,Good
6643,Male,18,7,82,85,4,Yes,Yes,70,Good
6644,Male,16,9,97,70,4,No,Yes,71,Good
6645,Male,16,2,60,64,5,No,No,51,Average
6646,Female,17,1,58,83,3,Yes,Yes,45,Poor
6647,Male,20,2,78,90,0,No,Yes,54,Average
6648,Male,19,6,83,74,8,Yes,Yes,75,Good
6649,Male,16,7,63,41,4,Yes,No,59,Average
6650,Female,22,8,60,96,6,Yes,Yes,68,Good
6651,Male,17,2,52,41,1,No,Yes,36,Poor
6652,Male,17,7,90,50,2,Yes,Yes,58,Average
6653,Male,21,8,52,51,0,Yes,No,46,Poor
6654,Male,22,5,74,79,6,Yes,Yes,71,Good
6655,Female,19,8,59,97,7,Yes,Yes,78,Good
6656,Male,16,10,85,40,6,Yes,No,70,Good
6657,Female,17,6,51,47,6,Yes,No,49,Poor
6658,Female,16,1,69,93,9,No,No,55,Average
6659,Male,17,1,73,82,1,No,Yes,48,Poor
6660,Male,21,3,51,77,6,No,Yes,45,Poor
6661,Female,18,1,80,59,1,Yes,No,53,Average
6662,Female,18,4,65,76,0,Yes,No,54,Average
6663,Male,19,5,62,54,9,Yes,No,67,Good
6664,Male,21,1,51,90,8,No,Yes,57,Average
6665,Male,21,7,81,63,0,Yes,No,69,Good
6666,Female,21,2,67,65,5,Yes,Yes,52,Average
6667,Male,22,6,73,72,10,No,No,70,Good
6668,Male,16,2,82,46,10,Yes,Yes,54,Average
6669,Male,16,2,74,62,1,Yes,No,42,Poor
6670,Male,22,8,99,62,0,No,No,63,Average
6671,Male,19,8,80,80,5,Yes,No,80,Excellent
6672,Female,19,3,92,49,10,No,Yes,65,Good
6673,Male,19,9,97,95,10,No,Yes,82,Excellent
6674,Female,16,5,85,71,1,Yes,Yes,67,Good
6675,Male,17,5,81,64,4,Yes,No,64,Average
6676,Male,21,8,57,83,9,No,No,73,Good
6677,Male,16,5,73,77,5,No,Yes,55,Average
6678,Male,17,10,51,67,9,No,No,76,Good
6679,Female,18,7,66,48,7,Yes,No,60,Average
6680,Female,21,2,52,90,9,Yes,Yes,60,Average
6681,Male,16,9,57,56,6,No,No,55,Average
6682,Male,22,4,76,40,7,No,Yes,59,Average
6683,Female,22,7,50,50,2,No,Yes,52,Average
6684,Male,17,2,62,56,1,No,No,38,Poor
6685,Female,20,1,86,62,4,Yes,No,57,Average
6686,Female,21,1,56,64,3,No,Yes,44,Poor
6687,Female,20,3,85,47,7,Yes,Yes,55,Average
6688,Female,20,2,51,88,8,Yes,No,61,Average
6689,Female,16,3,53,90,6,No,No,56,Average
6690,Female,22,8,74,56,7,No,No,63,Average
6691,Male,16,9,66,98,5,Yes,Yes,81,Excellent
6692,Male,22,10,87,76,2,No,No,68,Good
6693,Female,20,7,57,40,2,No,No,44,Poor
6694,Male,17,9,93,94,2,No,No,77,Good
6695,Male,17,3,93,95,8,No,No,67,Good
6696,Male,22,10,100,94,8,Yes,No,91,Excellent
6697,Female,22,10,99,96,0,No,Yes,76,Good
6698,Female,19,4,50,86,10,Yes,Yes,63,Average
6699,Male,16,2,97,67,10,No,No,68,Good
6700,Male,21,2,87,95,10,Yes,Yes,75,Good
6701,Female,22,8,56,77,7,Yes,No,77,Good
6702,Female,22,5,72,99,4,Yes,No,66,Good
6703,Male,17,9,79,91,6,No,Yes,80,Excellent
6704,Female,16,6,97,91,5,No,No,81,Excellent
6705,Male,20,8,89,50,9,No,Yes,76,Good
6706,Male,17,8,63,50,4,Yes,No,54,Average
6707,Female,21,10,55,76,10,Yes,No,82,Excellent
6708,Female,22,6,93,91,1,No,Yes,70,Good
6709,Female,17,1,78,65,8,Yes,Yes,64,Average
6710,Male,19,9,55,81,10,No,Yes,76,Good
6711,Male,20,2,80,90,0,Yes,No,56,Average
6712,Male,19,4,78,56,10,Yes,No,62,Average
6713,Male,16,4,54,73,4,Yes,No,49,Poor
6714,Male,18,8,95,47,6,Yes,No,67,Good
6715,Female,16,5,79,64,2,Yes,No,58,Average
6716,Female,19,9,80,96,3,No,No,73,Good
6717,Male,22,6,72,90,6,No,No,68,Good
6718,Female,21,2,99,65,8,No,Yes,66,Good
6719,Male,17,8,90,86,0,Yes,No,75,Good
6720,Male,16,2,69,75,10,No,No,66,Good
6721,Male,19,6,77,40,8,Yes,No,55,Average
6722,Male,22,3,68,58,6,Yes,Yes,59,Average
6723,Female,19,4,66,84,6,Yes,No,62,Average
6724,Male,22,4,55,56,9,Yes,Yes,63,Average
6725,Female,17,8,58,88,2,Yes,Yes,70,Good
6726,Male,16,4,50,89,10,Yes,No,60,Average
6727,Female,19,5,81,66,4,Yes,No,62,Average
6728,Female,20,2,63,96,3,No,Yes,53,Average
6729,Male,22,9,56,75,1,No,No,61,Average
6730,Female,18,9,84,55,0,Yes,Yes,65,Good
6731,Female,19,2,76,43,10,Yes,Yes,62,Average
6732,Female,16,8,98,73,7,No,Yes,74,Good
6733,Male,18,10,50,70,2,No,No,71,Good
6734,Male,16,6,94,41,3,Yes,No,68,Good
6735,Male,17,9,82,82,3,No,Yes,77,Good
6736,Male,22,1,99,75,2,Yes,No,68,Good
6737,Male,18,7,86,62,3,No,Yes,70,Good
6738,Male,17,3,52,68,2,No,No,40,Poor
6739,Female,18,7,93,93,2,Yes,Yes,82,Excellent
6740,Male,20,1,54,83,9,No,No,60,Average
6741,Female,16,5,95,44,2,Yes,No,60,Average
6742,Female,16,3,52,75,3,No,Yes,50,Average
6743,Male,18,9,71,65,2,Yes,No,73,Good
6744,Female,19,4,58,91,7,No,No,54,Average
6745,Female,22,4,89,96,10,No,Yes,74,Good
6746,Male,20,10,87,43,6,No,No,71,Good
6747,Male,21,7,87,75,4,Yes,No,77,Good
6748,Female,21,4,80,87,5,No,Yes,73,Good
6749,Female,18,4,71,70,7,No,No,67,Good
6750,Male,20,3,94,79,4,No,Yes,68,Good
6751,Male,20,9,94,52,7,No,No,70,Good
6752,Female,22,10,74,42,4,Yes,No,67,Good
6753,Male,16,3,72,93,6,No,Yes,59,Average
6754,Male,19,9,61,79,5,Yes,No,68,Good
6755,Male,17,8,96,66,3,Yes,No,67,Good
6756,Male,22,9,96,41,4,Yes,No,71,Good
6757,Female,21,3,77,79,8,Yes,No,67,Good
6758,Female,22,2,50,73,6,Yes,No,43,Poor
6759,Female,22,9,63,79,3,Yes,Yes,67,Good
6760,Male,16,3,93,70,5,No,Yes,64,Average
6761,Female,16,7,73,68,5,No,No,72,Good
6762,Male,20,7,63,80,2,Yes,Yes,72,Good
6763,Female,22,6,75,43,5,No,No,53,Average
6764,Male,16,1,86,65,0,Yes,No,55,Average
6765,Female,19,2,92,61,3,Yes,No,61,Average
6766,Male,16,3,68,58,5,No,No,44,Poor
6767,Female,18,4,64,88,6,No,No,68,Good
6768,Male,22,6,66,65,0,No,Yes,54,Average
6769,Female,19,1,73,52,3,Yes,No,51,Average
6770,Male,19,1,84,85,10,Yes,No,68,Good
6771,Female,18,2,68,80,0,Yes,No,51,Average
6772,Male,20,8,66,61,1,Yes,No,57,Average
6773,Female,22,8,89,43,2,Yes,Yes,57,Average
6774,Female,18,4,54,83,2,Yes,Yes,56,Average
6775,Male,18,8,88,79,9,Yes,Yes,89,Excellent
6776,Male,18,7,74,90,8,No,Yes,74,Good
6777,Female,19,4,76,62,7,Yes,No,55,Average
6778,Female,16,1,68,46,3,No,No,46,Poor
6779,Female,19,8,88,63,9,Yes,Yes,73,Good
6780,Female,22,10,74,70,3,No,Yes,76,Good
6781,Female,18,6,99,68,9,Yes,Yes,69,Good
6782,Male,18,5,92,41,2,No,No,52,Average
6783,Female,19,10,78,65,9,No,Yes,76,Good
6784,Female,19,8,67,89,8,No,No,67,Good
6785,Female,20,7,64,76,1,No,Yes,60,Average
6786,Female,20,1,97,86,9,No,Yes,67,Good
6787,Female,18,8,67,51,7,Yes,No,61,Average
6788,Male,18,5,71,86,2,No,No,56,Average
6789,Male,20,6,66,69,10,Yes,No,68,Good
6790,Female,19,6,55,95,9,Yes,Yes,72,Good
6791,Female,22,1,65,68,8,Yes,Yes,52,Average
6792,Female,19,9,88,78,1,Yes,No,83,Excellent
6793,Male,19,1,96,70,5,Yes,Yes,58,Average
6794,Female,22,10,90,51,5,No,No,79,Good
6795,Female,22,7,65,45,7,No,Yes,66,Good
6796,Male,17,7,76,86,7,No,Yes,77,Good
6797,Male,22,4,98,75,6,Yes,Yes,70,Good
6798,Female,17,3,97,91,6,Yes,No,81,Excellent
6799,Female,18,1,89,56,6,No,No,52,Average
6800,Male,19,1,99,60,3,No,No,53,Average
6801,Male,22,5,86,81,5,No,Yes,64,Average
6802,Male,21,8,74,50,0,Yes,Yes,57,Average
6803,Female,18,9,60,74,0,Yes,Yes,58,Average
6804,Female,17,7,70,41,4,No,No,63,Average
6805,Male,20,7,88,42,0,Yes,Yes,58,Average
6806,Female,16,6,58,91,4,Yes,No,62,Average
6807,Female,21,8,70,72,4,Yes,No,75,Good
6808,Male,22,2,91,91,2,No,No,60,Average
6809,Male,17,4,71,67,9,No,Yes,52,Average
6810,Male,20,5,66,90,5,No,No,68,Good
6811,Male,19,3,86,93,5,Yes,No,70,Good
6812,Male,16,4,54,74,4,Yes,No,54,Average
6813,Female,21,7,73,92,2,Yes,No,77,Good
6814,Female,21,6,68,67,1,Yes,Yes,58,Average
6815,Male,21,7,79,83,2,No,No,69,Good
6816,Male,16,10,98,72,9,Yes,Yes,89,Excellent
6817,Female,22,6,63,61,10,No,Yes,64,Average
6818,Male,17,9,92,95,6,Yes,No,96,Excellent
6819,Male,22,4,100,72,4,No,No,60,Average
6820,Female,21,5,99,42,7,No,Yes,70,Good
6821,Female,16,6,94,96,8,Yes,No,76,Good
6822,Male,21,6,99,57,6,No,Yes,64,Average
6823,Female,19,10,51,82,10,No,Yes,70,Good
6824,Male,22,10,79,53,10,No,Yes,77,Good
6825,Male,22,1,64,47,5,No,No,42,Poor
6826,Female,22,10,100,56,4,Yes,Yes,81,Excellent
6827,Male,21,1,53,77,2,Yes,Yes,50,Average
6828,Male,19,9,81,55,0,No,Yes,55,Average
6829,Female,17,5,90,86,10,Yes,Yes,75,Good
6830,Male,17,1,71,83,5,No,No,58,Average
6831,Male,20,5,88,71,5,No,No,71,Good
6832,Male,22,4,88,55,9,No,Yes,56,Average
6833,Male,20,6,55,74,8,No,No,68,Good
6834,Male,22,9,50,83,9,No,No,68,Good
6835,Female,20,8,83,52,0,Yes,No,66,Good
6836,Female,19,1,78,88,4,No,No,53,Average
6837,Male,21,7,90,69,0,Yes,Yes,74,Good
6838,Male,20,9,78,62,8,No,No,66,Good
6839,Female,21,3,52,71,5,Yes,Yes,52,Average
6840,Female,22,10,53,96,7,No,Yes,69,Good
6841,Male,22,5,84,56,7,No,Yes,58,Average
6842,Male,17,5,90,90,4,No,Yes,78,Good
6843,Male,21,2,86,70,1,Yes,Yes,50,Average
6844,Female,16,4,98,65,7,Yes,Yes,73,Good
6845,Female,17,7,55,80,6,No,No,64,Average
6846,Female,16,1,81,84,9,Yes,No,61,Average
6847,Male,18,7,73,48,0,Yes,Yes,55,Average
6848,Male,21,1,54,87,6,Yes,Yes,51,Average
6849,Male,18,3,86,99,0,Yes,No,67,Good
6850,Male,22,7,74,85,4,Yes,Yes,76,Good
6851,Female,22,5,59,75,10,Yes,Yes,70,Good
6852,Female,17,4,58,94,4,No,No,60,Average
6853,Male,16,1,74,43,6,Yes,No,53,Average
6854,Male,19,8,83,74,9,Yes,Yes,79,Good
6855,Female,20,2,52,43,7,Yes,Yes,52,Average
6856,Male,19,10,84,86,0,Yes,Yes,85,Excellent
6857,Female,21,6,99,65,4,No,No,70,Good
6858,Female,19,6,78,77,0,Yes,Yes,68,Good
6859,Male,22,6,90,77,4,No,Yes,61,Average
6860,Male,21,8,83,58,8,No,No,67,Good
6861,Female,22,1,84,40,4,No,Yes,42,Poor
6862,Male,17,1,66,79,8,Yes,Yes,63,Average
6863,Female,16,1,59,65,7,No,No,47,Poor
6864,Female,18,4,95,89,9,No,No,68,Good
6865,Male,17,9,58,61,1,Yes,No,58,Average
6866,Female,16,4,72,72,2,Yes,No,55,Average
6867,Female,17,4,51,74,0,No,Yes,56,Average
6868,Male,21,2,56,50,5,Yes,No,46,Poor
6869,Male,16,7,70,83,7,No,Yes,64,Average
6870,Male,17,8,56,84,6,Yes,Yes,79,Good
6871,Male,22,8,76,97,6,Yes,No,77,Good
6872,Male,18,3,76,70,3,No,Yes,48,Poor
6873,Female,19,1,75,74,6,No,No,58,Average
6874,Female,16,5,80,96,3,No,No,73,Good
6875,Female,17,8,68,51,5,Yes,No,70,Good
6876,Female,19,9,87,93,9,No,No,84,Excellent
6877,Male,16,7,90,97,6,Yes,Yes,80,Excellent
6878,Female,21,8,97,93,0,Yes,No,72,Good
6879,Female,21,1,93,68,10,Yes,No,59,Average
6880,Male,21,4,59,54,0,No,No,51,Average
6881,Male,18,10,76,44,1,No,No,61,Average
6882,Female,22,9,99,58,1,No,Yes,63,Average
6883,Female,17,9,97,88,8,Yes,No,94,Excellent
6884,Male,16,4,51,99,9,Yes,No,61,Average
6885,Female,18,4,67,92,9,Yes,No,69,Good
6886,Female,19,9,53,84,8,No,No,71,Good
6887,Female,19,3,68,97,4,Yes,No,70,Good
6888,Female,17,2,84,71,4,Yes,Yes,64,Average
6889,Male,19,5,58,78,10,Yes,Yes,70,Good
6890,Female,21,5,83,70,0,Yes,No,56,Average
6891,Female,21,3,85,85,9,Yes,No,74,Good
6892,Male,20,3,74,48,7,No,Yes,50,Average
6893,Female,22,3,71,73,1,Yes,No,59,Average
6894,Female,17,5,50,56,1,No,No,45,Poor
6895,Female,19,6,95,51,2,No,No,65,Good
6896,Male,22,2,76,77,2,Yes,No,59,Average
6897,Female,19,2,65,63,10,Yes,No,58,Average
6898,Female,21,8,51,85,10,No,Yes,63,Average
6899,Female,22,8,66,83,5,Yes,No,78,Good
6900,Male,18,9,79,73,4,Yes,Yes,74,Good
6901,Female,17,8,77,42,7,Yes,Yes,69,Good
6902,Female,20,3,90,98,2,No,No,62,Average
6903,Male,22,9,84,47,6,Yes,Yes,74,Good
6904,Female,18,2,81,67,5,No,No,49,Poor
6905,Female,16,2,91,89,9,Yes,Yes,66,Good
6906,Male,21,8,64,76,10,Yes,Yes,83,Excellent
6907,Female,22,6,83,56,4,Yes,Yes,60,Average
6908,Female,19,2,58,96,7,No,Yes,60,Average
6909,Female,21,9,71,52,9,Yes,Yes,77,Good
6910,Male,18,8,86,98,4,Yes,Yes,80,Excellent
6911,Female,22,9,88,86,2,Yes,Yes,84,Excellent
6912,Male,22,2,88,79,6,No,No,54,Average
6913,Female,21,10,65,69,6,No,No,67,Good
6914,Female,21,6,85,68,2,Yes,Yes,65,Good
6915,Male,18,7,61,66,0,Yes,Yes,62,Average
6916,Male,21,2,83,89,8,Yes,Yes,67,Good
6917,Female,16,6,62,69,8,Yes,No,73,Good
6918,Male,21,3,100,86,10,Yes,Yes,74,Good
6919,Male,19,2,53,94,8,Yes,No,57,Average
6920,Female,17,10,79,64,10,No,Yes,73,Good
6921,Male,18,2,72,94,1,Yes,No,51,Average
6922,Male,19,3,89,82,2,No,Yes,66,Good
6923,Male,18,9,99,94,3,No,Yes,87,Excellent
6924,Female,20,10,99,97,10,No,No,96,Excellent
6925,Female,20,2,53,79,2,Yes,Yes,53,Average
6926,Female,22,9,82,62,7,Yes,Yes,76,Good
6927,Male,21,4,91,73,9,Yes,No,65,Good
6928,Female,18,6,85,71,5,Yes,Yes,66,Good
6929,Female,16,5,96,77,9,Yes,No,70,Good
6930,Female,19,10,70,80,10,Yes,Yes,80,Excellent
6931,Male,20,9,89,83,1,No,No,75,Good
6932,Female,22,2,85,100,9,Yes,No,70,Good
6933,Male,18,9,69,74,7,No,No,65,Good
6934,Female,20,3,76,51,8,No,No,46,Poor
6935,Male,21,3,51,93,0,Yes,No,60,Average
6936,Male,16,10,81,58,3,No,No,72,Good
6937,Male,21,10,58,61,5,No,No,74,Good
6938,Female,21,9,67,67,9,Yes,Yes,70,Good
6939,Male,21,9,57,48,3,No,Yes,57,Average
6940,Male,18,10,91,83,4,No,Yes,73,Good
6941,Female,18,2,86,84,0,No,No,52,Average
6942,Male,21,5,99,67,0,No,No,69,Good
6943,Male,22,5,84,70,7,No,No,70,Good
6944,Male,16,9,63,61,7,Yes,Yes,65,Good
6945,Male,16,7,65,57,10,No,No,58,Average
6946,Male,22,5,99,48,0,Yes,Yes,58,Average
6947,Female,18,10,80,96,5,No,Yes,81,Excellent
6948,Female,20,3,82,94,7,No,No,73,Good
6949,Female,21,6,72,48,5,No,No,60,Average
6950,Female,16,7,98,64,4,No,Yes,74,Good
6951,Male,22,9,80,47,3,Yes,Yes,60,Average
6952,Male,18,6,66,65,10,No,No,63,Average
6953,Female,18,8,89,72,5,Yes,No,84,Excellent
6954,Female,18,8,50,58,1,No,No,46,Poor
6955,Female,21,7,63,88,3,No,Yes,71,Good
6956,Female,21,2,54,73,1,No,Yes,42,Poor
6957,Male,22,6,91,79,5,No,No,68,Good
6958,Male,20,9,56,82,3,Yes,Yes,71,Good
6959,Male,20,10,79,94,7,Yes,Yes,95,Excellent
6960,Male,22,2,95,84,6,No,No,66,Good
6961,Female,19,1,66,74,9,Yes,No,52,Average
6962,Male,16,5,64,83,6,No,No,63,Average
6963,Female,21,5,99,70,6,Yes,No,66,Good
6964,Female,21,2,94,99,8,No,No,75,Good
6965,Female,21,6,83,83,0,No,Yes,59,Average
6966,Female,21,6,60,86,1,No,Yes,52,Average
6967,Female,17,2,58,66,0,No,No,49,Poor
6968,Female,16,3,90,91,8,No,No,73,Good
6969,Male,19,10,70,63,9,Yes,Yes,82,Excellent
6970,Male,17,1,81,73,3,No,Yes,47,Poor
6971,Male,18,10,69,46,2,Yes,No,66,Good
6972,Female,17,3,73,84,8,Yes,Yes,67,Good
6973,Female,18,8,54,98,1,No,Yes,73,Good
6974,Male,22,4,71,46,4,Yes,No,50,Average
6975,Male,19,1,59,53,1,No,No,30,Poor
6976,Female,20,2,52,64,0,No,No,39,Poor
6977,Female,18,4,63,57,10,No,Yes,53,Average
6978,Male,17,4,96,63,6,No,Yes,68,Good
6979,Male,20,9,92,100,7,Yes,Yes,92,Excellent
6980,Male,16,6,96,86,1,No,Yes,74,Good
6981,Female,19,3,91,52,10,No,No,53,Average
6982,Male,21,5,84,63,2,No,Yes,55,Average
6983,Female,18,5,91,70,2,Yes,No,59,Average
6984,Male,21,6,65,42,6,Yes,Yes,55,Average
6985,Male,16,5,73,81,8,Yes,No,73,Good
6986,Male,17,5,53,72,7,Yes,No,65,Good
6987,Female,17,6,73,100,5,No,Yes,80,Excellent
6988,Female,20,9,54,73,2,No,Yes,69,Good
6989,Female,20,7,87,75,0,Yes,No,72,Good
6990,Female,21,4,62,98,8,Yes,No,65,Good
6991,Female,21,7,50,76,10,No,Yes,66,Good
6992,Female,19,6,51,46,7,No,Yes,53,Average
6993,Female,21,7,72,90,5,Yes,No,76,Good
6994,Female,22,10,81,95,2,Yes,Yes,80,Excellent
6995,Male,17,1,66,55,0,Yes,No,41,Poor
6996,Female,20,2,52,92,6,No,Yes,53,Average
6997,Male,22,4,71,77,1,Yes,No,54,Average
6998,Male,22,3,85,65,1,Yes,Yes,54,Average
6999,Female,20,7,93,94,1,No,Yes,71,Good
7000,Male,18,5,58,49,4,Yes,Yes,53,Average
7001,Male,16,3,64,84,2,Yes,Yes,49,Poor
7002,Male,17,3,78,73,9,Yes,Yes,65,Good
7003,Male,18,1,91,77,7,Yes,Yes,65,Good
7004,Male,22,3,88,60,6,Yes,No,66,Good
7005,Female,20,5,97,84,8,No,No,82,Excellent
7006,Male,18,1,99,74,9,No,No,66,Good
7007,Male,19,2,67,40,8,Yes,Yes,54,Average
7008,Female,20,1,75,55,3,No,Yes,40,Poor
7009,Male,17,2,96,61,6,No,Yes,63,Average
7010,Female,19,4,77,51,9,Yes,No,62,Average
7011,Male,21,8,79,52,8,Yes,No,68,Good
7012,Male,16,5,77,50,9,Yes,Yes,60,Average
7013,Male,20,4,62,73,1,Yes,No,52,Average
7014,Female,17,6,88,41,6,Yes,No,55,Average
7015,Male,22,1,96,83,1,No,No,51,Average
7016,Female,18,6,60,51,9,Yes,No,63,Average
7017,Male,19,1,83,82,10,Yes,Yes,68,Good
7018,Female,18,7,60,84,9,Yes,Yes,79,Good
7019,Female,16,6,62,94,5,Yes,Yes,78,Good
7020,Male,20,10,73,90,9,Yes,Yes,88,Excellent
7021,Female,22,1,87,80,4,No,No,60,Average
7022,Male,16,9,94,51,5,No,Yes,70,Good
7023,Female,21,4,50,40,7,Yes,No,41,Poor
7024,Female,20,5,82,92,4,No,No,70,Good
7025,Female,21,6,60,87,9,Yes,No,70,Good
7026,Female,21,7,73,42,8,No,Yes,56,Average
7027,Male,22,1,97,51,5,Yes,No,55,Average
7028,Male,22,2,97,82,0,No,No,64,Average
7029,Male,21,5,54,49,6,No,No,54,Average
7030,Female,22,10,66,100,0,No,No,76,Good
7031,Male,16,4,62,67,4,Yes,No,58,Average
7032,Female,21,3,51,67,5,No,Yes,44,Poor
7033,Male,21,2,68,54,4,Yes,Yes,56,Average
7034,Female,18,3,95,57,3,Yes,Yes,53,Average
7035,Male,21,7,84,55,10,Yes,No,71,Good
7036,Female,21,3,60,63,2,No,No,52,Average
7037,Female,19,9,79,43,6,No,No,66,Good
7038,Female,17,9,76,80,3,Yes,No,67,Good
7039,Female,20,2,97,42,1,Yes,Yes,47,Poor
7040,Male,22,5,83,89,0,No,No,65,Good
7041,Female,16,2,97,72,7,No,Yes,55,Average
7042,Male,18,10,54,92,0,Yes,No,69,Good
7043,Male,21,2,96,93,4,Yes,Yes,70,Good
7044,Male,16,7,68,43,4,Yes,Yes,52,Average
7045,Female,19,1,92,94,4,Yes,Yes,57,Average
7046,Female,18,1,63,45,5,No,No,33,Poor
7047,Male,19,1,99,67,7,No,Yes,59,Average
7048,Female,18,9,64,62,1,No,No,53,Average
7049,Male,16,5,96,48,7,No,Yes,59,Average
7050,Male,18,4,84,64,1,Yes,No,53,Average
7051,Female,16,7,61,95,7,Yes,No,72,Good
7052,Female,20,4,66,47,0,No,Yes,49,Poor
7053,Male,16,5,94,95,7,Yes,No,82,Excellent
7054,Male,16,1,81,52,7,Yes,Yes,48,Poor
7055,Female,19,3,70,86,0,No,No,51,Average
7056,Male,16,9,83,67,0,No,Yes,70,Good
7057,Male,22,4,76,42,1,Yes,Yes,43,Poor
7058,Male,22,5,99,43,0,Yes,Yes,64,Average
7059,Male,22,10,58,82,10,Yes,No,81,Excellent
7060,Female,18,10,66,79,2,No,No,68,Good
7061,Female,21,6,52,49,6,No,No,48,Poor
7062,Male,17,9,95,67,10,No,No,81,Excellent
7063,Female,16,1,71,44,2,Yes,No,38,Poor
7064,Male,17,1,97,67,7,No,No,67,Good
7065,Male,21,7,79,69,8,Yes,Yes,80,Excellent
7066,Male,20,3,66,43,8,Yes,No,45,Poor
7067,Male,17,2,72,69,9,Yes,Yes,56,Average
7068,Female,22,7,74,45,6,Yes,Yes,56,Average
7069,Female,22,3,87,91,5,Yes,Yes,73,Good
7070,Male,16,9,76,100,9,No,Yes,78,Good
7071,Female,20,5,50,83,3,Yes,Yes,65,Good
7072,Male,19,4,98,66,0,No,Yes,57,Average
7073,Female,22,10,88,81,5,Yes,No,88,Excellent
7074,Male,21,8,77,40,5,No,Yes,68,Good
7075,Female,21,1,71,93,0,Yes,Yes,48,Poor
7076,Female,21,10,61,63,0,Yes,No,68,Good
7077,Female,18,5,54,77,9,No,Yes,57,Average
7078,Male,17,7,54,65,0,No,Yes,50,Average
7079,Female,19,7,55,77,1,Yes,No,59,Average
7080,Female,19,9,66,79,0,Yes,Yes,63,Average
7081,Female,19,5,86,93,1,Yes,No,75,Good
7082,Female,18,6,51,84,10,Yes,No,66,Good
7083,Male,18,4,97,95,1,No,No,72,Good
7084,Male,17,10,70,43,8,Yes,No,63,Average
7085,Female,20,1,63,67,7,No,No,54,Average
7086,Male,19,8,73,94,3,No,Yes,75,Good
7087,Male,18,8,68,52,9,Yes,No,60,Average
7088,Male,17,1,79,74,0,Yes,Yes,58,Average
7089,Male,22,1,57,40,3,Yes,Yes,46,Poor
7090,Female,22,4,66,98,1,No,Yes,52,Average
7091,Female,18,8,95,73,8,No,Yes,82,Excellent
7092,Male,16,10,51,71,6,No,No,68,Good
7093,Male,18,4,100,77,4,No,Yes,72,Good
7094,Male,17,3,79,84,7,Yes,No,61,Average
7095,Male,18,5,99,81,0,Yes,No,62,Average
7096,Female,20,5,100,66,5,No,Yes,61,Average
7097,Female,19,9,82,91,6,No,Yes,78,Good
7098,Male,18,6,62,96,9,Yes,Yes,71,Good
7099,Female,20,5,85,68,6,Yes,No,68,Good
7100,Male,17,4,92,83,7,Yes,No,66,Good
7101,Female,20,6,78,61,3,No,No,66,Good
7102,Male,22,4,56,73,3,No,Yes,44,Poor
7103,Male,17,5,87,50,10,No,No,61,Average
7104,Male,18,7,96,100,10,Yes,No,83,Excellent
7105,Male,16,7,81,65,0,No,Yes,55,Average
7106,Male,19,7,70,72,9,No,Yes,70,Good
7107,Female,21,6,76,63,8,Yes,Yes,70,Good
7108,Male,21,1,90,82,4,No,No,50,Average
7109,Female,20,9,75,52,8,Yes,No,76,Good
7110,Male,20,1,83,47,4,No,No,38,Poor
7111,Female,20,7,100,61,3,Yes,Yes,66,Good
7112,Female,21,4,51,70,0,No,Yes,39,Poor
7113,Female,21,9,94,71,8,No,Yes,74,Good
7114,Female,16,9,95,88,10,Yes,Yes,90,Excellent
7115,Male,16,3,88,73,2,No,No,58,Average
7116,Female,20,4,62,89,7,Yes,No,72,Good
7117,Male,17,6,51,69,4,Yes,Yes,51,Average
7118,Female,20,6,93,43,10,Yes,No,77,Good
7119,Female,19,8,71,61,0,Yes,No,61,Average
7120,Male,19,7,95,43,10,Yes,No,78,Good
7121,Male,17,7,54,57,2,No,No,53,Average
7122,Female,18,2,77,87,3,Yes,No,65,Good
7123,Female,21,2,91,57,8,Yes,No,59,Average
7124,Female,18,9,71,44,7,Yes,No,70,Good
7125,Male,19,4,53,88,6,Yes,No,65,Good
7126,Male,16,8,92,56,1,No,No,57,Average
7127,Male,16,10,59,60,6,Yes,No,75,Good
7128,Female,19,9,65,80,8,No,No,81,Excellent
7129,Female,18,5,50,48,3,No,No,40,Poor
7130,Female,18,2,62,68,4,Yes,Yes,48,Poor
7131,Female,22,6,91,89,6,No,Yes,74,Good
7132,Female,19,6,74,51,7,No,No,62,Average
7133,Female,16,4,99,59,9,Yes,No,72,Good
7134,Female,18,4,75,82,4,Yes,Yes,57,Average
7135,Male,19,1,71,56,4,No,No,48,Poor
7136,Female,20,1,54,100,8,No,No,54,Average
7137,Female,16,5,65,72,8,No,Yes,70,Good
7138,Male,16,6,99,84,8,Yes,No,81,Excellent
7139,Female,16,3,87,79,10,No,Yes,69,Good
7140,Female,18,3,67,43,2,No,Yes,44,Poor
7141,Male,20,9,74,84,10,Yes,No,87,Excellent
7142,Female,22,5,92,51,7,Yes,No,71,Good
7143,Male,16,2,72,68,8,No,Yes,62,Average
7144,Male,18,7,57,93,6,Yes,Yes,78,Good
7145,Female,19,8,55,55,8,No,Yes,55,Average
7146,Male,16,4,54,76,1,No,No,55,Average
7147,Female,19,3,69,87,10,No,No,71,Good
7148,Male,17,2,82,48,2,No,No,43,Poor
7149,Female,18,8,75,81,8,No,No,68,Good
7150,Male,16,7,78,45,10,No,No,70,Good
7151,Male,18,8,84,63,2,Yes,No,65,Good
7152,Female,16,10,62,58,1,Yes,No,64,Average
7153,Female,18,5,58,58,7,Yes,Yes,60,Average
7154,Female,20,3,61,100,1,Yes,No,54,Average
7155,Female,16,10,50,68,0,No,No,67,Good
7156,Female,21,10,62,92,1,Yes,Yes,79,Good
7157,Female,18,4,85,52,3,No,No,51,Average
7158,Male,18,1,64,63,3,Yes,Yes,41,Poor
7159,Male,16,3,71,100,4,No,No,65,Good
7160,Male,18,10,87,82,9,No,No,92,Excellent
7161,Male,17,2,94,91,7,Yes,No,76,Good
7162,Female,18,9,62,51,0,Yes,No,57,Average
7163,Male,18,6,74,91,3,No,No,76,Good
7164,Male,19,9,77,55,6,No,No,69,Good
7165,Male,16,7,62,88,2,No,No,62,Average
7166,Male,21,1,74,92,0,No,Yes,53,Average
7167,Female,20,10,58,88,1,Yes,Yes,73,Good
7168,Female,18,4,91,88,10,No,Yes,79,Good
7169,Male,20,3,53,76,9,Yes,No,54,Average
7170,Male,16,3,51,53,8,Yes,Yes,43,Poor
7171,Female,18,1,99,82,10,No,No,68,Good
7172,Male,19,2,77,75,0,No,Yes,50,Average
7173,Male,18,1,50,95,5,No,No,59,Average
7174,Male,16,4,57,92,4,Yes,Yes,67,Good
7175,Female,18,8,66,52,2,Yes,Yes,55,Average
7176,Male,18,10,71,79,10,Yes,Yes,90,Excellent
7177,Female,20,7,89,91,10,Yes,Yes,84,Excellent
7178,Female,18,2,81,81,6,No,Yes,52,Average
7179,Male,20,5,84,80,3,No,Yes,57,Average
7180,Male,19,9,50,46,1,No,Yes,57,Average
7181,Female,20,7,68,53,9,No,No,61,Average
7182,Male,20,8,63,48,0,Yes,No,49,Poor
7183,Male,18,4,71,52,10,Yes,No,59,Average
7184,Female,22,6,77,87,2,No,Yes,67,Good
7185,Male,16,5,76,57,8,No,No,63,Average
7186,Female,21,7,86,86,3,Yes,No,68,Good
7187,Male,22,8,98,90,10,No,Yes,80,Excellent
7188,Male,18,4,86,46,10,Yes,Yes,71,Good
7189,Male,21,7,99,65,7,No,Yes,77,Good
7190,Male,16,9,71,83,8,No,Yes,77,Good
7191,Female,20,5,59,77,0,Yes,Yes,58,Average
7192,Male,19,9,100,52,9,Yes,Yes,87,Excellent
7193,Female,17,8,80,53,1,Yes,Yes,67,Good
7194,Female,20,5,83,62,3,Yes,No,62,Average
7195,Male,20,2,62,56,0,No,Yes,40,Poor
7196,Male,18,1,97,44,8,Yes,Yes,60,Average
7197,Male,19,1,50,42,4,No,No,29,Poor
7198,Female,21,4,92,56,8,Yes,Yes,66,Good
7199,Female,17,6,70,96,3,No,Yes,70,Good
7200,Male,19,2,67,57,1,Yes,No,39,Poor
7201,Male,22,1,89,52,10,Yes,Yes,60,Average
7202,Female,20,5,56,71,6,Yes,Yes,55,Average
7203,Female,20,4,60,56,0,No,No,41,Poor
7204,Male,22,2,58,47,6,No,No,50,Average
7205,Male,21,1,50,44,1,Yes,Yes,34,Poor
7206,Female,16,7,79,77,6,No,No,74,Good
7207,Female,17,3,64,75,10,Yes,No,70,Good
7208,Male,16,5,65,59,4,No,Yes,51,Average
7209,Male,21,8,66,82,9,Yes,No,74,Good
7210,Male,18,10,73,40,9,No,Yes,76,Good
7211,Male,19,9,64,65,2,No,No,70,Good
7212,Male,16,1,94,72,7,Yes,No,63,Average
7213,Female,16,6,87,45,5,No,Yes,63,Average
7214,Female,18,2,85,59,9,No,No,54,Average
7215,Male,18,4,90,60,2,Yes,Yes,67,Good
7216,Male,17,9,69,49,4,No,Yes,55,Average
7217,Female,16,3,89,44,10,No,Yes,61,Average
7218,Female,22,2,91,81,3,No,Yes,53,Average
7219,Female,21,6,81,73,1,Yes,Yes,66,Good
7220,Male,22,7,58,86,5,Yes,Yes,67,Good
7221,Male,17,5,54,54,0,Yes,Yes,43,Poor
7222,Male,16,5,77,59,4,Yes,Yes,61,Average
7223,Male,19,8,82,83,10,Yes,No,84,Excellent
7224,Female,21,3,80,70,0,Yes,No,48,Poor
7225,Female,20,8,75,79,10,No,No,73,Good
7226,Female,19,10,77,81,4,Yes,Yes,77,Good
7227,Female,16,8,94,67,4,No,No,69,Good
7228,Female,21,7,62,53,9,No,Yes,54,Average
7229,Female,16,2,89,95,4,No,No,57,Average
7230,Male,21,3,58,42,1,Yes,Yes,48,Poor
7231,Male,21,5,59,48,5,Yes,Yes,49,Poor
7232,Female,22,9,55,91,4,Yes,Yes,68,Good
7233,Female,16,7,75,87,9,No,No,76,Good
7234,Male,20,8,52,71,1,Yes,No,55,Average
7235,Male,16,6,81,74,7,Yes,Yes,64,Average
7236,Female,19,2,70,81,5,No,Yes,52,Average
7237,Female,18,3,63,65,2,No,No,56,Average
7238,Female,21,7,97,77,3,No,Yes,73,Good
7239,Male,21,9,81,62,0,Yes,No,74,Good
7240,Male,16,8,83,56,10,No,No,65,Good
7241,Female,17,8,66,89,8,No,Yes,74,Good
7242,Male,17,8,88,92,3,No,No,82,Excellent
7243,Male,18,5,84,88,6,No,Yes,65,Good
7244,Female,19,2,83,50,7,No,Yes,53,Average
7245,Female,19,5,87,66,7,No,No,61,Average
7246,Female,17,4,91,80,10,Yes,Yes,76,Good
7247,Female,19,6,68,47,3,No,No,56,Average
7248,Female,21,8,88,69,10,Yes,No,73,Good
7249,Male,19,1,69,80,10,No,No,55,Average
7250,Female,16,2,81,52,1,No,Yes,42,Poor
7251,Female,17,6,87,51,1,Yes,No,64,Average
7252,Female,21,3,66,43,5,No,No,42,Poor
7253,Male,22,2,81,70,4,No,No,56,Average
7254,Female,21,7,69,98,2,No,Yes,76,Good
7255,Male,17,9,97,48,2,Yes,Yes,67,Good
7256,Male,18,2,50,66,4,No,Yes,50,Average
7257,Female,19,6,60,85,0,Yes,No,70,Good
7258,Female,19,1,89,66,7,Yes,No,56,Average
7259,Male,16,1,86,55,2,Yes,No,54,Average
7260,Female,22,3,53,63,0,No,No,35,Poor
7261,Female,20,7,90,47,10,No,No,69,Good
7262,Male,17,4,75,56,9,No,Yes,53,Average
7263,Female,22,1,100,96,10,Yes,Yes,78,Good
7264,Male,19,1,69,43,6,Yes,Yes,42,Poor
7265,Female,22,6,57,84,7,No,Yes,68,Good
7266,Male,20,3,86,66,0,No,No,56,Average
7267,Male,16,5,93,90,3,No,Yes,67,Good
7268,Male,19,1,68,53,1,Yes,No,49,Poor
7269,Female,17,3,85,69,4,No,Yes,62,Average
7270,Female,18,3,84,86,6,Yes,Yes,74,Good
7271,Male,21,8,92,95,8,No,Yes,92,Excellent
7272,Male,16,2,54,91,3,Yes,No,52,Average
7273,Female,17,9,64,63,2,Yes,Yes,72,Good
7274,Male,18,1,67,58,8,Yes,No,50,Average
7275,Male,18,5,85,83,9,No,No,77,Good
7276,Female,18,2,95,50,6,Yes,No,60,Average
7277,Male,21,5,58,69,9,Yes,Yes,70,Good
7278,Female,17,2,69,82,6,Yes,No,52,Average
7279,Female,19,7,54,43,2,No,No,49,Poor
7280,Male,16,10,97,42,4,Yes,No,80,Excellent
7281,Male,17,10,92,66,7,Yes,No,74,Good
7282,Female,18,7,99,92,2,Yes,No,77,Good
7283,Male,19,5,99,60,6,Yes,No,72,Good
7284,Male,16,10,87,42,6,No,No,69,Good
7285,Female,22,3,93,65,7,Yes,Yes,59,Average
7286,Male,20,6,57,51,5,Yes,No,52,Average
7287,Female,19,10,68,100,2,Yes,Yes,76,Good
7288,Female,17,9,66,44,8,No,No,70,Good
7289,Female,16,8,75,63,10,No,Yes,68,Good
7290,Male,22,6,83,97,8,Yes,No,85,Excellent
7291,Male,19,10,85,53,3,No,Yes,77,Good
7292,Male,21,4,80,72,3,No,Yes,62,Average
7293,Female,22,7,76,73,6,No,Yes,60,Average
7294,Male,20,6,76,61,3,Yes,Yes,55,Average
7295,Female,22,3,81,63,0,Yes,No,46,Poor
7296,Female,19,1,89,49,8,Yes,Yes,54,Average
7297,Female,22,2,66,49,10,Yes,Yes,60,Average
7298,Female,19,3,81,92,9,Yes,Yes,67,Good
7299,Female,21,9,89,57,9,No,No,72,Good
7300,Male,22,7,97,96,2,Yes,Yes,84,Excellent
7301,Male,17,5,51,83,7,Yes,Yes,66,Good
7302,Female,21,7,54,82,8,Yes,Yes,62,Average
7303,Female,16,10,63,54,6,Yes,No,65,Good
7304,Female,22,5,71,93,2,Yes,No,70,Good
7305,Male,17,7,81,54,2,No,Yes,57,Average
7306,Female,16,6,72,55,2,No,Yes,50,Average
7307,Male,20,10,62,89,2,No,No,75,Good
7308,Male,16,7,71,92,1,No,Yes,71,Good
7309,Female,22,5,87,90,5,Yes,Yes,72,Good
7310,Female,19,1,97,100,5,No,No,63,Average
7311,Male,19,5,80,44,10,Yes,Yes,61,Average
7312,Female,21,1,79,49,3,Yes,Yes,47,Poor
7313,Female,18,6,53,89,6,Yes,No,75,Good
7314,Female,22,2,74,69,6,No,No,48,Poor
7315,Male,22,7,87,68,6,Yes,Yes,69,Good
7316,Male,19,5,69,76,9,No,Yes,66,Good
7317,Male,19,1,97,57,3,No,Yes,53,Average
7318,Female,22,7,59,67,3,Yes,No,67,Good
7319,Male,22,5,95,97,4,Yes,Yes,73,Good
7320,Male,22,3,93,59,2,Yes,No,56,Average
7321,Male,21,10,51,98,3,No,No,71,Good
7322,Female,19,6,56,42,10,Yes,No,56,Average
7323,Male,16,9,97,53,3,Yes,No,68,Good
7324,Female,18,6,63,87,5,Yes,Yes,70,Good
7325,Male,21,4,93,85,4,Yes,Yes,76,Good
7326,Male,20,2,74,54,3,No,No,52,Average
7327,Female,21,6,66,95,3,Yes,Yes,71,Good
7328,Female,16,8,76,74,9,Yes,Yes,70,Good
7329,Male,20,3,86,100,10,No,No,66,Good
7330,Male,20,5,72,69,1,No,Yes,64,Average
7331,Female,19,3,73,100,4,Yes,Yes,67,Good
7332,Male,17,7,71,46,3,Yes,No,54,Average
7333,Female,19,8,94,58,6,Yes,No,70,Good
7334,Female,22,1,70,57,3,Yes,No,39,Poor
7335,Female,22,4,74,70,1,Yes,No,57,Average
7336,Male,16,7,88,88,5,Yes,Yes,75,Good
7337,Male,19,9,99,78,4,Yes,No,89,Excellent
7338,Male,20,7,78,49,0,No,Yes,61,Average
7339,Female,20,4,54,79,1,No,No,57,Average
7340,Male,21,9,74,84,4,No,No,66,Good
7341,Female,20,3,90,63,5,Yes,Yes,67,Good
7342,Male,18,1,66,65,1,No,Yes,44,Poor
7343,Female,20,5,53,54,9,No,Yes,58,Average
7344,Female,18,5,72,68,6,Yes,No,58,Average
7345,Female,17,6,92,88,0,No,No,67,Good
7346,Male,21,1,63,72,5,No,Yes,56,Average
7347,Male,17,2,63,49,9,No,No,56,Average
7348,Female,22,5,62,99,5,No,Yes,72,Good
7349,Female,19,4,82,63,8,No,Yes,58,Average
7350,Male,21,5,64,71,6,Yes,No,66,Good
7351,Male,20,8,56,44,7,Yes,No,63,Average
7352,Female,21,6,88,88,5,No,Yes,73,Good
7353,Female,22,1,77,82,9,No,Yes,59,Average
7354,Female,17,1,88,76,7,Yes,No,64,Average
7355,Female,16,8,87,53,9,No,Yes,65,Good
7356,Male,20,2,66,50,1,No,No,42,Poor
7357,Female,20,7,79,93,6,Yes,No,74,Good
7358,Female,19,5,52,59,0,No,Yes,53,Average
7359,Male,22,1,62,63,4,No,No,48,Poor
7360,Male,16,8,100,82,7,No,No,76,Good
7361,Male,20,1,75,85,10,No,Yes,62,Average
7362,Female,19,3,64,57,6,Yes,No,46,Poor
7363,Male,16,2,81,43,8,Yes,Yes,49,Poor
7364,Female,20,3,70,45,3,Yes,Yes,45,Poor
7365,Female,16,2,100,87,1,No,No,62,Average
7366,Male,17,10,86,43,5,No,No,65,Good
7367,Female,19,9,62,84,9,Yes,No,85,Excellent
7368,Female,19,5,70,64,8,No,No,57,Average
7369,Male,17,4,63,92,3,No,No,61,Average
7370,Female,20,1,63,85,4,Yes,Yes,50,Average
7371,Female,16,4,52,47,6,Yes,No,49,Poor
7372,Female,22,10,52,52,5,Yes,No,59,Average
7373,Male,21,8,97,96,10,Yes,Yes,92,Excellent
7374,Male,22,1,98,85,7,Yes,Yes,62,Average
7375,Male,16,7,92,41,6,Yes,Yes,65,Good
7376,Male,20,7,79,80,10,Yes,Yes,70,Good
7377,Male,17,4,84,75,3,No,No,53,Average
7378,Female,22,6,78,78,5,Yes,No,75,Good
7379,Female,18,2,54,78,10,Yes,No,59,Average
7380,Male,21,3,83,65,3,No,Yes,56,Average
7381,Male,21,3,64,72,4,Yes,Yes,54,Average
7382,Male,19,6,89,44,4,No,Yes,52,Average
7383,Female,21,4,89,83,5,No,Yes,75,Good
7384,Female,20,4,89,61,3,Yes,Yes,65,Good
7385,Female,17,4,63,98,8,Yes,No,73,Good
7386,Female,22,4,98,58,8,Yes,Yes,69,Good
7387,Female,19,9,89,76,2,Yes,No,80,Excellent
7388,Female,21,3,51,44,0,Yes,No,40,Poor
7389,Female,22,5,85,94,4,No,Yes,62,Average
7390,Male,18,1,73,46,8,No,Yes,44,Poor
7391,Male,17,2,96,81,7,No,No,58,Average
7392,Male,18,5,97,97,10,Yes,Yes,76,Good
7393,Male,17,1,94,57,1,Yes,Yes,59,Average
7394,Female,20,2,53,49,9,No,Yes,47,Poor
7395,Male,18,6,57,49,6,Yes,No,49,Poor
7396,Male,19,10,77,89,10,Yes,Yes,80,Excellent
7397,Male,17,6,56,69,6,No,No,56,Average
7398,Female,17,8,68,66,2,Yes,Yes,63,Average
7399,Female,18,10,95,62,8,Yes,No,87,Excellent
7400,Female,19,3,54,77,2,No,Yes,50,Average
7401,Female,16,5,81,63,3,No,No,57,Average
7402,Female,22,9,95,92,2,No,No,82,Excellent
7403,Female,20,7,69,71,6,No,No,68,Good
7404,Female,19,1,70,47,8,No,No,39,Poor
7405,Male,19,10,96,89,9,No,No,92,Excellent
7406,Female,16,6,87,81,0,No,Yes,67,Good
7407,Female,20,8,50,59,2,No,No,59,Average
7408,Female,20,6,52,94,8,Yes,No,74,Good
7409,Male,22,1,94,100,10,No,Yes,79,Good
7410,Female,20,6,52,85,4,Yes,No,59,Average
7411,Female,18,1,90,80,2,Yes,Yes,56,Average
7412,Female,17,2,61,89,3,Yes,Yes,57,Average
7413,Male,21,7,58,97,7,No,Yes,73,Good
7414,Male,22,5,82,69,4,No,Yes,64,Average
7415,Male,17,10,71,57,5,Yes,No,70,Good
7416,Male,18,9,92,58,9,Yes,No,82,Excellent
7417,Male,18,10,95,61,2,Yes,No,79,Good
7418,Female,17,1,86,84,0,Yes,Yes,64,Average
7419,Female,22,10,79,55,1,Yes,Yes,70,Good
7420,Male,17,4,77,94,0,Yes,Yes,66,Good
7421,Male,18,6,88,88,6,Yes,No,77,Good
7422,Female,16,6,89,71,5,Yes,No,72,Good
7423,Female,20,5,60,45,0,No,Yes,36,Poor
7424,Male,22,2,82,51,8,No,No,53,Average
7425,Female,22,8,85,68,2,No,No,61,Average
7426,Female,18,2,71,96,1,Yes,Yes,65,Good
7427,Female,22,8,98,69,0,No,No,62,Average
7428,Male,16,7,87,57,1,Yes,No,60,Average
7429,Female,22,9,66,90,8,Yes,No,82,Excellent
7430,Male,20,6,84,50,7,No,Yes,67,Good
7431,Female,17,7,88,93,10,Yes,No,89,Excellent
7432,Male,20,1,77,96,0,Yes,No,62,Average
7433,Male,16,1,60,85,3,No,Yes,45,Poor
7434,Male,20,5,73,77,6,Yes,No,74,Good
7435,Male,21,5,88,56,3,No,No,57,Average
7436,Female,19,6,86,95,8,No,Yes,76,Good
7437,Male,21,9,81,95,0,Yes,Yes,72,Good
7438,Male,21,4,64,90,7,No,Yes,61,Average
7439,Female,16,5,65,50,4,Yes,No,46,Poor
7440,Male,22,2,59,71,8,No,No,51,Average
7441,Male,21,9,81,88,9,Yes,Yes,83,Excellent
7442,Female,17,1,82,100,2,Yes,Yes,63,Average
7443,Male,20,5,92,92,3,No,Yes,78,Good
7444,Male,19,5,87,62,7,Yes,Yes,68,Good
7445,Female,21,6,89,77,0,Yes,Yes,76,Good
7446,Male,17,3,67,88,1,No,Yes,50,Average
7447,Male,22,2,65,71,7,No,Yes,53,Average
7448,Male,17,1,71,87,10,No,Yes,62,Average
7449,Male,19,4,64,55,5,Yes,Yes,59,Average
7450,Female,22,3,53,45,10,No,Yes,54,Average
7451,Female,20,6,68,65,2,Yes,Yes,64,Average
7452,Female,16,1,76,50,0,Yes,Yes,39,Poor
7453,Male,16,8,99,82,6,No,No,82,Excellent
7454,Male,19,3,86,48,1,Yes,No,45,Poor
7455,Male,16,4,67,56,9,No,No,48,Poor
7456,Female,22,10,55,93,8,No,No,80,Excellent
7457,Female,21,10,67,87,9,No,Yes,83,Excellent
7458,Female,19,3,92,97,0,No,No,64,Average
7459,Male,17,2,78,93,5,No,Yes,61,Average
7460,Female,18,7,70,46,4,No,No,57,Average
7461,Male,21,6,81,59,8,Yes,No,70,Good
7462,Female,18,3,95,96,8,No,No,77,Good
7463,Male,22,1,85,79,3,Yes,No,57,Average
7464,Female,19,9,68,49,1,Yes,Yes,61,Average
7465,Male,21,10,89,100,7,No,No,97,Excellent
7466,Female,20,4,81,71,7,Yes,No,61,Average
7467,Male,18,3,60,56,1,Yes,No,38,Poor
7468,Female,22,9,93,53,4,Yes,Yes,74,Good
7469,Female,17,3,64,95,7,Yes,Yes,71,Good
7470,Female,16,10,80,62,3,No,Yes,64,Average
7471,Male,17,3,65,78,9,No,No,57,Average
7472,Female,18,3,56,40,8,No,Yes,50,Average
7473,Male,18,9,100,90,2,No,Yes,78,Good
7474,Female,20,10,67,91,5,Yes,Yes,88,Excellent
7475,Female,22,9,86,85,9,Yes,Yes,81,Excellent
7476,Male,17,9,57,71,8,Yes,No,68,Good
7477,Female,19,5,62,52,10,No,No,55,Average
7478,Male,17,4,68,76,10,No,Yes,69,Good
7479,Male,21,1,67,43,9,Yes,Yes,48,Poor
7480,Male,18,4,90,89,0,Yes,Yes,73,Good
7481,Female,16,7,62,54,2,No,Yes,46,Poor
7482,Male,22,3,69,56,7,Yes,Yes,62,Average
7483,Male,17,2,60,63,7,No,Yes,42,Poor
7484,Female,18,2,86,72,10,Yes,No,62,Average
7485,Female,18,10,73,51,0,No,No,56,Average
7486,Female,17,9,63,45,1,No,No,64,Average
7487,Female,16,7,75,62,0,Yes,Yes,55,Average
7488,Male,18,5,51,88,2,No,No,60,Average
7489,Female,16,3,64,46,6,Yes,No,56,Average
7490,Female,16,1,52,41,3,No,No,36,Poor
7491,Male,22,5,65,77,7,Yes,No,71,Good
7492,Male,21,9,67,91,5,Yes,No,77,Good
7493,Male,17,2,61,77,1,Yes,Yes,55,Average
7494,Male,22,8,58,61,1,Yes,Yes,68,Good
7495,Male,21,4,98,86,1,Yes,Yes,73,Good
7496,Male,17,8,51,63,0,No,No,55,Average
7497,Female,21,6,60,95,2,Yes,No,68,Good
7498,Female,18,5,81,64,3,Yes,No,56,Average
7499,Male,18,6,88,100,0,Yes,No,76,Good
7500,Female,18,5,60,93,3,No,Yes,61,Average
7501,Female,19,8,74,87,2,Yes,No,80,Excellent
7502,Female,16,8,69,81,7,Yes,No,78,Good
7503,Female,17,3,68,86,2,Yes,No,64,Average
7504,Male,17,6,68,78,7,Yes,No,69,Good
7505,Female,19,2,89,93,10,No,Yes,68,Good
7506,Male,22,9,89,71,3,Yes,Yes,82,Excellent
7507,Male,16,6,74,94,5,Yes,No,70,Good
7508,Female,16,6,67,91,2,No,Yes,58,Average
7509,Female,16,5,63,93,10,No,Yes,77,Good
7510,Female,22,9,51,73,8,Yes,No,79,Good
7511,Female,18,9,91,100,3,No,No,85,Excellent
7512,Male,21,9,78,63,9,No,No,74,Good
7513,Female,18,5,60,80,9,Yes,No,64,Average
7514,Female,20,3,80,60,6,No,No,64,Average
7515,Female,16,8,83,95,10,No,No,80,Excellent
7516,Female,17,1,98,72,1,No,Yes,58,Average
7517,Female,20,10,66,63,1,Yes,Yes,65,Good
7518,Male,19,8,54,81,10,Yes,No,76,Good
7519,Male,17,8,56,41,0,Yes,No,56,Average
7520,Female,18,2,99,75,7,No,No,57,Average
7521,Male,17,3,52,76,3,No,Yes,48,Poor
7522,Male,16,5,69,91,6,No,Yes,74,Good
7523,Female,21,10,92,58,1,Yes,Yes,79,Good
7524,Female,18,9,50,64,9,Yes,Yes,77,Good
7525,Female,16,2,55,69,1,Yes,Yes,45,Poor
7526,Male,16,10,79,46,8,No,No,76,Good
7527,Female,20,8,80,91,3,No,Yes,69,Good
7528,Female,22,10,100,49,7,No,Yes,84,Excellent
7529,Female,19,1,55,42,0,No,No,39,Poor
7530,Male,16,1,88,84,7,Yes,Yes,72,Good
7531,Female,17,6,90,83,6,No,Yes,65,Good
7532,Male,16,1,83,98,5,Yes,No,58,Average
7533,Male,19,1,51,46,0,Yes,Yes,31,Poor
7534,Male,17,7,85,93,3,Yes,No,72,Good
7535,Female,16,2,98,98,8,Yes,No,73,Good
7536,Female,21,10,57,40,6,No,No,68,Good
7537,Male,22,2,52,93,1,No,No,44,Poor
7538,Male,22,7,64,93,2,Yes,Yes,73,Good
7539,Female,20,7,66,89,2,No,No,61,Average
7540,Female,19,3,56,44,7,Yes,Yes,50,Average
7541,Male,22,5,100,92,9,No,No,81,Excellent
7542,Male,17,5,97,50,1,Yes,No,61,Average
7543,Male,18,8,72,79,5,Yes,Yes,74,Good
7544,Male,18,3,76,53,3,No,Yes,48,Poor
7545,Male,21,8,90,60,4,No,No,64,Average
7546,Male,17,1,59,41,6,Yes,Yes,38,Poor
7547,Female,17,2,99,73,6,No,No,69,Good
7548,Male,18,9,60,51,8,No,Yes,71,Good
7549,Female,20,1,52,98,4,No,Yes,44,Poor
7550,Male,19,7,78,88,6,Yes,No,69,Good
7551,Female,22,10,77,100,10,No,Yes,81,Excellent
7552,Female,22,8,57,66,4,No,No,63,Average
7553,Female,21,5,76,62,7,No,Yes,60,Average
7554,Female,16,6,62,56,2,No,Yes,49,Poor
7555,Female,22,4,59,99,2,No,No,64,Average
7556,Female,18,9,90,58,2,No,No,70,Good
7557,Male,21,5,71,80,4,Yes,Yes,57,Average
7558,Female,17,2,69,54,6,No,No,49,Poor
7559,Female,17,9,85,51,3,Yes,Yes,70,Good
7560,Female,21,4,63,62,6,No,Yes,50,Average
7561,Male,22,6,99,70,10,No,No,72,Good
7562,Male,22,4,94,79,8,Yes,Yes,71,Good
7563,Female,22,8,90,65,1,Yes,No,76,Good
7564,Male,16,2,69,96,1,Yes,Yes,62,Average
7565,Male,21,7,59,53,1,No,Yes,52,Average
7566,Male,20,2,57,62,8,No,No,51,Average
7567,Female,20,2,74,52,9,No,No,44,Poor
7568,Male,19,10,98,90,2,Yes,No,80,Excellent
7569,Female,21,10,85,93,1,Yes,Yes,82,Excellent
7570,Male,17,1,52,48,7,No,Yes,36,Poor
7571,Female,21,7,71,65,9,No,Yes,73,Good
7572,Male,21,4,85,40,10,Yes,No,58,Average
7573,Male,22,7,78,66,3,Yes,Yes,68,Good
7574,Male,16,1,79,61,3,No,Yes,48,Poor
7575,Female,18,3,77,86,4,Yes,Yes,55,Average
7576,Male,21,5,96,64,1,No,Yes,70,Good
7577,Female,22,9,97,44,6,No,No,67,Good
7578,Female,18,1,72,74,4,No,No,49,Poor
7579,Female,19,6,58,90,8,No,Yes,68,Good
7580,Female,22,10,79,98,9,Yes,Yes,91,Excellent
7581,Male,18,5,51,86,10,No,Yes,59,Average
7582,Female,16,2,69,80,9,No,Yes,54,Average
7583,Female,19,9,70,91,4,No,Yes,68,Good
7584,Male,19,10,84,64,6,Yes,No,75,Good
7585,Female,17,10,71,91,3,Yes,Yes,76,Good
7586,Male,21,6,62,78,5,Yes,No,69,Good
7587,Male,19,8,92,87,3,Yes,Yes,83,Excellent
7588,Male,18,6,83,86,7,Yes,Yes,75,Good
7589,Male,21,2,54,68,5,Yes,No,49,Poor
7590,Female,18,9,62,66,2,No,Yes,58,Average
7591,Female,16,6,77,77,4,No,Yes,72,Good
7592,Male,16,8,54,54,5,Yes,No,68,Good
7593,Male,16,6,100,92,4,Yes,No,85,Excellent
7594,Male,21,8,63,79,6,No,Yes,67,Good
7595,Female,19,2,99,49,0,Yes,No,59,Average
7596,Female,17,8,80,61,1,No,Yes,67,Good
7597,Female,22,3,53,84,9,No,No,51,Average
7598,Female,19,10,87,46,10,Yes,No,82,Excellent
7599,Male,20,5,68,45,6,No,Yes,50,Average
7600,Male,22,2,55,60,6,No,No,38,Poor
7601,Female,19,3,56,73,0,No,Yes,45,Poor
7602,Male,17,3,64,83,5,Yes,No,57,Average
7603,Male,20,2,77,92,5,No,Yes,59,Average
7604,Female,22,8,97,91,3,No,Yes,80,Excellent
7605,Female,21,6,67,59,3,Yes,Yes,65,Good
7606,Male,22,6,93,88,7,No,No,77,Good
7607,Female,21,5,76,92,5,Yes,Yes,66,Good
7608,Male,17,4,98,51,5,Yes,Yes,68,Good
7609,Male,16,6,79,87,5,No,No,74,Good
7610,Female,19,1,61,92,5,Yes,No,60,Average
7611,Female,19,1,74,76,10,No,Yes,66,Good
7612,Female,21,3,77,45,0,No,No,47,Poor
7613,Female,22,4,58,64,4,No,No,46,Poor
7614,Female,16,3,93,57,0,No,Yes,58,Average
7615,Male,20,4,70,77,6,Yes,Yes,55,Average
7616,Male,20,3,50,97,8,No,Yes,64,Average
7617,Male,20,9,57,77,3,Yes,No,63,Average
7618,Male,20,10,86,91,3,Yes,No,80,Excellent
7619,Female,19,6,50,46,8,Yes,No,58,Average
7620,Male,19,1,56,72,0,No,No,43,Poor
7621,Male,17,7,58,59,9,Yes,No,61,Average
7622,Female,17,9,56,98,6,No,No,69,Good
7623,Male,19,4,54,53,1,No,No,42,Poor
7624,Female,17,6,58,85,7,No,Yes,68,Good
7625,Male,20,4,81,67,10,No,Yes,58,Average
7626,Male,18,7,98,96,6,No,Yes,86,Excellent
7627,Male,20,2,79,50,7,Yes,No,54,Average
7628,Female,19,3,84,45,3,No,Yes,48,Poor
7629,Female,16,4,62,58,6,Yes,No,56,Average
7630,Female,22,9,78,60,7,No,No,76,Good
7631,Male,18,5,84,49,1,No,Yes,50,Average
7632,Male,22,3,71,97,5,No,No,63,Average
7633,Female,22,6,53,53,1,No,Yes,46,Poor
7634,Female,22,7,73,43,8,No,No,65,Good
7635,Male,21,4,84,71,4,No,No,68,Good
7636,Male,17,5,55,50,5,Yes,Yes,52,Average
7637,Female,16,7,73,89,7,Yes,No,81,Excellent
7638,Male,18,7,98,50,0,No,No,55,Average
7639,Female,20,4,63,64,7,No,No,55,Average
7640,Male,22,2,52,95,10,No,Yes,66,Good
7641,Male,21,2,83,51,0,Yes,Yes,48,Poor
7642,Female,20,4,71,87,8,Yes,No,63,Average
7643,Female,17,3,53,53,1,Yes,No,47,Poor
7644,Female,18,7,94,63,1,No,No,74,Good
7645,Female,21,10,79,73,8,No,No,87,Excellent
7646,Female,20,6,79,84,9,No,Yes,68,Good
7647,Male,22,10,55,69,9,No,No,65,Good
7648,Male,19,10,95,98,2,Yes,No,83,Excellent
7649,Female,20,4,58,88,7,No,No,69,Good
7650,Male,20,10,86,73,4,Yes,Yes,72,Good
7651,Male,17,7,71,43,10,Yes,Yes,67,Good
7652,Female,18,2,56,57,2,Yes,No,49,Poor
7653,Female,22,2,64,53,5,Yes,No,51,Average
7654,Female,19,1,65,85,10,No,Yes,50,Average
7655,Female,22,10,60,88,9,No,Yes,79,Good
7656,Female,17,9,77,74,7,No,Yes,71,Good
7657,Female,19,8,74,49,1,Yes,No,62,Average
7658,Male,19,2,67,86,3,Yes,No,55,Average
7659,Male,21,5,85,92,10,No,Yes,70,Good
7660,Male,22,1,52,73,5,Yes,No,41,Poor
7661,Female,22,3,67,46,10,No,Yes,49,Poor
7662,Male,21,5,61,96,3,No,Yes,61,Average
7663,Male,17,5,90,49,4,Yes,No,67,Good
7664,Female,22,9,86,97,7,No,Yes,78,Good
7665,Male,22,8,88,94,10,No,Yes,82,Excellent
7666,Female,16,2,81,48,7,No,Yes,45,Poor
7667,Male,16,8,99,61,0,No,No,67,Good
7668,Female,17,3,67,83,0,No,No,46,Poor
7669,Male,21,6,55,79,6,No,Yes,68,Good
7670,Female,18,6,80,43,6,No,No,66,Good
7671,Female,17,4,78,72,5,No,No,55,Average
7672,Female,16,3,54,76,9,Yes,Yes,66,Good
7673,Male,21,8,50,82,7,Yes,Yes,66,Good
7674,Female,21,8,86,95,6,Yes,No,84,Excellent
7675,Male,17,8,82,94,4,Yes,Yes,72,Good
7676,Female,20,9,81,72,10,Yes,No,82,Excellent
7677,Female,18,10,69,87,9,Yes,No,85,Excellent
7678,Male,21,5,88,85,3,Yes,Yes,68,Good
7679,Female,17,7,85,94,6,No,Yes,75,Good
7680,Female,18,6,97,90,7,No,No,80,Excellent
7681,Female,21,7,70,53,0,Yes,No,62,Average
7682,Female,17,1,82,47,3,Yes,Yes,44,Poor
7683,Female,19,6,51,56,1,Yes,Yes,56,Average
7684,Female,18,4,94,91,5,Yes,No,76,Good
7685,Male,21,8,64,46,4,Yes,No,65,Good
7686,Male,17,5,81,68,6,Yes,Yes,62,Average
7687,Female,19,2,53,43,2,No,No,44,Poor
7688,Male,18,2,90,69,10,Yes,No,73,Good
7689,Male,21,4,98,90,9,Yes,Yes,86,Excellent
7690,Male,21,4,83,68,6,Yes,No,72,Good
7691,Female,18,9,57,68,3,No,Yes,67,Good
7692,Female,17,3,65,61,0,No,Yes,52,Average
7693,Female,17,6,58,47,9,Yes,No,66,Good
7694,Female,20,7,51,82,3,Yes,No,60,Average
7695,Male,16,9,75,69,2,Yes,No,76,Good
7696,Female,20,2,53,68,6,No,No,53,Average
7697,Female,19,4,94,78,7,Yes,Yes,65,Good
7698,Female,21,10,78,56,6,Yes,Yes,67,Good
7699,Male,17,8,67,42,10,No,Yes,63,Average
7700,Female,19,2,53,85,3,Yes,Yes,52,Average
7701,Female,19,4,74,62,1,No,Yes,57,Average
7702,Female,16,4,59,77,4,Yes,No,57,Average
7703,Male,19,3,66,69,6,Yes,No,64,Average
7704,Female,22,7,92,84,8,No,Yes,70,Good
7705,Male,17,9,93,85,4,Yes,No,91,Excellent
7706,Female,16,10,89,91,9,No,No,85,Excellent
7707,Female,21,6,94,41,5,Yes,No,56,Average
7708,Male,20,8,97,54,5,No,No,70,Good
7709,Male,22,5,100,60,3,No,No,68,Good
7710,Male,21,1,81,71,9,No,No,53,Average
7711,Male,17,3,94,67,4,No,Yes,62,Average
7712,Female,17,1,50,49,7,Yes,Yes,48,Poor
7713,Male,21,1,80,93,6,No,No,59,Average
7714,Female,18,2,66,62,3,No,Yes,41,Poor
7715,Male,20,2,59,88,0,No,No,41,Poor
7716,Female,16,7,89,94,9,Yes,No,87,Excellent
7717,Female,20,4,87,97,10,Yes,Yes,78,Good
7718,Male,18,6,77,61,2,Yes,Yes,57,Average
7719,Male,18,9,89,59,4,Yes,Yes,77,Good
7720,Male,19,7,86,78,3,Yes,Yes,72,Good
7721,Female,18,7,87,60,9,Yes,No,66,Good
7722,Female,21,7,88,63,1,Yes,No,65,Good
7723,Male,16,2,58,73,7,No,Yes,59,Average
7724,Male,16,8,62,41,10,No,Yes,69,Good
7725,Male,16,5,70,48,8,No,No,52,Average
7726,Female,16,3,85,58,0,No,Yes,44,Poor
7727,Male,16,6,74,95,0,Yes,Yes,64,Average
7728,Female,21,7,53,56,8,No,No,60,Average
7729,Female,20,9,54,75,4,No,Yes,64,Average
7730,Female,18,5,79,44,9,Yes,No,54,Average
7731,Female,18,9,79,59,8,No,Yes,74,Good
7732,Female,19,3,64,41,0,No,No,31,Poor
7733,Female,18,7,56,63,0,Yes,Yes,55,Average
7734,Female,16,7,75,80,5,No,No,62,Average
7735,Female,16,6,89,41,8,No,No,68,Good
7736,Male,18,8,84,97,9,Yes,No,85,Excellent
7737,Male,20,5,81,57,3,No,Yes,50,Average
7738,Male,18,3,55,84,9,No,Yes,53,Average
7739,Male,17,8,77,98,4,No,Yes,78,Good
7740,Female,18,4,60,45,1,Yes,Yes,42,Poor
7741,Male,21,7,98,83,2,Yes,No,83,Excellent
7742,Male,21,9,56,90,3,Yes,Yes,71,Good
7743,Female,18,6,60,55,7,Yes,Yes,60,Average
7744,Female,17,4,97,96,2,No,No,66,Good
7745,Female,19,6,75,97,8,No,No,68,Good
7746,Female,20,1,52,43,5,No,Yes,31,Poor
7747,Female,19,6,53,98,1,No,No,60,Average
7748,Female,19,9,56,75,10,Yes,No,81,Excellent
7749,Female,20,2,68,96,8,Yes,No,60,Average
7750,Female,18,7,76,45,9,No,No,58,Average
7751,Female,16,1,50,95,6,No,No,48,Poor
7752,Male,19,7,84,75,5,No,No,72,Good
7753,Female,22,7,64,71,7,No,No,68,Good
7754,Male,20,10,52,50,10,Yes,No,70,Good
7755,Female,17,9,56,93,6,Yes,Yes,80,Excellent
7756,Female,18,9,69,79,10,Yes,No,75,Good
7757,Male,19,3,85,73,3,No,Yes,60,Average
7758,Male,21,6,98,53,3,Yes,No,60,Average
7759,Male,16,4,72,67,1,Yes,No,48,Poor
7760,Male,19,9,68,70,3,No,No,73,Good
7761,Male,19,3,97,51,3,Yes,No,62,Average
7762,Female,20,7,85,50,2,No,No,68,Good
7763,Male,21,4,57,53,10,No,No,54,Average
7764,Female,20,8,69,68,4,Yes,No,66,Good
7765,Female,17,10,90,66,1,No,No,78,Good
7766,Male,19,8,87,76,0,No,Yes,77,Good
7767,Male,21,5,66,49,5,Yes,Yes,63,Average
7768,Male,20,6,66,61,5,Yes,Yes,62,Average
7769,Male,18,3,82,67,3,No,No,47,Poor
7770,Female,19,2,92,68,0,No,No,48,Poor
7771,Male,18,6,63,55,7,No,Yes,49,Poor
7772,Female,22,6,74,79,1,No,No,57,Average
7773,Female,21,5,54,62,7,Yes,Yes,64,Average
7774,Male,20,5,50,86,9,Yes,Yes,65,Good
7775,Female,21,8,82,44,0,Yes,No,56,Average
7776,Male,19,2,92,59,5,Yes,No,61,Average
7777,Male,18,10,94,81,5,No,Yes,90,Excellent
7778,Male,19,9,52,95,7,Yes,No,82,Excellent
7779,Female,22,9,53,74,4,Yes,Yes,72,Good
7780,Female,20,3,79,85,2,Yes,Yes,55,Average
7781,Male,16,5,96,99,6,No,No,79,Good
7782,Male,17,1,92,40,6,Yes,No,54,Average
7783,Male,21,10,89,43,8,Yes,No,75,Good
7784,Female,16,1,61,71,10,No,Yes,48,Poor
7785,Male,17,3,63,90,7,Yes,No,65,Good
7786,Male,18,4,59,98,10,No,Yes,69,Good
7787,Female,18,8,64,62,3,No,Yes,58,Average
7788,Female,22,6,66,77,3,Yes,No,62,Average
7789,Male,17,5,73,46,3,No,No,52,Average
7790,Female,19,1,90,64,0,Yes,No,49,Poor
7791,Female,18,1,94,60,1,No,Yes,45,Poor
7792,Female,18,2,100,44,9,Yes,Yes,65,Good
7793,Male,19,5,95,43,10,Yes,No,68,Good
7794,Female,19,1,52,66,2,Yes,Yes,41,Poor
7795,Female,17,6,79,78,9,Yes,No,75,Good
7796,Female,20,10,60,49,5,Yes,No,66,Good
7797,Female,18,3,88,57,9,No,No,63,Average
7798,Male,18,6,56,50,8,No,No,53,Average
7799,Male,19,8,76,67,5,No,Yes,66,Good
7800,Female,21,1,55,50,2,Yes,Yes,38,Poor
7801,Female,18,4,91,89,10,No,Yes,68,Good
7802,Female,18,9,63,92,5,No,No,80,Excellent
7803,Male,20,9,83,85,10,Yes,No,94,Excellent
7804,Male,20,3,73,49,5,No,Yes,42,Poor
7805,Female,18,4,98,61,2,Yes,No,57,Average
7806,Female,17,5,100,64,6,Yes,No,67,Good
7807,Male,19,2,72,70,5,No,Yes,45,Poor
7808,Male,21,2,52,91,3,Yes,Yes,51,Average
7809,Male,21,3,63,77,5,No,Yes,52,Average
7810,Female,22,7,88,72,3,Yes,Yes,68,Good
7811,Female,18,2,66,48,2,No,Yes,37,Poor
7812,Male,21,3,57,58,4,No,Yes,53,Average
7813,Female,18,1,67,60,1,No,No,48,Poor
7814,Male,20,9,52,89,1,Yes,No,64,Average
7815,Male,17,7,84,59,2,Yes,Yes,69,Good
7816,Female,18,6,100,57,6,Yes,Yes,69,Good
7817,Male,22,10,95,52,1,Yes,No,79,Good
7818,Female,20,8,65,51,3,Yes,No,62,Average
7819,Female,18,3,79,100,8,No,No,66,Good
7820,Male,16,3,63,61,6,No,Yes,50,Average
7821,Male,20,10,98,79,8,No,Yes,89,Excellent
7822,Male,19,9,77,71,9,No,Yes,84,Excellent
7823,Male,20,2,90,76,4,No,No,63,Average
7824,Female,17,4,92,45,9,Yes,Yes,59,Average
7825,Female,16,6,71,47,7,No,No,55,Average
7826,Female,17,6,63,52,2,No,Yes,48,Poor
7827,Male,19,7,82,67,8,No,No,68,Good
7828,Male,16,7,60,98,1,Yes,No,72,Good
7829,Female,18,10,66,93,7,Yes,No,86,Excellent
7830,Male,21,4,55,41,5,No,No,51,Average
7831,Female,21,1,63,83,0,Yes,No,51,Average
7832,Male,16,9,90,74,9,No,No,87,Excellent
7833,Female,18,9,69,53,4,Yes,Yes,61,Average
7834,Female,20,5,99,61,2,Yes,Yes,68,Good
7835,Male,16,7,58,81,0,Yes,Yes,62,Average
7836,Female,21,10,96,86,9,Yes,No,87,Excellent
7837,Male,21,2,68,40,5,Yes,No,37,Poor
7838,Male,21,4,93,57,7,No,Yes,66,Good
7839,Female,22,7,66,44,2,Yes,No,56,Average
7840,Male,17,6,94,57,3,Yes,No,68,Good
7841,Male,20,7,50,94,4,Yes,No,60,Average
7842,Female,19,5,95,80,4,Yes,No,71,Good
7843,Male,20,6,98,80,2,No,No,78,Good
7844,Female,16,10,56,75,10,Yes,Yes,73,Good
7845,Male,22,7,74,47,4,Yes,Yes,68,Good
7846,Female,17,1,88,88,7,Yes,No,64,Average
7847,Female,22,2,93,60,9,Yes,Yes,70,Good
7848,Male,21,4,65,47,7,Yes,Yes,57,Average
7849,Male,17,8,88,70,0,No,Yes,68,Good
7850,Female,19,8,72,75,7,Yes,No,72,Good
7851,Male,16,8,58,42,10,Yes,No,62,Average
7852,Female,17,1,50,52,2,No,No,40,Poor
7853,Male,19,5,54,52,3,Yes,Yes,53,Average
7854,Male,20,7,82,54,9,No,No,64,Average
7855,Male,19,7,62,45,5,No,Yes,47,Poor
7856,Female,17,5,94,76,1,Yes,Yes,70,Good
7857,Male,21,6,62,94,6,No,No,62,Average
7858,Female,19,5,76,96,3,No,Yes,68,Good
7859,Female,17,3,82,88,10,Yes,Yes,68,Good
7860,Male,21,4,69,72,10,No,Yes,68,Good
7861,Female,21,5,88,94,6,No,No,79,Good
7862,Male,20,4,91,54,5,Yes,Yes,68,Good
7863,Male,21,7,68,40,6,No,Yes,52,Average
7864,Female,21,2,70,57,0,Yes,No,46,Poor
7865,Female,20,4,50,96,7,No,Yes,56,Average
7866,Female,17,3,81,80,0,Yes,No,54,Average
7867,Female,16,1,93,62,2,No,No,49,Poor
7868,Female,18,3,79,99,2,Yes,Yes,70,Good
7869,Female,21,6,68,52,6,No,No,65,Good
7870,Female,20,7,80,82,4,No,No,67,Good
7871,Male,20,9,76,85,3,Yes,Yes,76,Good
7872,Male,17,3,81,79,8,Yes,Yes,72,Good
7873,Female,17,7,92,95,7,Yes,No,78,Good
7874,Female,22,10,68,79,1,No,Yes,71,Good
7875,Male,18,7,57,66,0,Yes,No,59,Average
7876,Female,19,1,76,72,2,Yes,No,54,Average
7877,Female,16,5,99,45,0,No,No,50,Average
7878,Male,20,3,89,96,3,Yes,No,75,Good
7879,Male,20,9,71,90,0,No,Yes,69,Good
7880,Male,22,4,68,87,7,Yes,Yes,64,Average
7881,Female,17,8,63,41,10,Yes,Yes,72,Good
7882,Female,21,10,71,84,1,Yes,Yes,68,Good
7883,Male,17,3,62,42,3,Yes,No,41,Poor
7884,Male,17,10,84,79,10,No,Yes,79,Good
7885,Female,17,10,87,71,7,Yes,No,79,Good
7886,Male,20,8,74,68,8,Yes,Yes,78,Good
7887,Female,21,9,95,58,2,Yes,No,78,Good
7888,Female,16,5,66,83,4,No,No,67,Good
7889,Female,17,1,75,49,0,No,Yes,41,Poor
7890,Male,22,10,89,80,1,No,Yes,70,Good
7891,Female,22,10,82,45,1,Yes,Yes,59,Average
7892,Female,17,4,87,47,4,Yes,Yes,51,Average
7893,Female,20,7,65,97,3,Yes,No,64,Average
7894,Male,22,5,86,61,0,No,No,56,Average
7895,Female,19,2,87,50,9,Yes,Yes,66,Good
7896,Male,21,5,98,99,1,No,Yes,77,Good
7897,Male,21,7,61,57,0,No,Yes,58,Average
7898,Female,17,4,82,46,3,No,Yes,53,Average
7899,Male,21,5,54,42,3,No,No,41,Poor
7900,Male,19,6,88,57,1,No,Yes,62,Average
7901,Male,20,6,55,91,6,Yes,No,75,Good
7902,Female,22,2,76,58,4,No,No,57,Average
7903,Male,22,8,56,92,3,Yes,Yes,65,Good
7904,Female,17,10,91,46,5,No,Yes,66,Good
7905,Male,20,2,57,92,0,Yes,No,57,Average
7906,Male,17,4,99,87,5,Yes,No,78,Good
7907,Male,20,10,50,46,4,Yes,Yes,57,Average
7908,Female,18,7,64,91,1,No,No,69,Good
7909,Female,16,3,78,46,6,Yes,No,62,Average
7910,Male,22,8,82,89,10,No,Yes,75,Good
7911,Male,22,9,64,59,7,No,Yes,69,Good
7912,Male,16,5,80,54,0,Yes,Yes,64,Average
7913,Male,16,4,57,85,1,No,Yes,55,Average
7914,Female,22,5,97,54,0,No,No,59,Average
7915,Female,20,8,84,80,9,No,Yes,80,Excellent
7916,Female,17,5,87,99,0,Yes,Yes,77,Good
7917,Female,20,10,64,55,4,No,Yes,58,Average
7918,Male,16,10,73,45,10,Yes,Yes,66,Good
7919,Female,16,8,99,64,6,Yes,No,70,Good
7920,Male,21,2,74,83,6,No,No,59,Average
7921,Male,22,1,88,73,7,Yes,No,69,Good
7922,Female,20,2,84,64,9,No,Yes,57,Average
7923,Female,18,5,53,60,5,No,Yes,52,Average
7924,Male,22,8,60,45,3,No,Yes,58,Average
7925,Female,16,10,54,66,0,No,No,56,Average
7926,Male,21,3,62,44,9,Yes,Yes,57,Average
7927,Male,21,7,77,92,8,No,Yes,82,Excellent
7928,Female,16,9,100,63,8,Yes,No,90,Excellent
7929,Male,21,1,69,70,0,No,No,38,Poor
7930,Female,22,7,70,64,5,No,No,58,Average
7931,Male,18,7,74,66,7,Yes,No,76,Good
7932,Male,16,2,58,42,7,Yes,Yes,53,Average
7933,Female,21,6,90,73,9,Yes,No,81,Excellent
7934,Male,21,10,61,91,6,Yes,No,82,Excellent
7935,Female,18,8,76,45,5,Yes,Yes,62,Average
7936,Female,22,10,90,72,10,No,Yes,92,Excellent
7937,Male,16,9,77,83,10,Yes,Yes,84,Excellent
7938,Male,18,3,60,77,9,No,No,56,Average
7939,Male,22,2,94,84,0,Yes,Yes,60,Average
7940,Female,16,10,50,57,0,Yes,Yes,67,Good
7941,Male,18,9,69,93,10,Yes,Yes,85,Excellent
7942,Female,18,7,71,87,0,Yes,No,74,Good
7943,Male,16,10,52,79,5,Yes,Yes,78,Good
7944,Male,18,7,62,65,9,Yes,Yes,76,Good
7945,Female,22,9,76,96,4,Yes,No,77,Good
7946,Male,20,7,55,66,3,No,No,64,Average
7947,Female,19,8,70,51,9,No,No,62,Average
7948,Male,20,2,72,94,4,No,Yes,59,Average
7949,Female,21,3,66,60,2,No,No,40,Poor
7950,Male,16,9,80,61,5,Yes,No,78,Good
7951,Female,18,5,84,45,8,No,No,67,Good
7952,Female,22,1,56,54,9,Yes,Yes,56,Average
7953,Male,16,8,67,93,1,No,Yes,61,Average
7954,Male,17,5,89,92,10,No,Yes,74,Good
7955,Male,18,1,68,64,2,No,No,49,Poor
7956,Female,22,6,78,99,2,Yes,No,70,Good
7957,Female,17,4,53,72,10,Yes,Yes,62,Average
7958,Male,22,5,69,65,10,No,Yes,60,Average
7959,Female,21,1,88,60,4,No,No,46,Poor
7960,Female,19,4,53,90,7,Yes,Yes,71,Good
7961,Male,19,8,76,44,7,Yes,No,61,Average
7962,Female,22,1,63,85,5,No,Yes,54,Average
7963,Male,21,7,58,44,0,Yes,Yes,59,Average
7964,Male,18,8,98,98,9,No,No,80,Excellent
7965,Female,22,1,98,56,4,No,Yes,56,Average
7966,Female,22,7,93,55,0,No,No,59,Average
7967,Female,18,7,59,91,2,Yes,Yes,62,Average
7968,Male,18,9,86,51,8,Yes,Yes,77,Good
7969,Female,19,1,57,87,3,No,No,41,Poor
7970,Male,17,1,92,93,3,Yes,No,72,Good
7971,Female,22,3,64,81,7,No,No,63,Average
7972,Male,19,10,67,99,6,No,No,79,Good
7973,Male,18,2,98,58,8,No,Yes,65,Good
7974,Female,19,8,72,70,10,No,No,76,Good
7975,Male,21,8,85,63,6,No,No,64,Average
7976,Female,18,3,78,76,3,No,No,53,Average
7977,Male,16,7,72,49,2,No,Yes,58,Average
7978,Male,16,9,79,70,8,No,Yes,75,Good
7979,Female,18,5,85,97,7,No,No,75,Good
7980,Male,19,4,87,68,10,Yes,Yes,68,Good
7981,Male,20,9,78,94,2,No,No,81,Excellent
7982,Male,22,7,92,74,8,No,No,76,Good
7983,Female,16,6,93,84,0,No,No,69,Good
7984,Male,17,3,54,65,3,No,No,48,Poor
7985,Male,20,7,70,89,1,No,Yes,60,Average
7986,Female,16,5,54,83,3,Yes,No,53,Average
7987,Male,21,9,77,60,1,No,No,70,Good
7988,Male,22,2,81,40,5,Yes,No,55,Average
7989,Male,16,6,73,84,2,Yes,No,68,Good
7990,Female,21,3,66,64,5,No,Yes,54,Average
7991,Male,20,8,100,99,3,No,Yes,87,Excellent
7992,Male,17,1,61,50,7,Yes,Yes,44,Poor
7993,Female,20,1,53,49,1,No,Yes,27,Poor
7994,Male,19,6,71,63,7,No,Yes,63,Average
7995,Male,17,9,61,54,9,Yes,Yes,65,Good
7996,Male,20,4,76,64,9,No,Yes,64,Average
7997,Female,20,5,74,78,8,No,Yes,62,Average
7998,Male,18,9,67,88,5,No,Yes,81,Excellent
7999,Female,21,4,79,43,10,Yes,No,61,Average
8000,Female,22,10,83,57,5,Yes,Yes,79,Good
8001,Male,22,1,86,59,7,Yes,Yes,61,Average
8002,Female,22,7,68,65,5,No,Yes,62,Average
8003,Female,22,5,74,98,3,Yes,Yes,78,Good
8004,Male,22,3,93,99,0,Yes,No,69,Good
8005,Male,21,10,52,77,8,Yes,Yes,71,Good
8006,Female,16,3,98,44,5,Yes,Yes,66,Good
8007,Male,16,4,74,72,4,Yes,No,62,Average
8008,Male,21,7,92,61,2,Yes,No,60,Average
8009,Male,22,9,78,71,7,No,Yes,67,Good
8010,Female,17,3,60,86,6,Yes,No,59,Average
8011,Female,22,8,82,87,4,Yes,Yes,83,Excellent
8012,Male,18,9,69,67,4,Yes,Yes,63,Average
8013,Female,17,4,64,74,10,No,No,60,Average
8014,Male,21,7,80,55,0,No,No,55,Average
8015,Female,20,7,97,57,5,No,Yes,65,Good
8016,Female,17,2,58,83,10,Yes,Yes,63,Average
8017,Female,20,9,89,73,3,Yes,Yes,69,Good
8018,Female,20,2,67,47,2,No,No,33,Poor
8019,Female,19,1,79,71,9,Yes,No,60,Average
8020,Male,18,8,70,81,9,No,Yes,69,Good
8021,Male,22,2,73,91,6,No,Yes,55,Average
8022,Female,17,5,60,64,4,No,No,53,Average
8023,Male,19,9,68,63,8,Yes,Yes,65,Good
8024,Male,17,6,85,83,5,No,Yes,74,Good
8025,Female,21,3,94,91,7,No,Yes,67,Good
8026,Male,21,2,88,49,6,No,Yes,47,Poor
8027,Male,17,4,85,89,7,Yes,Yes,79,Good
8028,Female,19,7,97,97,10,No,No,79,Good
8029,Female,21,10,70,77,9,Yes,Yes,85,Excellent
8030,Male,17,4,72,66,2,Yes,No,48,Poor
8031,Male,16,2,57,96,8,No,Yes,52,Average
8032,Male,16,9,58,51,2,Yes,No,59,Average
8033,Male,21,3,52,74,9,Yes,No,61,Average
8034,Female,20,10,83,41,4,No,No,60,Average
8035,Female,16,1,55,58,7,Yes,No,52,Average
8036,Female,20,10,96,46,1,No,Yes,62,Average
8037,Male,19,6,53,87,6,No,No,68,Good
8038,Male,17,8,62,47,6,Yes,Yes,65,Good
8039,Male,17,5,71,40,6,Yes,Yes,61,Average
8040,Female,21,6,59,94,4,Yes,No,68,Good
8041,Female,19,5,74,74,6,No,No,67,Good
8042,Male,19,10,57,57,2,No,Yes,53,Average
8043,Female,22,1,94,47,3,No,No,46,Poor
8044,Male,20,5,81,86,1,Yes,No,66,Good
8045,Female,17,3,59,60,10,Yes,Yes,63,Average
8046,Female,22,3,91,86,2,Yes,Yes,66,Good
8047,Female,16,2,71,57,1,No,No,48,Poor
8048,Male,19,9,76,92,6,Yes,Yes,75,Good
8049,Female,16,6,88,45,1,No,Yes,56,Average
8050,Male,20,4,89,53,10,Yes,No,74,Good
8051,Female,18,1,58,65,9,No,Yes,42,Poor
8052,Female,21,6,90,62,10,Yes,Yes,82,Excellent
8053,Male,18,8,99,61,7,No,Yes,73,Good
8054,Male,20,4,97,86,8,Yes,Yes,83,Excellent
8055,Male,21,9,67,57,4,No,No,56,Average
8056,Male,21,4,90,74,1,Yes,No,64,Average
8057,Female,20,5,61,79,3,Yes,No,60,Average
8058,Male,19,1,54,70,7,Yes,Yes,57,Average
8059,Female,16,1,77,63,3,No,Yes,50,Average
8060,Male,22,10,81,45,2,No,Yes,59,Average
8061,Female,20,3,74,50,10,No,No,57,Average
8062,Female,22,10,88,85,9,Yes,No,81,Excellent
8063,Female,16,9,77,79,6,Yes,No,82,Excellent
8064,Male,22,2,55,92,8,Yes,Yes,54,Average
8065,Male,19,6,82,67,4,Yes,No,66,Good
8066,Female,20,8,70,54,3,No,Yes,55,Average
8067,Female,20,3,82,80,9,No,Yes,73,Good
8068,Female,16,8,70,81,6,No,Yes,71,Good
8069,Female,21,5,87,64,4,Yes,Yes,57,Average
8070,Male,22,10,98,76,10,Yes,No,92,Excellent
8071,Female,16,1,62,91,5,Yes,No,59,Average
8072,Female,21,4,66,87,4,Yes,Yes,71,Good
8073,Female,22,4,68,75,8,Yes,Yes,61,Average
8074,Female,21,3,78,94,7,Yes,No,62,Average
8075,Female,20,4,58,100,8,Yes,Yes,72,Good
8076,Female,16,8,78,82,1,Yes,Yes,71,Good
8077,Female,16,3,53,98,7,Yes,No,57,Average
8078,Female,18,6,79,88,4,Yes,No,66,Good
8079,Male,21,9,50,41,0,Yes,Yes,47,Poor
8080,Female,17,1,93,80,2,Yes,No,51,Average
8081,Male,16,2,55,86,3,Yes,Yes,56,Average
8082,Male,20,3,79,89,7,Yes,No,69,Good
8083,Female,21,8,95,66,4,No,No,66,Good
8084,Female,19,9,86,96,1,No,Yes,76,Good
8085,Female,18,10,98,68,4,No,Yes,74,Good
8086,Male,20,8,97,84,1,Yes,Yes,86,Excellent
8087,Female,17,9,58,93,6,No,No,69,Good
8088,Female,20,10,74,74,1,Yes,No,77,Good
8089,Male,21,10,87,47,6,Yes,No,80,Excellent
8090,Female,21,9,90,67,6,No,No,77,Good
8091,Female,18,10,78,68,10,No,No,86,Excellent
8092,Female,19,4,94,82,10,Yes,Yes,82,Excellent
8093,Male,16,7,83,48,3,Yes,No,62,Average
8094,Female,20,4,67,69,4,Yes,Yes,63,Average
8095,Male,20,9,75,92,5,No,Yes,84,Excellent
8096,Male,21,9,73,56,6,Yes,No,66,Good
8097,Female,19,4,58,44,3,Yes,Yes,49,Poor
8098,Female,21,9,87,50,10,Yes,Yes,74,Good
8099,Male,18,8,75,79,3,Yes,Yes,79,Good
8100,Male,19,10,96,77,1,Yes,No,77,Good
8101,Male,21,2,72,87,4,Yes,No,61,Average
8102,Female,20,8,69,97,7,Yes,No,84,Excellent
8103,Male,16,2,95,68,2,No,No,60,Average
8104,Male,18,4,77,63,0,No,Yes,57,Average
8105,Female,21,7,79,51,4,Yes,No,60,Average
8106,Female,16,2,95,55,2,Yes,No,59,Average
8107,Female,19,1,54,83,9,Yes,No,51,Average
8108,Male,16,1,67,90,5,Yes,Yes,65,Good
8109,Male,20,10,85,99,10,Yes,Yes,90,Excellent
8110,Male,17,2,85,77,10,No,Yes,66,Good
8111,Female,17,5,74,46,10,Yes,No,60,Average
8112,Female,16,8,95,56,1,No,No,69,Good
8113,Female,18,6,55,91,2,Yes,Yes,66,Good
8114,Female,20,2,76,90,4,Yes,No,67,Good
8115,Female,17,1,94,52,6,Yes,Yes,63,Average
8116,Female,21,5,82,65,5,Yes,Yes,71,Good
8117,Female,18,4,70,51,5,Yes,Yes,48,Poor
8118,Female,18,4,75,56,7,Yes,No,64,Average
8119,Male,22,8,81,72,10,Yes,Yes,79,Good
8120,Female,18,6,59,57,4,No,No,48,Poor
8121,Male,17,6,51,76,0,No,Yes,56,Average
8122,Female,22,9,67,42,6,Yes,Yes,64,Average
8123,Male,18,2,99,97,3,Yes,No,64,Average
8124,Female,16,5,89,81,9,Yes,Yes,80,Excellent
8125,Male,22,4,83,56,7,Yes,Yes,59,Average
8126,Male,18,1,88,46,6,Yes,Yes,48,Poor
8127,Female,22,7,58,60,9,Yes,Yes,70,Good
8128,Male,19,2,57,84,9,Yes,No,54,Average
8129,Male,20,4,50,96,0,No,Yes,53,Average
8130,Female,20,4,91,79,2,No,No,58,Average
8131,Male,19,10,55,71,7,No,Yes,75,Good
8132,Male,19,10,55,46,7,Yes,Yes,64,Average
8133,Male,21,6,86,47,3,Yes,No,59,Average
8134,Female,18,4,72,67,2,No,Yes,55,Average
8135,Female,21,1,99,57,0,No,Yes,49,Poor
8136,Male,21,8,55,88,6,Yes,Yes,66,Good
8137,Female,18,5,74,75,2,Yes,No,60,Average
8138,Male,17,10,81,40,3,No,No,70,Good
8139,Female,17,3,63,97,2,Yes,No,57,Average
8140,Female,17,8,85,86,3,No,Yes,71,Good
8141,Female,18,2,68,61,2,No,No,53,Average
8142,Female,20,1,67,56,7,No,Yes,52,Average
8143,Female,18,4,67,57,1,Yes,No,57,Average
8144,Male,21,1,74,84,5,Yes,No,56,Average
8145,Female,20,4,90,48,4,No,No,54,Average
8146,Female,21,6,57,76,9,No,No,56,Average
8147,Male,19,6,66,71,2,Yes,No,67,Good
8148,Male,19,7,61,62,0,Yes,No,54,Average
8149,Female,16,5,62,82,7,No,Yes,63,Average
8150,Male,20,8,60,58,8,No,Yes,68,Good
8151,Female,18,3,83,95,10,Yes,Yes,76,Good
8152,Female,20,3,96,43,8,Yes,Yes,52,Average
8153,Male,21,9,50,78,8,Yes,Yes,65,Good
8154,Female,18,3,90,47,0,No,Yes,47,Poor
8155,Female,21,5,81,76,1,Yes,Yes,61,Average
8156,Male,22,10,58,77,9,Yes,Yes,80,Excellent
8157,Female,16,1,100,83,2,Yes,No,58,Average
8158,Male,22,8,86,90,9,Yes,No,85,Excellent
8159,Male,17,7,100,42,3,Yes,Yes,67,Good
8160,Female,20,1,91,69,7,Yes,Yes,60,Average
8161,Female,22,9,56,71,1,No,Yes,66,Good
8162,Female,17,5,74,40,8,No,Yes,48,Poor
8163,Male,16,6,55,89,2,Yes,No,67,Good
8164,Male,16,10,87,79,7,No,No,77,Good
8165,Female,22,8,57,63,9,Yes,Yes,72,Good
8166,Male,22,9,96,71,3,No,Yes,79,Good
8167,Male,22,2,59,60,9,No,No,58,Average
8168,Male,18,4,94,48,9,No,No,69,Good
8169,Male,18,5,92,95,2,No,No,78,Good
8170,Female,22,10,69,68,10,No,Yes,69,Good
8171,Male,16,10,55,87,10,Yes,Yes,84,Excellent
8172,Male,17,7,64,97,5,Yes,Yes,81,Excellent
8173,Female,17,5,50,61,10,Yes,No,61,Average
8174,Male,19,4,57,82,10,No,Yes,68,Good
8175,Female,19,2,54,61,4,Yes,Yes,42,Poor
8176,Female,20,5,88,85,1,Yes,No,70,Good
8177,Male,16,8,63,54,6,No,No,62,Average
8178,Male,18,4,55,53,7,No,Yes,41,Poor
8179,Male,20,9,53,96,1,Yes,Yes,76,Good
8180,Female,20,3,61,57,4,Yes,Yes,54,Average
8181,Female,22,5,86,92,5,Yes,Yes,81,Excellent
8182,Male,22,6,54,68,9,Yes,No,65,Good
8183,Female,19,10,85,97,0,Yes,No,86,Excellent
8184,Male,20,10,63,41,4,No,Yes,68,Good
8185,Male,20,2,52,40,6,No,No,33,Poor
8186,Female,17,4,55,65,7,Yes,No,60,Average
8187,Male,16,4,95,43,7,No,Yes,60,Average
8188,Female,21,7,67,41,8,Yes,Yes,65,Good
8189,Male,16,1,86,46,7,No,No,44,Poor
8190,Female,22,6,88,50,0,No,No,54,Average
8191,Female,18,10,67,62,5,Yes,Yes,66,Good
8192,Female,22,7,74,86,5,No,Yes,70,Good
8193,Female,20,2,100,49,6,Yes,Yes,66,Good
8194,Male,21,4,61,43,1,No,Yes,40,Poor
8195,Female,19,9,57,69,6,Yes,Yes,66,Good
8196,Female,18,9,84,47,1,Yes,Yes,72,Good
8197,Female,19,2,73,94,1,Yes,No,67,Good
8198,Female,18,3,66,64,7,No,Yes,46,Poor
8199,Male,22,3,72,78,7,No,No,66,Good
8200,Male,17,6,66,59,5,No,No,60,Average
8201,Male,20,7,54,56,9,Yes,Yes,62,Average
8202,Male,21,10,51,61,4,No,No,68,Good
8203,Female,21,6,59,93,1,No,No,61,Average
8204,Female,22,4,100,77,10,Yes,No,80,Excellent
8205,Male,21,7,81,62,2,No,No,59,Average
8206,Female,22,4,56,93,5,No,No,52,Average
8207,Female,18,9,54,46,2,No,No,48,Poor
8208,Male,19,9,64,67,3,No,Yes,70,Good
8209,Female,22,2,86,48,2,No,Yes,52,Average
8210,Male,17,4,88,81,3,No,Yes,69,Good
8211,Male,16,8,90,68,2,No,No,71,Good
8212,Female,22,4,58,90,6,Yes,Yes,65,Good
8213,Male,17,8,50,45,10,Yes,Yes,60,Average
8214,Female,21,1,53,50,5,Yes,Yes,41,Poor
8215,Male,19,5,51,89,7,Yes,No,64,Average
8216,Male,16,2,71,65,4,Yes,No,58,Average
8217,Male,22,9,79,61,3,Yes,No,70,Good
8218,Female,19,5,86,49,1,No,Yes,59,Average
8219,Male,18,9,79,88,1,No,No,72,Good
8220,Male,21,1,63,48,2,Yes,No,49,Poor
8221,Female,19,1,56,72,2,Yes,No,48,Poor
8222,Male,18,2,58,100,5,Yes,Yes,55,Average
8223,Female,21,4,68,40,10,Yes,No,49,Poor
8224,Male,18,6,90,63,7,No,No,72,Good
8225,Male,18,4,76,68,1,Yes,No,52,Average
8226,Female,16,4,69,63,7,No,Yes,63,Average
8227,Male,19,6,89,86,2,Yes,Yes,66,Good
8228,Female,17,5,61,48,3,No,Yes,52,Average
8229,Male,18,4,63,82,3,No,Yes,62,Average
8230,Male,16,2,54,60,2,Yes,No,36,Poor
8231,Male,21,1,76,91,7,No,No,56,Average
8232,Male,21,2,96,89,1,No,Yes,56,Average
8233,Male,16,1,89,95,1,Yes,No,66,Good
8234,Female,16,6,61,81,0,No,No,62,Average
8235,Male,20,7,95,62,1,Yes,Yes,72,Good
8236,Male,19,3,58,69,8,Yes,Yes,49,Poor
8237,Female,18,4,61,59,4,Yes,No,58,Average
8238,Female,18,8,80,90,6,No,No,75,Good
8239,Male,20,3,85,76,1,No,No,56,Average
8240,Male,17,5,71,83,3,No,No,62,Average
8241,Male,16,7,52,86,8,No,No,62,Average
8242,Female,17,3,63,81,4,No,No,55,Average
8243,Female,22,5,84,59,8,No,No,64,Average
8244,Male,18,2,94,56,2,Yes,No,61,Average
8245,Male,20,10,55,56,2,No,Yes,67,Good
8246,Female,17,4,100,77,1,No,Yes,60,Average
8247,Female,19,5,92,65,1,Yes,Yes,67,Good
8248,Male,18,6,97,99,10,Yes,No,82,Excellent
8249,Male,19,3,50,92,6,No,No,54,Average
8250,Female,20,8,85,41,3,Yes,No,68,Good
8251,Male,17,1,95,70,5,Yes,Yes,54,Average
8252,Male,20,3,83,99,10,Yes,Yes,77,Good
8253,Female,19,4,89,72,4,No,No,54,Average
8254,Female,16,7,82,47,5,Yes,Yes,64,Average
8255,Female,17,8,82,61,6,No,Yes,63,Average
8256,Male,21,7,60,83,7,Yes,No,69,Good
8257,Female,18,5,73,66,5,Yes,No,68,Good
8258,Female,17,1,54,58,4,No,Yes,39,Poor
8259,Male,18,6,68,61,0,Yes,Yes,53,Average
8260,Male,16,10,93,91,8,No,Yes,86,Excellent
8261,Male,17,1,72,96,9,Yes,Yes,73,Good
8262,Male,16,10,94,49,10,Yes,Yes,74,Good
8263,Male,21,5,54,91,7,No,No,69,Good
8264,Female,22,7,83,52,8,Yes,Yes,73,Good
8265,Male,19,5,53,83,0,Yes,No,63,Average
8266,Male,18,5,87,82,6,Yes,No,75,Good
8267,Male,21,2,59,45,3,No,No,37,Poor
8268,Female,16,3,71,54,4,Yes,No,52,Average
8269,Female,19,10,64,69,0,No,No,67,Good
8270,Male,18,5,51,53,10,Yes,No,65,Good
8271,Male,17,2,54,79,4,No,No,46,Poor
8272,Female,22,6,73,60,3,Yes,Yes,65,Good
8273,Male,22,6,70,40,2,No,No,53,Average
8274,Male,18,9,63,86,6,Yes,No,73,Good
8275,Female,20,9,68,90,9,Yes,Yes,87,Excellent
8276,Male,20,10,83,40,1,Yes,No,68,Good
8277,Male,20,6,68,59,3,Yes,No,56,Average
8278,Female,21,7,56,100,4,Yes,No,70,Good
8279,Male,16,8,90,50,7,No,Yes,61,Average
8280,Male,22,6,53,51,10,No,Yes,62,Average
8281,Female,20,8,80,86,8,Yes,Yes,81,Excellent
8282,Male,20,2,72,89,9,Yes,No,65,Good
8283,Male,22,5,85,88,7,No,Yes,72,Good
8284,Female,22,5,81,46,4,Yes,No,65,Good
8285,Male,22,2,70,84,6,Yes,Yes,55,Average
8286,Female,19,10,52,80,1,No,No,58,Average
8287,Female,21,8,75,84,3,Yes,Yes,75,Good
8288,Female,22,10,56,59,1,No,Yes,68,Good
8289,Female,17,8,74,71,7,No,Yes,76,Good
8290,Female,17,8,67,98,6,No,No,78,Good
8291,Male,17,8,56,64,4,Yes,No,57,Average
8292,Male,16,7,83,63,9,No,Yes,71,Good
8293,Female,19,2,77,73,7,No,No,54,Average
8294,Male,19,4,67,86,3,Yes,No,56,Average
8295,Male,16,2,51,50,10,Yes,Yes,48,Poor
8296,Female,18,2,53,45,1,Yes,Yes,32,Poor
8297,Female,22,5,79,56,8,Yes,No,71,Good
8298,Male,16,10,67,96,2,Yes,Yes,76,Good
8299,Male,17,5,70,91,8,Yes,No,79,Good
8300,Female,20,1,97,71,0,Yes,No,64,Average
8301,Female,19,5,96,52,6,No,Yes,65,Good
8302,Female,17,5,93,69,0,Yes,No,59,Average
8303,Male,22,5,75,65,6,Yes,Yes,70,Good
8304,Female,20,8,59,48,3,Yes,No,50,Average
8305,Female,21,4,63,92,4,No,No,59,Average
8306,Female,18,1,85,51,9,Yes,Yes,63,Average
8307,Male,19,10,82,42,2,No,No,56,Average
8308,Male,19,9,62,66,2,No,No,64,Average
8309,Female,21,5,79,78,0,No,No,66,Good
8310,Female,16,6,65,97,7,Yes,No,66,Good
8311,Male,16,9,99,91,2,Yes,Yes,76,Good
8312,Male,16,3,88,70,8,Yes,No,73,Good
8313,Male,21,5,77,60,10,No,Yes,56,Average
8314,Male,17,3,60,47,2,Yes,No,37,Poor
8315,Male,22,6,84,92,3,Yes,Yes,73,Good
8316,Female,19,3,64,59,4,Yes,No,45,Poor
8317,Male,22,1,83,53,8,Yes,No,54,Average
8318,Female,21,3,63,83,3,Yes,Yes,65,Good
8319,Male,19,7,57,78,9,No,Yes,60,Average
8320,Female,22,9,75,52,2,Yes,Yes,65,Good
8321,Female,22,6,95,100,10,Yes,Yes,86,Excellent
8322,Male,21,6,69,56,7,Yes,Yes,70,Good
8323,Male,21,1,66,73,9,No,No,53,Average
8324,Female,17,6,89,83,7,Yes,Yes,75,Good
8325,Male,18,9,73,81,0,Yes,No,72,Good
8326,Male,17,1,98,97,0,No,Yes,60,Average
8327,Female,21,8,81,55,6,No,No,70,Good
8328,Male,20,9,78,97,7,Yes,No,91,Excellent
8329,Male,17,4,71,54,8,Yes,No,52,Average
8330,Female,17,9,96,99,9,No,Yes,92,Excellent
8331,Female,20,5,93,93,7,No,Yes,72,Good
8332,Male,21,9,57,49,10,Yes,No,71,Good
8333,Female,18,9,52,96,9,No,Yes,73,Good
8334,Male,21,3,98,69,5,No,Yes,69,Good
8335,Female,19,3,53,45,7,Yes,Yes,42,Poor
8336,Female,18,6,71,84,6,No,No,68,Good
8337,Female,17,6,57,42,6,No,No,52,Average
8338,Female,21,10,100,78,8,Yes,No,84,Excellent
8339,Male,19,8,83,97,8,Yes,Yes,77,Good
8340,Male,18,10,58,54,10,Yes,Yes,70,Good
8341,Male,18,2,84,70,1,No,No,44,Poor
8342,Female,20,4,53,89,3,Yes,Yes,62,Average
8343,Male,17,2,65,68,3,Yes,Yes,54,Average
8344,Female,22,5,85,97,8,Yes,No,81,Excellent
8345,Male,17,3,94,51,10,Yes,No,72,Good
8346,Male,20,10,59,98,8,Yes,No,81,Excellent
8347,Female,21,1,76,51,0,No,No,47,Poor
8348,Female,17,1,99,54,8,Yes,No,53,Average
8349,Female,20,7,80,42,7,No,No,61,Average
8350,Male,22,5,87,44,1,No,Yes,46,Poor
8351,Female,18,5,92,50,7,Yes,No,67,Good
8352,Female,17,1,97,46,8,Yes,No,52,Average
8353,Female,20,5,61,94,3,Yes,Yes,62,Average
8354,Male,22,3,81,84,5,Yes,Yes,68,Good
8355,Male,19,3,65,44,1,No,Yes,42,Poor
8356,Female,21,7,74,95,3,Yes,No,80,Excellent
8357,Female,22,6,100,77,7,Yes,No,84,Excellent
8358,Male,16,10,82,84,4,No,Yes,82,Excellent
8359,Female,21,5,75,98,5,No,No,62,Average
8360,Female,22,9,64,56,10,No,No,64,Average
8361,Female,21,5,98,65,2,Yes,Yes,73,Good
8362,Male,22,4,74,89,0,No,Yes,51,Average
8363,Male,16,1,51,42,7,No,Yes,32,Poor
8364,Male,21,7,63,70,10,No,Yes,74,Good
8365,Male,17,3,61,60,0,Yes,Yes,46,Poor
8366,Female,17,8,66,81,4,No,No,71,Good
8367,Female,22,5,80,100,2,No,No,66,Good
8368,Female,18,8,93,86,10,No,Yes,90,Excellent
8369,Male,16,7,75,75,6,No,No,64,Average
8370,Female,21,7,57,53,7,No,Yes,56,Average
8371,Female,19,2,85,48,5,Yes,Yes,60,Average
8372,Male,20,1,88,44,2,Yes,Yes,41,Poor
8373,Female,19,4,70,91,8,Yes,No,74,Good
8374,Male,16,1,61,97,6,Yes,Yes,61,Average
8375,Male,20,4,62,60,6,Yes,No,57,Average
8376,Male,19,3,84,51,8,No,Yes,51,Average
8377,Male,18,3,53,42,4,Yes,Yes,36,Poor
8378,Female,20,3,82,88,10,Yes,Yes,72,Good
8379,Male,20,7,92,66,6,No,Yes,63,Average
8380,Female,16,8,60,78,4,Yes,Yes,75,Good
8381,Male,16,4,81,66,10,No,Yes,65,Good
8382,Male,21,10,97,64,7,Yes,No,85,Excellent
8383,Female,20,3,50,72,4,No,No,47,Poor
8384,Male,16,10,66,42,5,No,No,65,Good
8385,Male,21,5,53,99,1,Yes,No,65,Good
8386,Female,20,8,95,92,9,No,Yes,81,Excellent
8387,Male,19,6,53,48,2,No,Yes,42,Poor
8388,Female,22,3,80,50,5,No,No,54,Average
8389,Female,21,1,65,83,0,No,No,43,Poor
8390,Female,18,7,80,68,2,Yes,No,73,Good
8391,Male,20,4,86,40,7,No,Yes,60,Average
8392,Male,20,1,75,67,2,No,No,48,Poor
8393,Male,20,10,52,69,3,No,Yes,61,Average
8394,Female,19,7,67,74,0,Yes,No,57,Average
8395,Female,21,6,69,56,0,Yes,Yes,58,Average
8396,Female,18,1,92,93,5,No,No,57,Average
8397,Male,20,3,58,74,3,No,No,43,Poor
8398,Female,17,10,64,62,1,Yes,No,68,Good
8399,Female,17,7,89,55,8,Yes,No,72,Good
8400,Female,16,8,50,82,4,Yes,No,62,Average
8401,Male,18,10,62,45,7,Yes,No,61,Average
8402,Female,20,5,70,65,3,Yes,No,65,Good
8403,Female,16,3,76,61,0,No,No,51,Average
8404,Female,17,8,87,78,10,No,Yes,84,Excellent
8405,Female,20,1,89,65,5,Yes,Yes,65,Good
8406,Female,18,5,95,70,3,Yes,Yes,75,Good
8407,Male,20,6,68,60,7,No,No,66,Good
8408,Male,19,1,83,89,10,No,No,72,Good
8409,Female,18,9,100,63,6,No,Yes,74,Good
8410,Male,21,6,69,45,1,No,No,53,Average
8411,Female,19,8,53,98,1,No,No,63,Average
8412,Female,19,10,86,74,1,Yes,No,73,Good
8413,Male,22,10,59,41,0,No,No,59,Average
8414,Female,22,2,77,86,4,No,Yes,62,Average
8415,Female,21,5,86,89,3,Yes,Yes,78,Good
8416,Male,18,9,63,72,8,Yes,Yes,73,Good
8417,Female,18,10,65,81,2,No,No,79,Good
8418,Female,20,3,82,91,10,Yes,Yes,76,Good
8419,Male,19,6,63,56,7,No,Yes,51,Average
8420,Male,16,3,84,99,1,Yes,Yes,58,Average
8421,Female,17,7,75,66,1,No,Yes,69,Good
8422,Female,22,5,69,84,9,Yes,No,66,Good
8423,Male,21,8,99,66,5,Yes,Yes,78,Good
8424,Male,18,1,98,45,2,Yes,Yes,53,Average
8425,Female,18,4,79,60,9,Yes,No,58,Average
8426,Male,22,7,97,65,1,No,Yes,68,Good
8427,Male,20,4,63,73,0,Yes,Yes,61,Average
8428,Male,16,8,79,88,4,No,No,66,Good
8429,Male,18,9,74,56,9,Yes,No,76,Good
8430,Male,19,9,98,94,3,Yes,Yes,84,Excellent
8431,Male,16,6,93,54,4,No,No,60,Average
8432,Female,22,8,68,44,10,Yes,Yes,73,Good
8433,Male,16,5,56,64,4,No,No,60,Average
8434,Female,17,10,95,69,10,Yes,Yes,93,Excellent
8435,Female,16,3,83,58,9,No,Yes,62,Average
8436,Male,18,1,54,49,1,Yes,No,40,Poor
8437,Female,18,4,71,76,5,Yes,Yes,56,Average
8438,Female,18,5,86,86,7,Yes,No,75,Good
8439,Male,18,10,86,46,4,No,Yes,63,Average
8440,Male,17,1,90,88,3,No,Yes,65,Good
8441,Male,17,7,51,94,4,Yes,Yes,64,Average
8442,Male,22,1,52,58,6,No,No,44,Poor
8443,Male,16,1,53,73,4,No,No,45,Poor
8444,Male,18,6,95,67,8,No,Yes,69,Good
8445,Female,20,1,97,81,5,No,No,56,Average
8446,Male,16,1,72,95,6,No,Yes,55,Average
8447,Female,21,7,98,76,0,No,Yes,74,Good
8448,Male,21,9,91,71,2,Yes,No,84,Excellent
8449,Female,20,10,92,96,10,No,Yes,97,Excellent
8450,Female,21,3,53,59,7,No,Yes,41,Poor
8451,Female,20,4,94,40,10,No,No,56,Average
8452,Male,17,3,73,61,3,Yes,No,55,Average
8453,Male,20,4,59,84,6,Yes,Yes,64,Average
8454,Male,19,4,69,73,3,No,Yes,52,Average
8455,Female,22,1,54,56,6,No,No,48,Poor
8456,Female,22,1,65,73,0,No,No,38,Poor
8457,Male,21,3,53,53,9,No,Yes,41,Poor
8458,Female,21,1,67,88,4,Yes,Yes,49,Poor
8459,Female,22,1,87,74,0,Yes,No,47,Poor
8460,Female,21,1,53,86,8,No,No,60,Average
8461,Female,21,9,75,63,5,No,Yes,66,Good
8462,Female,17,8,78,64,8,No,No,73,Good
8463,Female,21,7,99,96,4,No,Yes,77,Good
8464,Male,19,6,51,45,9,Yes,Yes,59,Average
8465,Male,21,7,78,59,9,No,Yes,65,Good
8466,Male,16,7,74,43,9,No,Yes,60,Average
8467,Male,18,10,85,68,1,No,Yes,64,Average
8468,Male,21,6,79,96,7,No,Yes,70,Good
8469,Male,18,1,68,77,3,No,Yes,53,Average
8470,Male,22,4,54,98,7,No,No,61,Average
8471,Male,21,8,62,80,4,No,No,72,Good
8472,Female,16,7,70,74,5,Yes,No,74,Good
8473,Male,18,7,89,77,1,No,No,67,Good
8474,Female,21,4,95,71,8,No,Yes,68,Good
8475,Male,21,3,86,73,3,No,No,63,Average
8476,Male,20,1,79,60,0,No,No,38,Poor
8477,Female,21,6,99,62,5,Yes,Yes,78,Good
8478,Male,22,10,90,74,1,No,No,70,Good
8479,Female,18,9,83,78,0,Yes,No,68,Good
8480,Male,22,3,87,69,0,Yes,Yes,62,Average
8481,Male,21,2,72,88,6,Yes,No,59,Average
8482,Female,19,1,73,80,1,Yes,No,59,Average
8483,Male,20,1,71,57,3,No,Yes,48,Poor
8484,Male,21,2,88,92,4,No,Yes,55,Average
8485,Male,21,4,61,71,1,Yes,No,53,Average
8486,Male,18,8,73,79,2,Yes,Yes,70,Good
8487,Female,22,4,69,72,9,Yes,No,69,Good
8488,Female,22,4,55,68,2,Yes,Yes,52,Average
8489,Male,17,2,100,44,8,No,No,48,Poor
8490,Female,20,9,81,74,3,No,Yes,74,Good
8491,Male,18,6,89,52,1,Yes,Yes,56,Average
8492,Male,18,5,78,40,9,No,Yes,57,Average
8493,Female,17,6,91,94,0,No,No,62,Average
8494,Female,22,7,66,88,7,Yes,No,70,Good
8495,Female,17,7,85,84,1,Yes,Yes,73,Good
8496,Male,17,10,68,75,10,Yes,No,77,Good
8497,Female,22,8,98,74,4,No,No,78,Good
8498,Male,16,3,58,50,7,No,No,39,Poor
8499,Male,16,9,53,67,6,No,Yes,66,Good
8500,Male,19,10,62,88,4,No,No,77,Good
8501,Male,21,10,52,65,7,No,No,63,Average
8502,Female,21,1,98,75,3,Yes,No,58,Average
8503,Female,18,4,96,71,1,Yes,No,61,Average
8504,Male,19,6,67,51,3,No,Yes,55,Average
8505,Female,21,5,86,94,7,Yes,No,84,Excellent
8506,Female,20,10,82,93,10,Yes,Yes,88,Excellent
8507,Female,22,4,71,41,2,Yes,No,55,Average
8508,Female,21,7,90,77,0,Yes,Yes,79,Good
8509,Female,19,2,64,99,7,Yes,No,72,Good
8510,Male,21,8,96,61,2,Yes,Yes,66,Good
8511,Female,21,1,52,86,4,Yes,Yes,49,Poor
8512,Female,17,1,62,54,10,No,Yes,48,Poor
8513,Female,22,4,72,93,0,Yes,Yes,58,Average
8514,Female,21,7,65,74,3,No,No,67,Good
8515,Female,21,4,76,95,5,No,No,60,Average
8516,Female,20,6,94,47,3,No,No,62,Average
8517,Female,17,3,88,64,7,No,Yes,67,Good
8518,Female,20,5,59,74,3,Yes,No,53,Average
8519,Male,19,7,64,55,4,Yes,Yes,54,Average
8520,Female,18,5,96,47,6,Yes,No,70,Good
8521,Male,16,6,93,56,10,Yes,Yes,73,Good
8522,Male,22,7,73,81,4,No,No,71,Good
8523,Female,17,7,80,83,10,No,Yes,82,Excellent
8524,Female,22,4,72,46,3,Yes,No,54,Average
8525,Male,17,10,63,54,4,No,No,66,Good
8526,Female,18,9,59,49,3,Yes,No,68,Good
8527,Male,16,6,86,67,7,No,No,73,Good
8528,Female,17,5,86,98,8,Yes,Yes,80,Excellent
8529,Male,16,5,74,71,9,No,Yes,73,Good
8530,Female,18,3,89,46,4,Yes,No,53,Average
8531,Female,21,3,89,43,8,Yes,Yes,52,Average
8532,Female,21,9,76,68,4,No,No,78,Good
8533,Male,22,9,78,52,2,Yes,No,60,Average
8534,Female,16,7,89,56,4,Yes,Yes,72,Good
8535,Male,21,2,82,85,7,Yes,Yes,67,Good
8536,Female,21,10,85,83,7,No,Yes,85,Excellent
8537,Male,16,10,54,77,9,No,No,68,Good
8538,Female,19,5,60,64,1,No,Yes,47,Poor
8539,Female,18,1,68,62,1,Yes,Yes,54,Average
8540,Male,22,9,86,81,3,No,Yes,71,Good
8541,Male,21,4,72,68,10,No,Yes,56,Average
8542,Male,16,1,69,81,9,Yes,No,64,Average
8543,Male,22,2,59,74,10,No,No,61,Average
8544,Female,19,4,56,81,5,Yes,Yes,51,Average
8545,Male,19,8,53,57,10,Yes,No,72,Good
8546,Male,17,6,67,82,0,No,No,56,Average
8547,Male,17,6,86,94,8,No,No,81,Excellent
8548,Male,20,7,68,88,8,No,Yes,69,Good
8549,Female,17,4,68,76,6,Yes,No,60,Average
8550,Female,16,7,59,69,2,Yes,No,57,Average
8551,Female,18,4,74,45,1,Yes,No,43,Poor
8552,Female,19,2,77,50,9,No,No,55,Average
8553,Male,20,8,52,87,0,No,No,67,Good
8554,Male,18,7,86,79,4,Yes,No,78,Good
8555,Female,16,7,77,72,5,No,No,73,Good
8556,Male,17,3,69,79,7,No,Yes,57,Average
8557,Male,17,7,54,95,9,Yes,Yes,78,Good
8558,Female,17,9,94,87,6,Yes,No,92,Excellent
8559,Female,17,4,75,74,3,No,Yes,56,Average
8560,Female,16,8,54,75,6,No,Yes,71,Good
8561,Female,19,2,94,49,0,No,No,50,Average
8562,Female,18,7,70,67,6,Yes,No,66,Good
8563,Male,17,9,92,88,1,Yes,Yes,76,Good
8564,Female,17,1,68,88,2,Yes,Yes,53,Average
8565,Male,20,10,85,92,2,Yes,No,89,Excellent
8566,Female,19,1,98,45,2,Yes,Yes,52,Average
8567,Male,22,10,97,53,7,No,No,69,Good
8568,Male,17,10,58,77,10,Yes,Yes,70,Good
8569,Male,17,4,78,40,4,No,No,49,Poor
8570,Male,21,9,70,43,7,No,Yes,57,Average
8571,Male,20,3,84,48,3,No,No,51,Average
8572,Male,20,3,99,67,8,Yes,Yes,67,Good
8573,Female,21,1,95,83,3,Yes,Yes,61,Average
8574,Male,21,8,97,89,3,No,Yes,80,Excellent
8575,Male,18,8,93,66,1,No,No,74,Good
8576,Female,21,6,84,46,8,Yes,Yes,57,Average
8577,Male,21,10,88,58,10,Yes,Yes,79,Good
8578,Male,16,10,81,87,8,No,Yes,79,Good
8579,Male,16,1,93,75,9,Yes,Yes,72,Good
8580,Male,17,3,96,91,2,No,No,72,Good
8581,Male,22,1,55,79,4,No,Yes,39,Poor
8582,Male,18,5,66,49,5,Yes,No,56,Average
8583,Female,18,10,98,59,1,No,No,73,Good
8584,Male,21,8,52,49,3,Yes,Yes,50,Average
8585,Male,20,2,73,68,1,Yes,Yes,52,Average
8586,Male,21,10,78,89,9,Yes,Yes,88,Excellent
8587,Male,16,3,69,49,5,Yes,No,55,Average
8588,Male,16,1,74,88,2,No,No,54,Average
8589,Female,20,8,100,90,7,No,No,78,Good
8590,Female,19,9,78,84,2,No,Yes,65,Good
8591,Female,17,10,81,63,8,Yes,Yes,73,Good
8592,Male,16,1,96,41,8,Yes,No,52,Average
8593,Female,16,7,72,46,1,No,No,51,Average
8594,Female,16,6,59,97,8,Yes,Yes,74,Good
8595,Female,16,6,67,66,9,Yes,No,60,Average
8596,Female,21,10,97,61,10,Yes,No,77,Good
8597,Female,17,1,98,58,7,Yes,Yes,67,Good
8598,Male,20,9,78,61,2,No,Yes,63,Average
8599,Female,22,9,66,58,1,Yes,Yes,62,Average
8600,Female,20,1,61,83,1,Yes,Yes,57,Average
8601,Female,16,1,59,55,3,No,Yes,38,Poor
8602,Female,22,1,77,51,7,No,Yes,51,Average
8603,Male,16,9,83,52,2,No,Yes,65,Good
8604,Male,19,2,69,54,5,No,Yes,48,Poor
8605,Female,21,9,86,49,4,No,No,73,Good
8606,Female,21,7,90,58,3,Yes,Yes,61,Average
8607,Male,22,1,63,97,0,No,Yes,58,Average
8608,Male,18,9,72,55,5,Yes,No,65,Good
8609,Male,18,9,92,42,9,No,Yes,72,Good
8610,Female,19,4,65,53,1,Yes,Yes,57,Average
8611,Male,21,6,71,65,8,No,Yes,61,Average
8612,Female,16,9,51,63,3,No,No,56,Average
8613,Male,20,6,54,53,2,No,No,51,Average
8614,Male,20,4,93,63,9,Yes,No,74,Good
8615,Male,21,3,52,47,4,Yes,No,52,Average
8616,Male,18,1,50,68,7,Yes,No,41,Poor
8617,Female,21,1,85,86,3,Yes,No,59,Average
8618,Female,22,10,96,76,6,Yes,Yes,81,Excellent
8619,Male,18,4,91,88,3,No,No,65,Good
8620,Male,19,6,58,92,8,No,Yes,65,Good
8621,Male,18,1,91,82,0,Yes,Yes,59,Average
8622,Male,19,6,84,45,8,Yes,No,58,Average
8623,Female,17,3,85,70,4,Yes,No,64,Average
8624,Male,21,9,96,56,2,Yes,No,67,Good
8625,Female,21,3,77,59,2,Yes,No,49,Poor
8626,Male,16,7,96,54,4,No,No,72,Good
8627,Female,19,10,76,79,3,Yes,Yes,80,Excellent
8628,Female,22,2,73,87,10,No,Yes,63,Average
8629,Female,22,4,97,87,3,Yes,No,70,Good
8630,Female,20,5,85,47,5,Yes,No,68,Good
8631,Female,18,5,64,55,10,No,Yes,53,Average
8632,Male,21,1,59,78,0,Yes,Yes,40,Poor
8633,Male,22,1,64,78,1,Yes,Yes,50,Average
8634,Female,19,6,73,76,7,No,Yes,61,Average
8635,Male,17,5,82,59,4,Yes,Yes,64,Average
8636,Male,18,5,98,80,7,No,No,65,Good
8637,Male,17,9,59,73,10,Yes,No,69,Good
8638,Male,19,2,87,96,5,Yes,No,67,Good
8639,Male,19,2,69,64,3,No,No,49,Poor
8640,Male,20,5,77,92,8,No,Yes,77,Good
8641,Female,16,4,60,52,8,Yes,Yes,51,Average
8642,Male,16,5,89,56,3,Yes,No,63,Average
8643,Female,17,7,72,61,8,No,Yes,65,Good
8644,Male,20,1,60,55,3,Yes,Yes,51,Average
8645,Female,20,6,91,57,8,Yes,No,64,Average
8646,Female,17,9,83,85,2,No,Yes,82,Excellent
8647,Male,20,1,87,76,4,No,No,49,Poor
8648,Female,21,4,59,58,0,No,Yes,39,Poor
8649,Male,19,2,64,53,5,No,No,43,Poor
8650,Male,19,1,60,95,5,No,No,58,Average
8651,Female,18,9,57,97,4,Yes,No,82,Excellent
8652,Male,21,2,85,43,7,No,Yes,46,Poor
8653,Male,20,7,76,63,2,No,Yes,61,Average
8654,Female,20,1,82,88,2,No,No,58,Average
8655,Female,18,6,76,62,9,Yes,No,60,Average
8656,Female,19,4,64,70,3,No,No,51,Average
8657,Male,22,4,81,47,2,Yes,No,57,Average
8658,Female,16,8,53,81,0,No,Yes,52,Average
8659,Male,17,9,75,53,2,Yes,Yes,59,Average
8660,Female,19,6,94,60,7,No,No,68,Good
8661,Male,20,4,75,65,7,Yes,No,58,Average
8662,Female,19,1,83,55,4,Yes,Yes,59,Average
8663,Female,22,5,99,40,9,Yes,Yes,66,Good
8664,Female,18,8,100,78,3,No,Yes,78,Good
8665,Female,17,2,97,60,4,Yes,No,55,Average
8666,Male,19,2,83,74,9,Yes,No,71,Good
8667,Female,16,4,77,44,9,Yes,No,62,Average
8668,Female,17,3,100,49,1,No,No,56,Average
8669,Female,22,2,69,56,7,No,Yes,42,Poor
8670,Male,18,4,64,68,6,No,Yes,61,Average
8671,Female,19,7,59,90,4,Yes,No,62,Average
8672,Male,17,1,52,69,9,Yes,Yes,49,Poor
8673,Male,19,9,81,88,3,No,No,75,Good
8674,Female,16,2,82,100,7,Yes,No,66,Good
8675,Male,21,10,83,70,7,Yes,No,76,Good
8676,Female,18,10,79,53,4,No,No,77,Good
8677,Male,22,1,52,79,4,No,No,52,Average
8678,Male,20,4,91,65,10,Yes,No,75,Good
8679,Male,21,10,52,74,7,Yes,No,77,Good
8680,Female,21,7,96,87,7,No,No,78,Good
8681,Male,19,4,73,48,7,Yes,No,48,Poor
8682,Male,22,8,73,63,0,No,Yes,61,Average
8683,Female,21,4,82,54,8,Yes,Yes,56,Average
8684,Male,18,3,100,74,10,Yes,Yes,80,Excellent
8685,Male,19,8,91,98,9,No,Yes,94,Excellent
8686,Male,18,7,95,44,6,No,No,58,Average
8687,Male,20,1,58,96,8,Yes,Yes,57,Average
8688,Female,21,5,68,93,6,No,Yes,72,Good
8689,Male,16,8,94,92,5,No,No,86,Excellent
8690,Male,22,7,72,71,0,No,Yes,68,Good
8691,Male,17,10,61,52,10,No,Yes,64,Average
8692,Female,22,7,88,44,7,No,No,67,Good
8693,Female,19,5,60,68,3,No,No,47,Poor
8694,Female,16,6,69,69,2,Yes,Yes,66,Good
8695,Female,22,7,94,60,2,No,No,66,Good
8696,Female,16,9,88,93,1,No,No,71,Good
8697,Female,17,2,96,100,0,Yes,Yes,73,Good
8698,Male,19,7,74,100,10,Yes,Yes,80,Excellent
8699,Male,16,1,91,98,3,No,No,58,Average
8700,Male,20,3,58,55,5,No,Yes,42,Poor
8701,Male,20,5,56,50,4,No,No,45,Poor
8702,Male,17,1,60,63,4,Yes,No,41,Poor
8703,Female,17,10,100,65,5,No,No,76,Good
8704,Female,21,6,56,68,6,No,No,57,Average
8705,Female,18,10,70,41,9,Yes,No,66,Good
8706,Male,18,8,59,43,10,Yes,Yes,65,Good
8707,Female,22,1,75,46,4,Yes,Yes,54,Average
8708,Male,20,10,89,58,7,Yes,Yes,84,Excellent
8709,Female,20,10,58,54,7,Yes,Yes,69,Good
8710,Female,20,1,81,46,10,Yes,Yes,59,Average
8711,Male,19,9,89,43,6,No,No,60,Average
8712,Male,20,2,59,81,7,No,Yes,56,Average
8713,Female,21,9,97,71,5,Yes,No,79,Good
8714,Male,17,10,78,81,0,Yes,No,83,Excellent
8715,Male,17,9,50,95,0,No,Yes,66,Good
8716,Male,17,7,96,83,10,No,No,76,Good
8717,Female,22,5,99,48,3,Yes,Yes,56,Average
8718,Male,18,9,74,51,3,Yes,No,73,Good
8719,Female,20,4,69,94,2,Yes,Yes,65,Good
8720,Female,21,5,75,69,5,No,Yes,58,Average
8721,Male,16,5,56,61,6,Yes,No,55,Average
8722,Female,17,5,64,49,1,No,Yes,47,Poor
8723,Male,22,7,57,69,4,Yes,Yes,64,Average
8724,Female,21,1,52,89,5,No,No,45,Poor
8725,Female,17,8,63,57,0,No,No,58,Average
8726,Female,16,4,99,51,6,Yes,Yes,59,Average
8727,Male,16,9,91,88,9,Yes,Yes,96,Excellent
8728,Male,16,10,59,49,1,Yes,Yes,67,Good
8729,Female,18,6,100,84,0,Yes,No,65,Good
8730,Female,17,10,69,52,0,No,Yes,69,Good
8731,Male,17,5,71,47,2,No,Yes,56,Average
8732,Female,20,6,71,74,6,No,Yes,60,Average
8733,Female,22,1,91,100,2,No,No,60,Average
8734,Male,20,8,76,89,5,No,Yes,70,Good
8735,Male,19,10,72,99,5,Yes,Yes,79,Good
8736,Female,21,10,98,61,3,Yes,No,74,Good
8737,Male,19,7,80,85,8,No,No,70,Good
8738,Female,18,2,57,100,2,Yes,Yes,49,Poor
8739,Female,17,4,85,80,10,No,Yes,70,Good
8740,Female,20,7,70,84,5,No,No,62,Average
8741,Female,18,5,84,73,5,Yes,No,61,Average
8742,Male,17,10,100,75,7,No,No,84,Excellent
8743,Male,19,1,59,90,6,Yes,No,57,Average
8744,Female,18,3,56,76,8,Yes,Yes,50,Average
8745,Male,19,8,62,43,8,Yes,No,62,Average
8746,Male,17,10,64,53,3,No,No,69,Good
8747,Female,18,3,86,71,9,Yes,No,66,Good
8748,Female,16,3,94,68,9,Yes,Yes,64,Average
8749,Male,17,4,58,84,5,No,Yes,59,Average
8750,Male,19,3,81,57,2,Yes,Yes,50,Average
8751,Male,16,6,69,81,4,No,No,56,Average
8752,Male,21,5,98,66,1,Yes,Yes,70,Good
8753,Male,16,8,56,55,7,No,No,59,Average
8754,Male,20,6,56,85,4,No,Yes,67,Good
8755,Female,22,8,61,43,4,Yes,Yes,55,Average
8756,Female,16,5,69,99,0,Yes,Yes,60,Average
8757,Female,20,6,77,85,10,Yes,No,75,Good
8758,Female,16,5,71,63,0,Yes,Yes,48,Poor
8759,Female,17,2,60,73,6,No,No,57,Average
8760,Male,18,7,68,65,9,Yes,No,68,Good
8761,Female,22,3,52,76,4,Yes,No,61,Average
8762,Male,17,2,87,97,9,Yes,No,65,Good
8763,Female,22,5,74,47,8,No,Yes,54,Average
8764,Male,21,4,89,48,4,No,No,54,Average
8765,Male,18,7,67,50,5,Yes,Yes,60,Average
8766,Female,22,5,90,52,9,No,No,65,Good
8767,Female,21,8,63,100,2,Yes,No,71,Good
8768,Male,22,10,95,85,2,Yes,Yes,83,Excellent
8769,Female,17,5,50,99,6,Yes,No,67,Good
8770,Male,16,6,75,77,2,No,No,66,Good
8771,Female,18,7,89,62,10,Yes,No,70,Good
8772,Female,21,10,56,52,4,Yes,Yes,60,Average
8773,Female,20,1,61,60,6,Yes,Yes,54,Average
8774,Female,19,7,53,59,4,Yes,No,54,Average
8775,Male,16,5,59,84,10,No,No,69,Good
8776,Male,19,2,75,43,4,No,No,43,Poor
8777,Male,21,1,78,50,4,No,No,49,Poor
8778,Female,18,4,54,93,3,No,Yes,63,Average
8779,Female,19,7,74,90,9,Yes,No,86,Excellent
8780,Female,22,3,69,89,2,No,Yes,64,Average
8781,Male,22,2,61,94,8,No,No,54,Average
8782,Female,22,9,59,67,1,Yes,No,70,Good
8783,Female,20,10,88,94,4,Yes,No,80,Excellent
8784,Male,21,9,57,51,7,No,No,56,Average
8785,Female,18,1,85,67,7,Yes,Yes,60,Average
8786,Female,20,5,83,44,0,No,Yes,51,Average
8787,Male,16,7,72,98,6,Yes,No,80,Excellent
8788,Male,17,1,71,56,1,No,Yes,50,Average
8789,Male,21,8,82,66,4,No,No,60,Average
8790,Female,19,10,74,48,0,Yes,Yes,63,Average
8791,Female,17,8,51,65,5,Yes,Yes,61,Average
8792,Female,20,10,71,100,6,Yes,Yes,87,Excellent
8793,Female,22,4,73,81,1,Yes,Yes,61,Average
8794,Female,20,10,76,54,8,No,No,68,Good
8795,Male,22,1,71,94,0,Yes,No,57,Average
8796,Female,21,1,96,65,10,No,No,53,Average
8797,Male,20,9,52,77,5,Yes,No,67,Good
8798,Female,18,9,90,72,3,Yes,Yes,80,Excellent
8799,Male,16,3,57,46,6,No,No,37,Poor
8800,Female,22,9,88,82,2,Yes,No,86,Excellent
8801,Female,18,7,92,77,10,Yes,No,76,Good
8802,Male,18,9,94,52,6,Yes,Yes,77,Good
8803,Male,20,4,64,100,6,No,No,66,Good
8804,Male,18,8,94,58,3,Yes,Yes,73,Good
8805,Male,19,8,85,87,4,No,No,81,Excellent
8806,Female,16,6,72,65,8,Yes,No,59,Average
8807,Male,18,1,73,68,8,No,No,58,Average
8808,Female,22,2,80,99,8,Yes,No,65,Good
8809,Female,21,8,64,41,7,No,Yes,54,Average
8810,Male,20,8,96,85,2,No,Yes,68,Good
8811,Male,22,10,89,67,9,No,No,84,Excellent
8812,Male,16,8,68,95,5,No,No,74,Good
8813,Female,22,9,77,75,4,No,Yes,64,Average
8814,Female,20,5,56,92,4,No,No,64,Average
8815,Female,21,8,62,75,1,No,No,68,Good
8816,Male,21,3,83,45,5,No,Yes,49,Poor
8817,Female,17,4,60,90,7,No,Yes,56,Average
8818,Female,21,10,68,89,9,No,Yes,87,Excellent
8819,Female,20,8,93,84,6,No,No,80,Excellent
8820,Female,16,9,100,93,1,No,No,80,Excellent
8821,Male,16,10,77,46,10,No,No,67,Good
8822,Female,22,8,70,66,3,No,No,57,Average
8823,Female,16,3,57,42,9,Yes,No,46,Poor
8824,Male,20,7,89,66,7,Yes,No,82,Excellent
8825,Female,17,3,61,64,3,No,Yes,42,Poor
8826,Male,22,9,61,59,3,No,Yes,58,Average
8827,Female,16,7,80,75,9,No,Yes,78,Good
8828,Male,16,6,77,77,1,No,No,54,Average
8829,Male,17,10,84,53,10,No,No,77,Good
8830,Male,22,7,67,64,0,No,Yes,60,Average
8831,Female,16,7,90,84,10,No,No,77,Good
8832,Female,17,1,52,56,5,No,No,48,Poor
8833,Male,20,6,89,51,2,Yes,Yes,55,Average
8834,Male,22,7,100,62,10,No,No,77,Good
8835,Female,18,5,58,80,0,Yes,Yes,55,Average
8836,Female,17,1,95,64,8,No,Yes,52,Average
8837,Female,16,5,96,67,6,No,Yes,62,Average
8838,Male,20,7,59,47,1,No,No,45,Poor
8839,Male,17,1,66,64,5,Yes,No,52,Average
8840,Female,21,2,76,82,6,No,Yes,57,Average
8841,Male,22,7,94,50,2,Yes,Yes,70,Good
8842,Female,21,1,58,46,3,Yes,No,32,Poor
8843,Male,22,4,88,76,4,No,Yes,64,Average
8844,Female,21,5,75,40,10,Yes,No,66,Good
8845,Female,16,8,86,84,4,Yes,No,79,Good
8846,Male,22,2,92,69,5,No,No,62,Average
8847,Male,22,10,75,51,1,Yes,Yes,66,Good
8848,Male,20,6,50,47,10,No,No,48,Poor
8849,Male,22,4,58,91,1,No,No,64,Average
8850,Male,20,8,59,64,10,No,Yes,69,Good
8851,Female,21,2,89,54,8,Yes,Yes,51,Average
8852,Male,18,9,55,65,10,No,Yes,62,Average
8853,Female,16,5,58,89,0,Yes,No,53,Average
8854,Female,17,8,64,47,1,No,No,57,Average
8855,Male,19,3,61,57,1,Yes,No,49,Poor
8856,Male,21,4,83,59,1,Yes,Yes,60,Average
8857,Male,17,3,66,77,2,No,No,52,Average
8858,Male,21,7,77,99,1,No,Yes,67,Good
8859,Male,16,10,81,92,6,No,No,77,Good
8860,Male,21,9,60,62,5,Yes,No,66,Good
8861,Female,22,2,100,47,7,Yes,No,62,Average
8862,Male,21,1,99,62,1,Yes,Yes,63,Average
8863,Male,20,7,57,91,7,Yes,No,67,Good
8864,Female,18,4,83,85,4,No,Yes,60,Average
8865,Female,17,1,94,62,7,Yes,Yes,64,Average
8866,Male,20,6,87,51,5,No,Yes,68,Good
8867,Female,22,8,91,87,9,Yes,Yes,85,Excellent
8868,Male,21,10,97,79,8,Yes,Yes,95,Excellent
8869,Female,16,4,80,43,2,No,Yes,53,Average
8870,Male,16,7,94,70,2,No,Yes,65,Good
8871,Male,21,5,55,42,2,No,Yes,39,Poor
8872,Female,20,4,50,75,3,Yes,Yes,48,Poor
8873,Female,21,4,90,47,9,Yes,No,57,Average
8874,Female,22,4,55,83,1,Yes,Yes,48,Poor
8875,Female,22,4,55,54,9,No,Yes,60,Average
8876,Female,22,3,83,68,7,Yes,Yes,56,Average
8877,Male,17,4,82,70,10,No,Yes,58,Average
8878,Female,21,8,93,87,7,No,No,78,Good
8879,Male,19,1,88,96,7,No,Yes,68,Good
8880,Male,22,10,89,44,3,No,No,62,Average
8881,Female,16,8,90,81,4,No,No,70,Good
8882,Male,18,5,60,82,3,Yes,No,61,Average
8883,Male,17,6,95,75,10,No,No,70,Good
8884,Male,20,9,88,49,10,Yes,No,72,Good
8885,Female,20,8,67,74,5,Yes,Yes,72,Good
8886,Female,18,7,94,40,8,No,Yes,68,Good
8887,Male,19,8,81,61,3,Yes,No,74,Good
8888,Male,18,4,58,57,7,Yes,Yes,46,Poor
8889,Female,22,7,59,47,9,No,No,59,Average
8890,Female,20,4,55,66,8,Yes,No,51,Average
8891,Female,18,10,57,85,9,Yes,No,73,Good
8892,Male,18,6,57,78,6,No,Yes,60,Average
8893,Female,19,7,54,94,9,Yes,Yes,81,Excellent
8894,Female,22,9,68,50,5,Yes,No,71,Good
8895,Male,16,10,63,43,6,No,No,61,Average
8896,Female,22,9,80,62,3,No,Yes,65,Good
8897,Male,17,6,92,78,5,Yes,Yes,72,Good
8898,Male,16,7,97,78,5,No,Yes,71,Good
8899,Female,17,5,76,76,3,No,No,56,Average
8900,Male,20,8,85,73,3,No,No,77,Good
8901,Female,22,1,69,54,9,No,Yes,56,Average
8902,Female,17,8,57,87,6,No,No,74,Good
8903,Male,18,6,96,53,9,Yes,No,64,Average
8904,Female,18,8,77,99,9,No,No,85,Excellent
8905,Male,22,5,50,66,6,No,Yes,55,Average
8906,Male,17,9,62,65,9,Yes,Yes,65,Good
8907,Male,16,9,81,51,1,Yes,Yes,58,Average
8908,Male,16,1,72,67,10,No,No,51,Average
8909,Male,20,7,92,47,6,Yes,Yes,73,Good
8910,Female,20,2,65,100,6,No,Yes,66,Good
8911,Female,20,1,100,63,1,No,Yes,53,Average
8912,Female,19,4,72,42,3,Yes,No,56,Average
8913,Male,16,7,64,51,2,No,No,59,Average
8914,Female,22,4,77,66,10,Yes,Yes,65,Good
8915,Male,17,2,81,80,9,Yes,Yes,60,Average
8916,Male,20,10,54,55,0,No,Yes,50,Average
8917,Female,19,2,89,41,5,Yes,No,58,Average
8918,Male,21,1,95,61,6,Yes,Yes,56,Average
8919,Male,20,5,79,76,7,No,No,66,Good
8920,Female,18,7,67,60,8,Yes,No,67,Good
8921,Male,22,4,80,53,3,Yes,Yes,49,Poor
8922,Male,21,1,67,69,1,No,No,40,Poor
8923,Male,18,3,73,55,10,Yes,Yes,55,Average
8924,Female,20,5,50,88,0,Yes,Yes,53,Average
8925,Male,17,1,81,82,8,Yes,No,63,Average
8926,Female,18,7,72,66,6,Yes,No,61,Average
8927,Female,16,5,99,84,3,No,Yes,76,Good
8928,Female,16,5,65,63,3,No,No,54,Average
8929,Female,21,3,58,49,10,No,No,54,Average
8930,Female,16,1,89,71,4,Yes,Yes,54,Average
8931,Female,16,10,64,63,8,Yes,No,69,Good
8932,Female,16,9,100,95,5,No,Yes,79,Good
8933,Female,20,10,75,61,6,Yes,No,79,Good
8934,Female,18,5,88,94,5,No,No,78,Good
8935,Male,18,7,98,44,2,Yes,No,57,Average
8936,Male,16,6,58,51,9,Yes,No,52,Average
8937,Male,18,1,80,67,2,No,Yes,41,Poor
8938,Female,17,2,79,48,2,Yes,No,47,Poor
8939,Female,17,3,51,73,2,No,Yes,50,Average
8940,Male,19,9,80,53,4,Yes,Yes,75,Good
8941,Male,17,1,95,84,7,Yes,No,73,Good
8942,Female,21,4,74,87,1,No,No,59,Average
8943,Female,20,10,73,53,10,No,Yes,75,Good
8944,Female,22,4,70,60,10,No,Yes,61,Average
8945,Male,16,5,65,66,0,No,Yes,59,Average
8946,Female,18,4,50,74,8,No,No,48,Poor
8947,Male,22,5,91,47,4,No,Yes,61,Average
8948,Male,20,7,87,52,3,No,No,69,Good
8949,Female,16,6,72,41,8,Yes,No,58,Average
8950,Female,20,5,71,57,5,Yes,No,56,Average
8951,Male,18,4,80,42,4,No,No,59,Average
8952,Female,20,9,72,100,6,Yes,No,76,Good
8953,Female,16,9,65,57,4,Yes,Yes,72,Good
8954,Male,18,5,90,71,10,Yes,Yes,74,Good
8955,Female,20,6,51,55,10,Yes,No,59,Average
8956,Female,20,4,69,42,2,Yes,Yes,40,Poor
8957,Male,18,5,98,76,8,Yes,No,80,Excellent
8958,Female,19,6,62,98,4,Yes,Yes,75,Good
8959,Male,22,7,62,59,9,Yes,No,70,Good
8960,Female,18,6,81,68,3,Yes,No,69,Good
8961,Male,21,5,62,66,2,Yes,Yes,50,Average
8962,Male,16,3,93,44,0,Yes,Yes,45,Poor
8963,Female,20,8,80,52,8,Yes,Yes,77,Good
8964,Male,22,9,88,90,8,Yes,No,93,Excellent
8965,Male,21,7,74,100,6,No,Yes,74,Good
8966,Male,19,6,52,78,8,Yes,Yes,59,Average
8967,Male,19,3,100,58,9,Yes,Yes,67,Good
8968,Female,18,5,62,78,3,No,No,66,Good
8969,Female,19,4,82,96,4,Yes,No,68,Good
8970,Female,17,6,96,73,0,Yes,No,68,Good
8971,Male,20,5,86,66,2,Yes,Yes,61,Average
8972,Female,22,4,52,50,0,Yes,Yes,48,Poor
8973,Female,16,2,81,54,8,No,No,56,Average
8974,Male,18,1,72,46,10,Yes,No,55,Average
8975,Male,18,3,74,90,6,Yes,No,67,Good
8976,Male,19,8,80,88,0,No,Yes,64,Average
8977,Male,20,1,53,80,2,No,No,39,Poor
8978,Male,18,10,80,56,8,No,No,74,Good
8979,Male,18,3,81,61,3,Yes,No,63,Average
8980,Female,16,6,99,54,7,Yes,No,76,Good
8981,Male,19,4,63,71,3,No,Yes,54,Average
8982,Male,20,1,51,88,0,Yes,Yes,47,Poor
8983,Female,16,2,58,68,7,No,Yes,54,Average
8984,Female,17,6,92,77,5,No,No,72,Good
8985,Male,16,2,58,86,8,No,No,53,Average
8986,Male,19,3,100,71,4,Yes,Yes,66,Good
8987,Female,21,5,80,75,9,Yes,Yes,76,Good
8988,Female,16,7,54,80,6,No,Yes,60,Average
8989,Female,22,4,94,73,2,No,No,56,Average
8990,Male,18,6,50,77,7,Yes,Yes,61,Average
8991,Female,20,9,80,42,3,Yes,No,62,Average
8992,Female,21,3,81,43,4,No,Yes,49,Poor
8993,Female,18,7,63,91,10,No,No,74,Good
8994,Male,18,10,77,94,5,Yes,Yes,79,Good
8995,Male,16,2,99,63,2,Yes,Yes,67,Good
8996,Female,18,10,72,100,8,Yes,Yes,86,Excellent
8997,Male,22,9,83,66,6,Yes,Yes,75,Good
8998,Female,17,6,56,44,3,No,Yes,45,Poor
8999,Male,21,5,86,83,4,No,No,59,Average
9000,Male,16,8,75,74,10,Yes,Yes,72,Good
9001,Male,22,3,67,70,0,No,Yes,42,Poor
9002,Female,18,2,67,51,3,No,No,49,Poor
9003,Male,21,6,93,57,5,Yes,No,67,Good
9004,Female,16,2,76,61,4,No,No,53,Average
9005,Female,20,2,73,87,9,Yes,No,69,Good
9006,Male,18,2,100,68,2,No,No,53,Average
9007,Female,22,4,77,43,1,No,Yes,48,Poor
9008,Male,22,3,61,92,10,Yes,No,68,Good
9009,Female,16,10,75,85,5,Yes,No,82,Excellent
9010,Male,22,2,85,82,0,No,No,47,Poor
9011,Male,20,6,96,54,8,Yes,No,68,Good
9012,Female,22,8,98,79,6,Yes,Yes,88,Excellent
9013,Male,18,10,94,45,3,Yes,Yes,80,Excellent
9014,Male,22,9,79,73,1,No,No,69,Good
9015,Female,19,8,54,67,5,No,No,54,Average
9016,Male,19,8,84,74,5,Yes,No,72,Good
9017,Male,17,9,73,49,10,No,No,70,Good
9018,Female,16,6,68,99,1,No,Yes,70,Good
9019,Female,16,2,84,75,10,Yes,Yes,70,Good
9020,Female,22,9,81,52,4,Yes,No,64,Average
9021,Female,20,7,76,68,5,No,Yes,70,Good
9022,Female,18,1,58,52,1,Yes,No,36,Poor
9023,Male,20,4,89,81,10,No,No,77,Good
9024,Female,17,10,72,69,0,Yes,Yes,75,Good
9025,Male,18,2,90,49,2,No,Yes,46,Poor
9026,Male,20,8,84,79,10,Yes,Yes,80,Excellent
9027,Male,18,8,75,100,0,No,Yes,76,Good
9028,Female,21,7,59,97,9,Yes,Yes,79,Good
9029,Male,17,8,77,50,1,Yes,No,60,Average
9030,Female,21,8,58,68,2,Yes,No,67,Good
9031,Male,18,5,87,81,0,No,No,61,Average
9032,Male,17,8,70,82,3,No,No,72,Good
9033,Male,20,9,63,40,6,Yes,No,70,Good
9034,Female,22,8,53,57,9,No,No,58,Average
9035,Female,17,8,96,79,1,Yes,No,74,Good
9036,Male,21,10,83,89,0,Yes,No,86,Excellent
9037,Female,16,3,94,86,8,Yes,Yes,78,Good
9038,Female,16,9,78,70,0,Yes,No,67,Good
9039,Male,21,3,67,58,3,Yes,Yes,47,Poor
9040,Male,22,3,56,41,3,No,No,40,Poor
9041,Male,16,10,61,86,5,No,Yes,81,Excellent
9042,Female,22,10,82,53,1,Yes,Yes,68,Good
9043,Female,17,1,79,46,4,Yes,Yes,49,Poor
9044,Female,18,1,100,95,8,Yes,No,75,Good
9045,Female,20,6,85,46,9,No,No,71,Good
9046,Female,19,8,66,74,2,Yes,Yes,64,Average
9047,Male,18,3,71,40,4,No,No,51,Average
9048,Female,21,8,68,48,6,No,No,54,Average
9049,Female,19,2,59,57,5,Yes,Yes,42,Poor
9050,Male,21,1,56,50,10,No,Yes,39,Poor
9051,Female,21,7,53,69,6,Yes,Yes,55,Average
9052,Female,20,3,76,86,2,Yes,No,61,Average
9053,Male,17,1,60,43,6,Yes,Yes,43,Poor
9054,Female,22,1,87,48,4,No,Yes,44,Poor
9055,Male,21,5,50,82,5,No,No,58,Average
9056,Male,20,7,97,47,7,Yes,No,77,Good
9057,Male,22,8,93,53,1,No,Yes,70,Good
9058,Female,18,5,74,49,0,Yes,No,53,Average
9059,Male,21,6,80,44,9,Yes,No,71,Good
9060,Female,18,3,90,44,4,Yes,Yes,50,Average
9061,Female,16,8,91,75,1,Yes,No,78,Good
9062,Male,20,3,87,40,7,Yes,Yes,64,Average
9063,Male,22,10,68,51,7,Yes,Yes,71,Good
9064,Male,18,8,53,66,10,No,Yes,62,Average
9065,Female,18,8,98,46,6,No,Yes,61,Average
9066,Female,22,9,95,76,5,Yes,No,77,Good
9067,Female,17,5,100,93,5,No,No,80,Excellent
9068,Male,17,10,80,45,8,Yes,Yes,70,Good
9069,Female,19,4,65,62,7,No,No,55,Average
9070,Female,18,7,79,62,6,No,No,71,Good
9071,Male,19,7,78,91,4,Yes,Yes,76,Good
9072,Female,19,10,98,90,4,Yes,Yes,85,Excellent
9073,Male,22,3,60,47,6,No,No,44,Poor
9074,Female,22,5,96,58,10,Yes,Yes,73,Good
9075,Male,16,1,51,58,9,Yes,No,40,Poor
9076,Male,18,9,56,88,9,Yes,No,81,Excellent
9077,Female,22,5,75,77,0,No,Yes,57,Average
9078,Female,19,6,63,79,7,Yes,Yes,70,Good
9079,Female,20,4,98,56,1,Yes,Yes,67,Good
9080,Female,16,10,71,43,10,Yes,No,72,Good
9081,Male,16,4,77,57,0,Yes,No,50,Average
9082,Male,21,1,92,83,8,No,No,55,Average
9083,Female,22,2,59,90,1,No,No,54,Average
9084,Female,20,3,67,44,9,No,Yes,55,Average
9085,Female,18,6,63,64,0,Yes,Yes,51,Average
9086,Female,22,1,63,48,8,Yes,Yes,43,Poor
9087,Female,17,9,62,65,1,No,No,57,Average
9088,Male,20,3,54,81,6,No,Yes,55,Average
9089,Female,22,2,56,95,4,No,No,51,Average
9090,Female,16,2,81,55,7,Yes,Yes,51,Average
9091,Female,17,9,98,96,4,No,Yes,83,Excellent
9092,Male,18,10,88,65,7,Yes,Yes,79,Good
9093,Female,17,2,62,91,1,Yes,No,53,Average
9094,Female,21,7,74,84,6,Yes,Yes,72,Good
9095,Female,17,2,71,54,9,No,No,44,Poor
9096,Female,16,2,68,66,1,Yes,Yes,51,Average
9097,Female,20,9,68,56,7,No,Yes,65,Good
9098,Female,16,1,80,58,8,Yes,Yes,53,Average
9099,Female,17,4,94,55,6,No,Yes,67,Good
9100,Female,16,9,51,83,0,No,No,67,Good
9101,Male,20,3,71,60,4,Yes,No,58,Average
9102,Male,17,4,93,61,8,No,Yes,66,Good
9103,Female,19,4,52,84,9,Yes,No,59,Average
9104,Female,21,9,70,64,3,No,No,70,Good
9105,Female,17,2,63,88,9,No,Yes,67,Good
9106,Male,17,4,84,76,7,No,No,72,Good
9107,Male,16,2,61,45,4,Yes,No,42,Poor
9108,Male,20,5,60,97,7,Yes,Yes,78,Good
9109,Male,22,6,76,63,9,No,Yes,67,Good
9110,Male,17,9,92,69,4,No,No,81,Excellent
9111,Male,19,5,84,45,3,Yes,No,64,Average
9112,Female,20,10,100,49,4,No,Yes,73,Good
9113,Male,22,1,75,74,8,No,Yes,54,Average
9114,Male,21,10,74,41,6,Yes,No,66,Good
9115,Female,17,10,57,78,2,No,No,76,Good
9116,Male,18,6,100,56,5,No,Yes,65,Good
9117,Female,21,9,76,72,6,No,Yes,80,Excellent
9118,Female,20,2,90,51,9,No,No,58,Average
9119,Female,20,3,79,71,1,No,Yes,48,Poor
9120,Male,16,4,75,59,4,No,No,51,Average
9121,Female,16,9,82,58,4,Yes,Yes,72,Good
9122,Female,22,1,85,51,3,Yes,No,44,Poor
9123,Male,21,3,72,72,8,Yes,No,62,Average
9124,Female,19,2,90,91,8,Yes,No,73,Good
9125,Male,20,2,61,99,8,No,Yes,58,Average
9126,Female,21,8,69,88,10,No,No,80,Excellent
9127,Female,22,4,75,61,1,Yes,No,47,Poor
9128,Female,19,1,95,50,3,No,Yes,46,Poor
9129,Male,16,7,100,72,2,Yes,Yes,66,Good
9130,Female,22,6,82,47,3,No,No,51,Average
9131,Female,21,3,94,56,5,Yes,No,54,Average
9132,Female,18,9,86,69,2,Yes,No,68,Good
9133,Male,22,6,60,94,2,Yes,No,73,Good
9134,Female,17,6,90,77,8,No,No,75,Good
9135,Female,22,5,58,50,0,No,No,53,Average
9136,Male,17,10,57,51,9,No,No,65,Good
9137,Female,21,6,93,95,10,Yes,No,76,Good
9138,Male,21,4,59,53,0,Yes,Yes,53,Average
9139,Female,20,6,72,96,7,No,Yes,68,Good
9140,Female,21,2,75,94,6,Yes,Yes,68,Good
9141,Female,21,8,67,90,8,No,Yes,82,Excellent
9142,Female,22,8,53,55,10,Yes,Yes,70,Good
9143,Female,17,9,77,82,0,Yes,No,81,Excellent
9144,Male,22,2,93,69,5,No,Yes,61,Average
9145,Male,22,2,84,80,8,No,No,64,Average
9146,Male,17,9,82,80,7,No,Yes,84,Excellent
9147,Male,19,5,76,43,0,Yes,No,45,Poor
9148,Male,22,6,85,100,8,Yes,No,74,Good
9149,Female,18,2,80,45,9,No,No,52,Average
9150,Male,16,1,88,70,0,No,No,50,Average
9151,Female,22,8,92,44,10,Yes,No,73,Good
9152,Male,19,2,56,60,5,No,Yes,45,Poor
9153,Female,22,3,78,75,10,Yes,Yes,61,Average
9154,Male,20,2,57,54,0,Yes,No,39,Poor
9155,Male,16,7,90,79,5,Yes,No,72,Good
9156,Male,22,4,66,60,0,No,Yes,55,Average
9157,Male,21,4,81,94,6,No,No,60,Average
9158,Male,19,1,77,43,5,Yes,No,48,Poor
9159,Male,18,2,55,74,3,Yes,No,42,Poor
9160,Male,21,5,96,57,0,No,Yes,58,Average
9161,Female,20,10,98,92,3,No,Yes,80,Excellent
9162,Male,17,3,68,67,1,No,No,46,Poor
9163,Male,18,2,54,55,4,Yes,No,40,Poor
9164,Male,19,9,86,48,6,No,Yes,71,Good
9165,Male,19,4,84,53,10,No,No,66,Good
9166,Male,21,7,89,57,5,No,No,72,Good
9167,Male,20,4,55,79,5,No,No,57,Average
9168,Male,17,4,88,87,4,No,No,64,Average
9169,Male,19,9,69,61,7,No,No,62,Average
9170,Female,22,4,53,70,7,Yes,No,61,Average
9171,Male,21,1,91,83,2,No,Yes,51,Average
9172,Male,20,4,78,66,9,Yes,Yes,73,Good
9173,Male,22,9,95,78,8,Yes,Yes,92,Excellent
9174,Female,16,2,52,58,7,Yes,No,48,Poor
9175,Female,18,6,64,89,10,Yes,No,78,Good
9176,Male,17,2,94,44,9,No,Yes,49,Poor
9177,Male,20,5,73,86,10,Yes,No,76,Good
9178,Male,16,7,71,62,1,No,No,55,Average
9179,Male,22,1,50,74,8,No,No,49,Poor
9180,Female,18,4,79,97,7,Yes,Yes,70,Good
9181,Male,18,7,100,77,10,Yes,Yes,84,Excellent
9182,Male,18,5,84,75,1,Yes,No,62,Average
9183,Female,19,7,95,94,1,Yes,Yes,84,Excellent
9184,Female,19,4,55,46,0,Yes,No,41,Poor
9185,Female,21,6,87,54,3,No,No,55,Average
9186,Female,21,2,90,58,9,No,Yes,50,Average
9187,Male,18,7,80,48,3,No,Yes,54,Average
9188,Female,16,1,78,64,10,Yes,No,61,Average
9189,Female,20,8,99,42,4,Yes,No,68,Good
9190,Female,19,7,87,85,6,No,Yes,71,Good
9191,Female,18,10,75,64,0,No,Yes,64,Average
9192,Male,17,8,58,53,8,Yes,No,70,Good
9193,Male,17,2,75,94,6,Yes,No,69,Good
9194,Female,19,4,66,50,8,Yes,No,53,Average
9195,Female,20,6,97,83,4,No,No,65,Good
9196,Male,20,9,86,61,8,Yes,Yes,72,Good
9197,Male,21,4,62,86,0,No,No,50,Average
9198,Female,19,10,70,53,4,No,No,66,Good
9199,Female,21,1,68,59,6,Yes,No,42,Poor
9200,Female,21,5,56,65,3,Yes,No,59,Average
9201,Female,22,2,81,43,0,Yes,Yes,44,Poor
9202,Male,20,1,66,93,7,No,Yes,52,Average
9203,Male,21,1,77,91,10,No,Yes,66,Good
9204,Female,21,9,99,60,6,Yes,Yes,74,Good
9205,Male,16,9,82,72,0,No,Yes,69,Good
9206,Male,16,8,71,55,0,No,No,54,Average
9207,Female,19,10,77,89,6,No,Yes,81,Excellent
9208,Male,22,9,94,90,6,Yes,Yes,89,Excellent
9209,Female,16,9,73,90,8,No,No,73,Good
9210,Male,21,7,72,44,6,No,Yes,53,Average
9211,Female,19,2,96,78,5,Yes,No,59,Average
9212,Male,16,9,76,70,0,No,Yes,73,Good
9213,Male,16,2,99,67,4,No,No,65,Good
9214,Female,17,4,58,82,5,Yes,No,58,Average
9215,Male,20,2,64,41,0,No,Yes,40,Poor
9216,Male,18,7,86,47,10,No,Yes,66,Good
9217,Female,18,9,100,100,1,No,No,80,Excellent
9218,Female,16,5,77,64,1,Yes,Yes,52,Average
9219,Male,21,2,86,62,8,Yes,No,54,Average
9220,Female,21,3,86,84,8,No,No,64,Average
9221,Female,19,2,69,62,0,Yes,Yes,54,Average
9222,Male,22,1,64,92,7,No,Yes,60,Average
9223,Male,17,6,54,58,2,No,Yes,59,Average
9224,Male,17,5,54,60,2,Yes,Yes,46,Poor
9225,Male,22,4,84,69,3,Yes,Yes,66,Good
9226,Male,22,4,91,50,8,No,No,66,Good
9227,Female,19,8,73,67,10,No,Yes,64,Average
9228,Male,18,3,52,70,2,No,No,38,Poor
9229,Male,19,7,66,77,4,Yes,Yes,66,Good
9230,Female,20,9,66,86,5,No,Yes,69,Good
9231,Female,18,5,89,85,4,Yes,Yes,80,Excellent
9232,Female,22,2,66,45,3,No,Yes,37,Poor
9233,Male,18,9,99,67,1,Yes,Yes,74,Good
9234,Male,16,6,77,46,10,Yes,Yes,59,Average
9235,Male,21,4,81,48,3,No,No,45,Poor
9236,Male,21,2,63,87,5,Yes,Yes,52,Average
9237,Female,16,2,83,77,0,Yes,Yes,64,Average
9238,Male,20,10,63,96,3,Yes,Yes,73,Good
9239,Male,20,10,55,80,10,No,Yes,72,Good
9240,Female,22,9,59,75,9,No,Yes,67,Good
9241,Female,17,4,98,60,10,No,Yes,66,Good
9242,Male,20,9,50,63,8,No,No,69,Good
9243,Female,19,7,85,71,9,Yes,Yes,76,Good
9244,Female,19,5,67,50,3,No,No,51,Average
9245,Female,16,10,61,83,7,Yes,Yes,71,Good
9246,Female,18,5,59,90,2,No,Yes,53,Average
9247,Male,19,7,84,76,8,Yes,No,74,Good
9248,Male,18,10,75,62,8,No,No,82,Excellent
9249,Female,18,1,99,55,4,No,No,53,Average
9250,Male,17,7,79,76,3,Yes,No,68,Good
9251,Female,18,6,93,68,0,Yes,Yes,73,Good
9252,Female,22,10,74,66,1,No,No,73,Good
9253,Male,18,9,92,57,9,Yes,No,86,Excellent
9254,Male,16,8,52,64,1,Yes,No,51,Average
9255,Female,17,4,90,61,9,No,Yes,68,Good
9256,Female,20,6,72,51,2,No,Yes,55,Average
9257,Male,17,7,51,91,4,No,No,58,Average
9258,Male,19,5,70,68,5,No,No,67,Good
9259,Female,19,4,100,67,9,Yes,Yes,80,Excellent
9260,Female,17,1,64,67,5,Yes,No,56,Average
9261,Male,19,8,66,53,3,No,Yes,65,Good
9262,Male,18,6,71,90,0,Yes,Yes,64,Average
9263,Female,22,5,64,87,1,No,Yes,66,Good
9264,Male,20,7,94,54,1,No,Yes,63,Average
9265,Female,22,3,75,97,1,Yes,Yes,65,Good
9266,Female,22,3,74,53,2,Yes,Yes,44,Poor
9267,Female,21,9,95,80,5,No,No,88,Excellent
9268,Male,19,3,52,63,4,Yes,Yes,43,Poor
9269,Female,20,7,75,95,8,Yes,No,76,Good
9270,Female,17,5,52,45,8,Yes,No,59,Average
9271,Female,21,5,56,75,1,Yes,No,50,Average
9272,Female,22,2,99,52,1,No,Yes,47,Poor
9273,Female,19,4,67,53,9,No,No,54,Average
9274,Female,19,2,84,91,8,No,Yes,68,Good
9275,Female,19,4,79,58,5,No,Yes,57,Average
9276,Male,17,8,66,100,10,No,Yes,75,Good
9277,Male,19,2,58,55,3,No,No,50,Average
9278,Male,21,3,96,46,5,No,No,52,Average
9279,Female,19,4,87,83,9,No,No,62,Average
9280,Female,21,2,66,93,5,No,Yes,56,Average
9281,Male,18,4,59,55,5,Yes,No,51,Average
9282,Male,20,8,78,60,5,No,No,59,Average
9283,Female,18,3,54,91,0,No,No,57,Average
9284,Female,21,1,54,83,9,No,No,57,Average
9285,Male,20,4,87,76,2,No,Yes,65,Good
9286,Male,22,8,87,73,9,Yes,No,77,Good
9287,Male,19,10,82,55,3,Yes,Yes,67,Good
9288,Male,19,3,67,40,8,Yes,Yes,53,Average
9289,Female,21,7,66,89,6,No,No,70,Good
9290,Female,19,4,96,86,2,Yes,No,62,Average
9291,Female,18,7,79,87,8,No,Yes,78,Good
9292,Male,18,8,68,51,0,Yes,Yes,55,Average
9293,Male,18,4,92,68,1,No,Yes,60,Average
9294,Male,21,9,92,72,0,Yes,Yes,81,Excellent
9295,Female,21,5,88,50,8,No,Yes,66,Good
9296,Female,18,8,64,73,10,No,Yes,77,Good
9297,Male,22,2,61,99,2,Yes,No,54,Average
9298,Male,22,6,100,76,10,Yes,No,85,Excellent
9299,Male,17,3,59,57,7,Yes,Yes,49,Poor
9300,Male,17,4,79,74,0,Yes,No,60,Average
9301,Female,20,7,67,49,9,Yes,No,66,Good
9302,Male,16,8,90,77,3,Yes,Yes,69,Good
9303,Female,21,3,69,57,10,Yes,Yes,51,Average
9304,Female,22,2,50,72,5,No,No,40,Poor
9305,Male,16,10,62,66,4,Yes,No,70,Good
9306,Male,18,2,57,72,2,Yes,Yes,50,Average
9307,Male,17,3,97,86,9,No,Yes,65,Good
9308,Female,17,4,61,52,2,Yes,Yes,45,Poor
9309,Male,22,9,57,58,2,No,Yes,61,Average
9310,Male,17,3,56,85,4,Yes,No,51,Average
9311,Male,21,2,88,92,9,No,Yes,64,Average
9312,Female,16,6,89,70,8,No,Yes,65,Good
9313,Male,21,4,90,60,1,No,Yes,62,Average
9314,Female,19,7,65,41,10,Yes,Yes,57,Average
9315,Female,18,4,96,47,6,No,Yes,53,Average
9316,Female,16,1,69,83,8,Yes,Yes,64,Average
9317,Male,21,6,74,100,2,Yes,Yes,70,Good
9318,Male,21,8,62,67,5,Yes,Yes,73,Good
9319,Female,18,3,53,87,10,No,No,62,Average
9320,Male,21,8,89,85,1,No,No,67,Good
9321,Male,19,10,69,91,4,Yes,Yes,79,Good
9322,Female,18,10,78,48,5,Yes,Yes,68,Good
9323,Female,22,10,79,91,0,No,Yes,68,Good
9324,Male,20,7,85,72,7,No,Yes,69,Good
9325,Female,21,3,94,49,8,No,No,51,Average
9326,Female,16,3,75,88,1,No,No,65,Good
9327,Female,18,1,56,60,6,Yes,Yes,48,Poor
9328,Female,20,2,89,88,0,No,Yes,59,Average
9329,Male,22,10,84,51,7,Yes,No,82,Excellent
9330,Male,18,7,69,79,7,Yes,No,68,Good
9331,Female,17,7,86,72,1,No,Yes,65,Good
9332,Female,18,4,62,74,4,Yes,Yes,54,Average
9333,Male,20,8,82,72,10,Yes,Yes,74,Good
9334,Female,21,3,99,100,0,No,Yes,60,Average
9335,Female,19,5,71,79,8,Yes,Yes,68,Good
9336,Male,16,6,84,91,5,No,No,76,Good
9337,Female,20,8,97,56,3,No,Yes,69,Good
9338,Female,22,5,95,84,9,Yes,Yes,81,Excellent
9339,Male,18,6,67,100,9,Yes,Yes,85,Excellent
9340,Male,16,2,78,96,9,No,No,66,Good
9341,Male,17,9,65,49,9,No,No,67,Good
9342,Female,19,10,76,87,3,Yes,No,82,Excellent
9343,Male,16,10,100,95,4,No,No,88,Excellent
9344,Male,19,4,84,75,2,Yes,Yes,65,Good
9345,Male,18,2,60,46,1,No,No,35,Poor
9346,Male,16,2,77,97,6,No,No,67,Good
9347,Female,21,7,64,40,0,No,Yes,47,Poor
9348,Female,20,1,55,62,6,No,Yes,50,Average
9349,Female,22,6,95,65,9,No,Yes,72,Good
9350,Male,21,8,63,61,9,Yes,Yes,73,Good
9351,Female,18,8,79,56,1,No,Yes,66,Good
9352,Female,19,7,98,60,7,No,No,64,Average
9353,Male,17,4,74,62,5,No,Yes,62,Average
9354,Male,16,1,77,76,6,No,No,53,Average
9355,Male,18,10,91,66,2,Yes,No,78,Good
9356,Male,19,10,61,72,5,Yes,No,78,Good
9357,Female,21,9,63,71,9,No,No,78,Good
9358,Male,16,8,97,53,3,Yes,No,64,Average
9359,Female,16,8,84,100,6,No,No,74,Good
9360,Female,17,5,97,61,0,Yes,No,58,Average
9361,Female,21,6,69,79,8,Yes,No,65,Good
9362,Female,19,5,85,90,7,No,Yes,80,Excellent
9363,Male,22,8,75,59,6,Yes,Yes,73,Good
9364,Male,21,3,68,48,8,No,No,47,Poor
9365,Female,19,2,89,80,2,Yes,No,60,Average
9366,Male,19,6,77,66,7,Yes,Yes,72,Good
9367,Female,19,3,81,83,7,Yes,Yes,72,Good
9368,Female,21,8,76,44,4,No,No,65,Good
9369,Male,21,8,90,47,6,No,Yes,64,Average
9370,Female,19,2,95,82,2,Yes,No,63,Average
9371,Female,21,8,61,57,4,Yes,No,67,Good
9372,Female,20,3,77,46,4,Yes,Yes,53,Average
9373,Male,20,2,85,55,3,Yes,No,45,Poor
9374,Male,21,4,97,47,5,No,No,65,Good
9375,Male,18,4,65,81,10,Yes,No,61,Average
9376,Female,20,7,53,65,9,No,Yes,63,Average
9377,Female,19,10,55,44,0,Yes,Yes,64,Average
9378,Female,20,7,63,75,10,Yes,No,65,Good
9379,Male,22,5,56,99,6,Yes,No,72,Good
9380,Female,17,1,75,52,5,No,No,44,Poor
9381,Female,16,1,68,90,8,Yes,Yes,63,Average
9382,Male,18,10,83,85,7,No,No,75,Good
9383,Female,18,10,65,72,7,Yes,Yes,72,Good
9384,Male,20,4,71,82,4,No,No,62,Average
9385,Female,18,8,62,81,0,Yes,No,62,Average
9386,Female,16,5,94,62,10,No,Yes,70,Good
9387,Male,21,7,77,54,6,Yes,Yes,69,Good
9388,Male,17,9,55,66,3,No,No,61,Average
9389,Female,19,4,62,88,3,No,No,57,Average
9390,Male,20,6,78,42,10,Yes,Yes,66,Good
9391,Male,22,4,67,53,1,No,Yes,44,Poor
9392,Male,21,6,75,51,1,Yes,No,55,Average
9393,Female,18,8,55,89,2,Yes,No,75,Good
9394,Male,20,3,54,54,10,No,Yes,54,Average
9395,Female,20,10,78,89,2,No,Yes,73,Good
9396,Female,18,7,69,91,5,Yes,Yes,66,Good
9397,Male,19,10,94,43,7,Yes,Yes,80,Excellent
9398,Male,20,10,77,69,4,No,Yes,75,Good
9399,Female,18,6,91,99,7,Yes,No,77,Good
9400,Male,21,7,63,55,6,Yes,No,56,Average
9401,Male,22,2,65,83,2,Yes,Yes,51,Average
9402,Male,16,4,75,71,2,No,No,62,Average
9403,Male,16,9,55,66,9,Yes,Yes,73,Good
9404,Male,17,5,58,42,6,Yes,No,60,Average
9405,Female,18,3,68,97,8,No,Yes,59,Average
9406,Female,20,9,97,54,9,Yes,Yes,74,Good
9407,Male,22,4,90,64,7,No,No,62,Average
9408,Male,22,5,74,64,7,No,No,69,Good
9409,Male,20,4,53,41,7,Yes,No,40,Poor
9410,Female,20,8,100,71,4,No,No,74,Good
9411,Female,16,9,83,94,2,No,No,70,Good
9412,Female,18,6,99,62,4,Yes,Yes,73,Good
9413,Female,21,5,61,46,0,No,Yes,38,Poor
9414,Male,22,5,93,90,7,No,Yes,66,Good
9415,Male,20,7,53,98,8,Yes,No,77,Good
9416,Female,20,4,92,85,9,No,No,78,Good
9417,Male,22,1,51,95,4,Yes,No,46,Poor
9418,Male,20,7,98,61,4,No,Yes,67,Good
9419,Male,21,6,63,99,6,Yes,No,79,Good
9420,Female,21,7,81,72,0,No,No,56,Average
9421,Male,21,5,66,62,2,Yes,No,64,Average
9422,Female,18,10,56,58,8,Yes,No,70,Good
9423,Female,20,3,56,81,8,Yes,Yes,53,Average
9424,Male,20,8,74,89,8,No,No,81,Excellent
9425,Male,20,5,55,64,5,No,Yes,53,Average
9426,Female,21,8,85,83,7,No,Yes,69,Good
9427,Female,19,7,62,96,2,No,Yes,67,Good
9428,Male,17,1,61,100,5,No,No,58,Average
9429,Female,18,8,85,64,6,No,No,69,Good
9430,Female,22,1,64,98,2,Yes,Yes,53,Average
9431,Female,18,9,77,45,5,No,No,72,Good
9432,Male,18,2,84,83,5,Yes,No,71,Good
9433,Male,21,3,80,87,6,Yes,Yes,75,Good
9434,Male,17,8,57,41,5,No,Yes,51,Average
9435,Female,17,10,82,41,4,No,Yes,62,Average
9436,Male,22,3,58,57,3,No,No,40,Poor
9437,Female,19,3,72,76,6,No,Yes,66,Good
9438,Female,16,2,67,82,7,No,No,52,Average
9439,Male,17,2,94,60,9,Yes,Yes,67,Good
9440,Male,21,8,82,88,6,Yes,Yes,88,Excellent
9441,Male,20,3,85,54,10,No,No,52,Average
9442,Male,19,1,92,72,3,No,No,56,Average
9443,Male,18,5,53,94,8,No,No,62,Average
9444,Female,18,10,98,63,10,No,Yes,91,Excellent
9445,Female,19,8,92,61,6,No,No,71,Good
9446,Female,19,9,83,44,4,No,Yes,61,Average
9447,Male,22,2,100,52,3,No,Yes,52,Average
9448,Male,19,5,53,73,1,No,No,52,Average
9449,Female,22,3,51,73,4,Yes,No,51,Average
9450,Female,20,10,56,76,2,Yes,No,77,Good
9451,Male,22,5,95,57,8,Yes,No,63,Average
9452,Male,16,6,59,83,8,No,Yes,59,Average
9453,Male,20,1,74,50,4,No,No,40,Poor
9454,Male,21,3,59,62,6,Yes,No,54,Average
9455,Female,19,7,59,93,9,Yes,Yes,80,Excellent
9456,Male,18,5,73,98,6,No,No,63,Average
9457,Female,19,1,78,43,1,Yes,No,46,Poor
9458,Female,22,6,64,98,8,Yes,No,81,Excellent
9459,Female,21,4,79,45,1,No,Yes,51,Average
9460,Male,20,2,94,44,7,Yes,No,58,Average
9461,Male,18,9,87,90,1,No,Yes,76,Good
9462,Female,19,9,67,43,8,No,Yes,66,Good
9463,Male,16,6,75,93,2,Yes,Yes,63,Average
9464,Female,18,8,95,90,1,No,Yes,82,Excellent
9465,Female,19,9,71,91,9,Yes,Yes,81,Excellent
9466,Male,16,9,76,100,1,No,No,74,Good
9467,Female,16,3,100,95,7,No,Yes,71,Good
9468,Male,22,9,62,68,10,No,Yes,70,Good
9469,Female,21,5,80,40,1,Yes,No,44,Poor
9470,Female,19,3,89,48,6,No,Yes,54,Average
9471,Female,17,1,56,54,4,Yes,Yes,42,Poor
9472,Male,19,4,51,49,9,No,Yes,57,Average
9473,Female,16,9,51,52,1,No,No,52,Average
9474,Female,20,2,62,87,5,Yes,No,57,Average
9475,Male,21,5,78,73,8,Yes,No,71,Good
9476,Female,20,9,81,74,1,Yes,Yes,68,Good
9477,Female,17,4,98,48,8,Yes,Yes,62,Average
9478,Female,18,5,55,89,3,No,Yes,62,Average
9479,Female,18,5,51,91,5,No,No,62,Average
9480,Male,17,3,68,47,3,No,Yes,52,Average
9481,Male,22,3,96,81,4,Yes,No,63,Average
9482,Female,21,8,56,70,8,No,No,73,Good
9483,Female,21,4,94,64,0,Yes,No,62,Average
9484,Female,18,8,88,58,2,No,No,65,Good
9485,Male,17,8,63,50,6,No,Yes,66,Good
9486,Female,18,5,67,76,7,Yes,Yes,62,Average
9487,Male,20,6,54,58,10,Yes,No,59,Average
9488,Female,16,10,56,89,2,No,No,70,Good
9489,Female,21,1,58,78,7,Yes,No,52,Average
9490,Female,16,7,92,56,0,Yes,Yes,72,Good
9491,Female,20,10,75,93,7,Yes,No,84,Excellent
9492,Male,19,10,58,56,6,Yes,Yes,70,Good
9493,Male,16,9,51,58,10,No,No,66,Good
9494,Male,18,1,97,84,5,Yes,No,65,Good
9495,Male,19,1,65,99,5,No,Yes,63,Average
9496,Female,19,2,51,82,5,Yes,Yes,48,Poor
9497,Male,22,2,89,80,5,Yes,No,60,Average
9498,Female,19,8,97,56,0,No,No,72,Good
9499,Female,21,4,54,90,10,Yes,No,67,Good
9500,Male,21,2,76,59,3,Yes,Yes,60,Average
9501,Female,19,8,50,42,9,No,No,52,Average
9502,Male,20,3,99,75,10,No,No,77,Good
9503,Female,20,9,84,69,2,Yes,Yes,79,Good
9504,Female,21,6,80,93,8,No,Yes,79,Good
9505,Male,22,9,66,46,3,Yes,Yes,60,Average
9506,Female,17,1,76,58,6,Yes,Yes,57,Average
9507,Male,19,3,89,72,3,No,Yes,60,Average
9508,Male,21,1,61,94,8,Yes,No,58,Average
9509,Male,17,7,69,88,9,Yes,Yes,76,Good
9510,Male,18,2,90,96,2,Yes,No,68,Good
9511,Male,21,8,79,51,9,Yes,No,77,Good
9512,Female,19,4,76,73,1,Yes,Yes,51,Average
9513,Male,21,4,59,93,5,Yes,No,57,Average
9514,Female,16,2,84,80,1,Yes,Yes,50,Average
9515,Male,17,9,83,100,8,Yes,Yes,84,Excellent
9516,Male,16,3,66,80,3,No,No,50,Average
9517,Male,16,2,52,68,10,No,No,48,Poor
9518,Male,21,6,95,43,0,Yes,Yes,65,Good
9519,Female,18,9,51,72,5,Yes,Yes,61,Average
9520,Male,16,5,56,50,2,No,Yes,40,Poor
9521,Female,17,9,79,89,5,Yes,Yes,85,Excellent
9522,Female,22,1,62,76,0,No,Yes,36,Poor
9523,Male,20,10,56,58,9,Yes,No,66,Good
9524,Male,16,5,73,47,4,Yes,No,60,Average
9525,Male,22,8,70,88,6,Yes,Yes,79,Good
9526,Female,22,5,84,86,3,No,Yes,64,Average
9527,Female,18,4,76,87,2,No,No,54,Average
9528,Male,17,4,93,52,10,No,No,66,Good
9529,Male,22,10,54,97,7,Yes,No,85,Excellent
9530,Male,21,7,67,93,0,No,No,74,Good
9531,Male,16,9,73,62,7,No,Yes,77,Good
9532,Male,19,8,73,70,6,No,Yes,75,Good
9533,Male,16,7,56,100,0,No,Yes,57,Average
9534,Male,16,8,63,98,5,Yes,No,84,Excellent
9535,Female,22,9,54,60,9,No,Yes,58,Average
9536,Female,22,9,74,96,1,No,Yes,68,Good
9537,Female,17,5,95,69,5,No,Yes,73,Good
9538,Female,20,2,66,59,4,Yes,No,50,Average
9539,Female,21,10,60,65,6,Yes,No,70,Good
9540,Female,16,10,94,73,1,Yes,Yes,77,Good
9541,Male,21,10,91,59,1,No,No,68,Good
9542,Female,19,8,80,83,7,Yes,Yes,82,Excellent
9543,Male,16,7,51,43,1,Yes,Yes,45,Poor
9544,Male,22,8,82,68,1,No,No,74,Good
9545,Female,20,4,53,76,0,No,No,45,Poor
9546,Female,20,5,53,92,0,Yes,No,56,Average
9547,Female,16,10,99,57,6,No,No,70,Good
9548,Female,22,1,76,73,9,Yes,Yes,62,Average
9549,Female,21,3,82,73,9,No,Yes,69,Good
9550,Female,16,8,92,40,4,Yes,Yes,64,Average
9551,Male,22,2,76,83,1,No,No,50,Average
9552,Male,19,10,90,68,3,Yes,Yes,80,Excellent
9553,Female,22,4,98,43,1,Yes,No,51,Average
9554,Male,18,8,51,56,8,No,No,53,Average
9555,Male,17,2,65,89,7,No,No,65,Good
9556,Female,22,6,74,62,0,Yes,No,54,Average
9557,Male,21,1,50,70,4,Yes,Yes,50,Average
9558,Male,22,1,55,49,0,Yes,Yes,39,Poor
9559,Female,19,3,53,70,10,No,No,57,Average
9560,Female,18,8,56,86,8,No,No,67,Good
9561,Female,16,1,77,94,9,No,Yes,68,Good
9562,Male,22,9,78,91,10,No,Yes,81,Excellent
9563,Male,21,6,56,47,0,Yes,No,57,Average
9564,Female,16,4,71,94,7,Yes,Yes,68,Good
9565,Female,19,2,80,66,5,Yes,Yes,63,Average
9566,Female,16,7,54,81,7,Yes,Yes,71,Good
9567,Female,21,1,78,62,8,No,Yes,48,Poor
9568,Female,20,3,76,57,0,Yes,No,50,Average
9569,Male,17,5,53,51,8,No,No,46,Poor
9570,Male,20,8,78,46,7,No,No,68,Good
9571,Male,18,8,87,40,3,Yes,No,72,Good
9572,Male,17,1,50,69,3,No,No,42,Poor
9573,Female,19,1,56,47,2,No,Yes,43,Poor
9574,Male,21,3,58,56,9,No,No,45,Poor
9575,Male,18,9,81,70,10,No,Yes,73,Good
9576,Female,16,1,95,79,8,No,Yes,63,Average
9577,Female,17,2,57,98,5,No,Yes,52,Average
9578,Female,18,3,61,95,7,Yes,Yes,68,Good
9579,Female,19,7,77,62,6,No,No,58,Average
9580,Female,17,10,55,81,0,Yes,No,69,Good
9581,Male,17,7,69,63,6,No,Yes,60,Average
9582,Male,21,3,69,78,8,No,No,61,Average
9583,Male,18,6,80,93,10,Yes,Yes,79,Good
9584,Male,21,10,55,55,9,No,Yes,60,Average
9585,Male,22,9,60,76,7,No,No,67,Good
9586,Male,22,1,81,91,1,Yes,Yes,61,Average
9587,Female,22,4,62,66,6,No,No,50,Average
9588,Male,20,4,77,70,7,No,No,68,Good
9589,Female,17,5,71,68,1,No,No,55,Average
9590,Male,20,5,80,50,7,No,Yes,58,Average
9591,Male,21,3,84,45,7,No,Yes,60,Average
9592,Male,19,10,87,93,4,No,No,80,Excellent
9593,Male,20,7,63,100,2,No,No,61,Average
9594,Female,18,3,87,83,10,No,No,68,Good
9595,Male,16,3,53,42,7,Yes,Yes,50,Average
9596,Male,20,1,74,90,8,Yes,No,59,Average
9597,Male,20,10,80,80,7,No,No,82,Excellent
9598,Female,17,10,86,76,8,Yes,Yes,92,Excellent
9599,Male,20,10,53,63,8,No,Yes,69,Good
9600,Female,18,7,68,83,1,Yes,Yes,66,Good
9601,Male,19,8,52,84,0,No,Yes,66,Good
9602,Male,20,5,81,55,8,Yes,Yes,68,Good
9603,Male,19,1,93,68,2,Yes,No,49,Poor
9604,Female,17,7,54,65,3,No,Yes,58,Average
9605,Female,19,5,89,72,5,Yes,Yes,76,Good
9606,Female,17,5,53,84,0,Yes,No,60,Average
9607,Female,16,5,87,82,3,No,No,61,Average
9608,Male,16,3,80,100,7,Yes,Yes,74,Good
9609,Male,17,9,81,78,2,Yes,Yes,70,Good
9610,Male,22,4,82,83,1,Yes,No,64,Average
9611,Male,16,8,66,54,2,No,Yes,58,Average
9612,Female,17,4,92,71,6,Yes,Yes,70,Good
9613,Male,19,3,87,57,4,Yes,No,65,Good
9614,Male,22,3,60,97,6,No,No,57,Average
9615,Male,21,4,64,59,3,Yes,No,46,Poor
9616,Female,17,3,59,82,7,No,No,52,Average
9617,Male,21,6,83,53,4,No,Yes,66,Good
9618,Male,16,10,82,91,1,Yes,Yes,82,Excellent
9619,Female,18,2,60,78,6,Yes,No,62,Average
9620,Male,17,3,82,84,8,Yes,Yes,60,Average
9621,Male,20,8,99,56,9,Yes,Yes,76,Good
9622,Female,19,8,78,74,5,Yes,No,77,Good
9623,Male,18,10,69,58,4,No,Yes,73,Good
9624,Female,19,3,77,75,3,Yes,Yes,57,Average
9625,Male,20,4,62,71,10,No,No,66,Good
9626,Female,19,9,71,45,3,Yes,Yes,58,Average
9627,Female,18,4,57,49,6,No,No,52,Average
9628,Male,19,6,78,42,5,No,Yes,63,Average
9629,Male,18,10,91,45,10,Yes,Yes,78,Good
9630,Male,18,7,60,89,10,No,No,64,Average
9631,Female,17,6,98,75,4,Yes,Yes,73,Good
9632,Male,16,2,64,68,3,Yes,Yes,47,Poor
9633,Male,16,2,79,54,8,Yes,Yes,61,Average
9634,Male,22,7,84,65,10,No,No,71,Good
9635,Male,22,8,51,79,9,No,No,73,Good
9636,Male,20,10,82,94,7,No,No,80,Excellent
9637,Male,20,10,98,61,9,Yes,Yes,77,Good
9638,Male,20,9,69,77,10,Yes,Yes,81,Excellent
9639,Female,22,10,65,49,7,No,Yes,62,Average
9640,Male,20,5,82,87,6,Yes,Yes,65,Good
9641,Male,22,4,96,100,0,No,No,67,Good
9642,Female,17,4,88,84,6,Yes,Yes,75,Good
9643,Female,18,2,54,61,1,No,No,40,Poor
9644,Female,22,6,88,95,2,Yes,No,78,Good
9645,Female,20,3,77,77,0,Yes,Yes,49,Poor
9646,Female,19,1,62,51,2,No,Yes,30,Poor
9647,Male,22,4,86,45,3,No,No,51,Average
9648,Male,22,1,73,53,8,Yes,Yes,48,Poor
9649,Female,18,5,60,72,2,Yes,No,52,Average
9650,Male,16,2,51,82,9,No,Yes,52,Average
9651,Female,16,3,97,92,10,Yes,Yes,72,Good
9652,Female,22,2,50,98,6,Yes,No,66,Good
9653,Female,20,8,93,41,4,Yes,Yes,73,Good
9654,Female,22,7,77,82,3,Yes,Yes,64,Average
9655,Male,18,4,54,78,10,No,Yes,56,Average
9656,Female,19,6,97,91,3,Yes,No,71,Good
9657,Female,22,8,99,84,2,No,Yes,84,Excellent
9658,Female,22,3,62,54,2,No,No,37,Poor
9659,Female,18,5,82,54,1,No,No,52,Average
9660,Male,16,2,75,45,6,No,No,46,Poor
9661,Female,19,4,79,50,2,No,No,54,Average
9662,Male,20,4,75,53,9,Yes,No,53,Average
9663,Female,22,4,100,72,9,Yes,Yes,70,Good
9664,Female,22,8,85,73,2,Yes,Yes,71,Good
9665,Female,20,7,58,53,4,Yes,Yes,57,Average
9666,Female,22,3,59,66,4,Yes,Yes,47,Poor
9667,Female,21,5,59,52,0,No,No,50,Average
9668,Female,22,8,78,66,0,No,Yes,59,Average
9669,Female,16,8,66,55,4,Yes,Yes,55,Average
9670,Male,17,10,84,93,8,Yes,Yes,88,Excellent
9671,Female,19,10,76,56,6,No,Yes,67,Good
9672,Female,21,9,80,58,8,No,Yes,67,Good
9673,Female,22,7,92,100,6,Yes,Yes,84,Excellent
9674,Female,22,7,91,75,5,No,No,77,Good
9675,Male,22,7,86,50,6,No,Yes,61,Average
9676,Female,19,8,94,59,6,No,Yes,74,Good
9677,Male,22,6,79,64,3,No,No,67,Good
9678,Male,16,1,56,52,7,No,Yes,45,Poor
9679,Male,21,9,54,55,7,Yes,No,62,Average
9680,Female,18,7,97,63,3,No,Yes,62,Average
9681,Female,21,1,71,91,7,Yes,No,68,Good
9682,Male,20,9,62,96,0,Yes,Yes,66,Good
9683,Male,16,5,62,52,0,No,No,39,Poor
9684,Male,21,2,58,98,1,No,Yes,50,Average
9685,Male,20,9,69,43,9,No,No,67,Good
9686,Male,22,7,60,71,1,Yes,Yes,65,Good
9687,Female,16,10,84,63,4,No,Yes,78,Good
9688,Female,19,7,67,85,6,Yes,Yes,77,Good
9689,Female,16,7,72,45,2,No,No,55,Average
9690,Male,22,4,80,42,4,Yes,Yes,55,Average
9691,Male,18,3,65,75,7,No,No,50,Average
9692,Male,16,10,83,61,4,No,Yes,77,Good
9693,Male,22,6,90,70,6,Yes,Yes,80,Excellent
9694,Male,17,4,70,93,4,Yes,Yes,71,Good
9695,Male,19,3,50,53,7,No,Yes,41,Poor
9696,Female,21,8,52,68,3,No,Yes,63,Average
9697,Male,22,9,52,55,1,No,No,61,Average
9698,Female,19,10,50,57,6,No,Yes,56,Average
9699,Female,18,10,98,55,1,No,Yes,72,Good
9700,Male,20,10,54,81,10,No,Yes,78,Good
9701,Male,17,9,78,79,8,Yes,No,78,Good
9702,Male,18,6,71,68,4,Yes,No,67,Good
9703,Male,20,10,52,67,6,Yes,Yes,75,Good
9704,Male,18,1,87,81,1,No,Yes,59,Average
9705,Male,16,4,62,55,6,Yes,No,56,Average
9706,Female,20,1,67,82,3,Yes,Yes,57,Average
9707,Female,18,5,73,90,8,Yes,No,73,Good
9708,Male,19,2,100,61,2,No,Yes,57,Average
9709,Male,18,7,79,59,10,Yes,No,72,Good
9710,Female,19,10,94,41,6,Yes,Yes,70,Good
9711,Female,19,1,75,41,2,Yes,Yes,42,Poor
9712,Female,16,5,80,43,6,No,No,59,Average
9713,Female,16,1,99,83,10,Yes,Yes,65,Good
9714,Female,20,8,99,88,6,No,No,74,Good
9715,Female,21,9,76,82,0,Yes,No,75,Good
9716,Female,16,3,69,67,6,Yes,No,62,Average
9717,Female,16,3,73,44,6,Yes,Yes,49,Poor
9718,Female,16,5,61,98,2,No,No,63,Average
9719,Male,20,8,83,62,1,Yes,No,76,Good
9720,Male,20,5,99,74,0,No,No,68,Good
9721,Male,18,9,52,92,0,Yes,No,65,Good
9722,Male,19,2,67,47,1,Yes,Yes,40,Poor
9723,Female,18,9,82,99,8,No,Yes,83,Excellent
9724,Female,21,3,74,80,3,Yes,Yes,61,Average
9725,Male,19,1,79,72,1,Yes,No,48,Poor
9726,Male,20,4,84,61,2,Yes,Yes,56,Average
9727,Female,16,5,61,94,3,Yes,Yes,68,Good
9728,Male,19,10,94,68,10,Yes,No,95,Excellent
9729,Female,16,3,51,64,10,Yes,No,54,Average
9730,Male,22,5,65,88,2,No,No,54,Average
9731,Female,22,10,92,88,9,Yes,No,99,Excellent
9732,Female,17,2,50,68,4,Yes,No,55,Average
9733,Male,19,5,61,68,3,Yes,Yes,54,Average
9734,Male,22,2,84,75,7,Yes,No,61,Average
9735,Female,22,10,59,92,4,Yes,Yes,72,Good
9736,Male,17,9,51,45,6,Yes,No,59,Average
9737,Male,20,2,86,69,5,Yes,No,66,Good
9738,Male,16,9,85,79,0,No,No,75,Good
9739,Male,21,6,77,63,5,Yes,No,57,Average
9740,Female,22,3,77,83,7,Yes,No,60,Average
9741,Male,17,8,78,60,3,No,No,62,Average
9742,Male,21,7,56,93,1,No,Yes,63,Average
9743,Male,21,2,82,63,9,Yes,Yes,54,Average
9744,Female,18,5,88,49,2,No,No,62,Average
9745,Female,21,2,76,92,6,Yes,Yes,67,Good
9746,Male,16,1,55,93,0,Yes,Yes,57,Average
9747,Male,19,9,94,67,6,No,No,84,Excellent
9748,Male,20,6,71,70,2,Yes,Yes,62,Average
9749,Female,21,4,84,66,5,Yes,No,67,Good
9750,Male,21,4,91,70,2,No,Yes,63,Average
9751,Female,19,4,72,79,3,Yes,Yes,56,Average
9752,Male,16,1,51,78,9,Yes,Yes,61,Average
9753,Male,21,5,83,99,6,Yes,Yes,70,Good
9754,Male,16,4,70,98,8,Yes,No,77,Good
9755,Female,16,10,55,50,0,No,No,56,Average
9756,Male,20,6,88,98,6,Yes,No,82,Excellent
9757,Male,18,5,75,74,1,No,No,55,Average
9758,Female,22,1,50,52,7,Yes,No,41,Poor
9759,Male,22,6,80,99,0,Yes,No,66,Good
9760,Male,21,8,81,96,8,Yes,Yes,89,Excellent
9761,Female,19,2,68,84,4,No,No,58,Average
9762,Female,19,6,64,44,0,Yes,Yes,55,Average
9763,Female,20,10,95,68,4,Yes,No,83,Excellent
9764,Male,16,5,83,78,1,Yes,No,68,Good
9765,Female,20,2,93,65,5,Yes,No,60,Average
9766,Female,19,5,50,44,10,No,No,56,Average
9767,Male,20,3,78,91,2,No,No,62,Average
9768,Male,22,9,62,93,2,No,Yes,67,Good
9769,Male,16,9,97,77,1,Yes,Yes,80,Excellent
9770,Male,20,8,56,87,5,Yes,Yes,64,Average
9771,Male,22,4,86,59,1,No,Yes,48,Poor
9772,Male,20,5,52,47,7,No,No,44,Poor
9773,Male,20,4,58,58,9,No,Yes,49,Poor
9774,Male,20,7,94,93,7,Yes,Yes,85,Excellent
9775,Female,16,7,86,95,9,Yes,No,90,Excellent
9776,Male,19,7,59,78,7,No,No,72,Good
9777,Female,16,8,59,47,7,Yes,Yes,58,Average
9778,Female,20,1,95,91,0,No,No,62,Average
9779,Female,17,9,81,100,3,No,No,86,Excellent
9780,Male,17,6,82,94,7,Yes,Yes,72,Good
9781,Female,22,4,73,58,9,Yes,No,65,Good
9782,Male,18,6,76,90,4,No,Yes,64,Average
9783,Female,17,9,57,95,5,No,Yes,71,Good
9784,Female,20,3,64,96,3,Yes,Yes,62,Average
9785,Female,16,9,68,64,10,No,No,65,Good
9786,Male,17,5,99,73,0,Yes,No,74,Good
9787,Male,22,8,88,98,0,No,Yes,78,Good
9788,Female,19,8,94,46,1,No,Yes,70,Good
9789,Male,21,1,79,80,3,No,Yes,52,Average
9790,Male,16,5,53,91,6,Yes,Yes,62,Average
9791,Male,19,3,91,72,1,No,Yes,52,Average
9792,Female,17,1,80,54,6,No,Yes,53,Average
9793,Male,16,10,78,77,6,No,Yes,82,Excellent
9794,Female,19,7,81,46,4,Yes,No,60,Average
9795,Male,21,6,87,71,0,Yes,No,63,Average
9796,Male,16,3,78,44,10,Yes,Yes,60,Average
9797,Female,22,10,78,96,10,Yes,No,86,Excellent
9798,Female,17,2,100,67,7,Yes,No,61,Average
9799,Female,17,7,81,73,6,Yes,No,81,Excellent
9800,Female,16,6,69,74,5,Yes,Yes,58,Average
9801,Male,16,3,97,64,8,No,Yes,71,Good
9802,Female,16,5,67,79,10,No,No,61,Average
9803,Female,20,10,97,93,2,No,Yes,80,Excellent
9804,Female,20,9,64,53,9,Yes,No,68,Good
9805,Male,20,7,67,50,1,No,Yes,48,Poor
9806,Male,21,7,54,40,9,Yes,Yes,66,Good
9807,Female,19,8,70,64,10,No,Yes,68,Good
9808,Female,19,8,64,100,2,No,No,68,Good
9809,Female,21,7,99,68,7,Yes,Yes,72,Good
9810,Female,17,4,71,82,2,No,No,57,Average
9811,Female,16,8,54,84,6,Yes,No,74,Good
9812,Female,18,8,83,85,4,No,Yes,76,Good
9813,Male,18,2,64,45,0,No,No,42,Poor
9814,Male,21,3,89,84,7,Yes,No,71,Good
9815,Male,17,6,76,40,9,Yes,Yes,62,Average
9816,Male,19,9,54,43,6,No,No,50,Average
9817,Female,21,7,63,83,2,No,Yes,62,Average
9818,Male,18,1,71,87,10,No,Yes,56,Average
9819,Female,21,7,50,50,7,No,No,52,Average
9820,Female,22,1,74,97,8,Yes,No,67,Good
9821,Female,21,6,83,70,0,Yes,Yes,56,Average
9822,Male,21,2,52,87,5,No,No,45,Poor
9823,Male,19,8,69,46,5,No,No,62,Average
9824,Female,18,1,90,74,7,No,Yes,61,Average
9825,Male,16,8,71,71,6,No,No,73,Good
9826,Male,22,10,61,46,4,Yes,No,65,Good
9827,Female,22,5,95,97,0,No,Yes,74,Good
9828,Male,18,6,55,77,1,No,Yes,49,Poor
9829,Male,21,3,59,67,10,No,No,62,Average
9830,Male,19,7,58,59,3,No,Yes,62,Average
9831,Male,22,5,83,83,0,No,No,66,Good
9832,Female,18,7,89,49,10,Yes,Yes,71,Good
9833,Male,20,8,98,63,7,No,Yes,72,Good
9834,Female,21,9,80,67,7,Yes,No,77,Good
9835,Male,19,2,84,64,9,No,Yes,57,Average
9836,Male,18,1,84,43,8,No,Yes,57,Average
9837,Male,18,6,90,70,1,No,Yes,70,Good
9838,Female,20,4,55,78,1,Yes,Yes,50,Average
9839,Male,22,10,71,54,5,Yes,Yes,72,Good
9840,Female,17,7,76,65,2,Yes,No,67,Good
9841,Male,19,1,98,79,0,Yes,No,60,Average
9842,Female,16,2,95,47,10,Yes,Yes,55,Average
9843,Male,16,3,100,64,1,No,No,58,Average
9844,Female,19,8,92,96,1,No,Yes,70,Good
9845,Male,18,3,83,74,7,No,No,67,Good
9846,Female,22,10,51,85,10,No,No,72,Good
9847,Female,16,6,95,96,1,No,No,77,Good
9848,Male,16,4,81,49,8,Yes,Yes,56,Average
9849,Female,17,2,69,56,8,No,Yes,56,Average
9850,Female,20,1,61,78,5,No,No,51,Average
9851,Female,18,3,76,62,7,Yes,Yes,62,Average
9852,Male,17,9,94,58,4,Yes,Yes,68,Good
9853,Female,21,2,77,42,9,No,Yes,49,Poor
9854,Male,21,7,55,52,6,Yes,No,54,Average
9855,Male,22,1,63,71,4,Yes,Yes,46,Poor
9856,Female,20,7,89,99,8,No,Yes,75,Good
9857,Female,19,6,78,99,1,No,No,71,Good
9858,Female,17,4,86,83,4,No,No,66,Good
9859,Female,22,10,54,87,4,No,No,79,Good
9860,Female,20,1,87,61,1,Yes,No,44,Poor
9861,Female,19,1,63,92,2,No,No,47,Poor
9862,Female,21,2,53,54,1,No,Yes,30,Poor
9863,Female,22,1,65,54,0,Yes,No,46,Poor
9864,Female,19,7,92,79,6,No,Yes,80,Excellent
9865,Male,16,1,82,43,9,Yes,Yes,59,Average
9866,Female,20,10,96,67,7,Yes,Yes,85,Excellent
9867,Female,18,2,71,94,10,No,Yes,62,Average
9868,Male,17,5,100,76,1,No,Yes,59,Average
9869,Female,17,6,81,80,0,No,Yes,62,Average
9870,Female,22,10,67,55,10,No,No,79,Good
9871,Female,16,7,63,65,8,No,Yes,61,Average
9872,Male,21,4,74,99,9,Yes,No,68,Good
9873,Female,22,6,58,62,6,No,Yes,61,Average
9874,Male,16,7,68,53,3,Yes,No,61,Average
9875,Male,22,7,86,67,5,Yes,No,79,Good
9876,Male,19,9,61,69,2,No,No,62,Average
9877,Male,16,1,87,91,10,Yes,Yes,69,Good
9878,Female,16,8,80,47,5,No,Yes,68,Good
9879,Female,17,2,95,70,4,Yes,Yes,56,Average
9880,Female,17,2,99,84,9,Yes,No,71,Good
9881,Female,16,10,87,71,0,No,Yes,75,Good
9882,Female,16,4,55,41,3,No,No,40,Poor
9883,Female,20,5,56,49,3,Yes,No,53,Average
9884,Female,22,8,69,60,3,No,No,55,Average
9885,Female,18,3,58,63,6,Yes,No,47,Poor
9886,Male,16,4,57,49,1,Yes,No,46,Poor
9887,Male,21,4,84,99,1,No,No,66,Good
9888,Female,17,3,80,85,4,Yes,No,64,Average
9889,Male,18,3,59,63,5,Yes,Yes,59,Average
9890,Male,20,3,90,40,7,No,No,48,Poor
9891,Female,18,9,74,50,9,No,Yes,65,Good
9892,Male,18,4,83,47,2,Yes,No,59,Average
9893,Male,22,5,94,40,0,Yes,No,62,Average
9894,Female,16,8,59,44,5,Yes,No,65,Good
9895,Male,18,1,53,43,5,No,Yes,30,Poor
9896,Male,17,3,95,92,6,No,Yes,69,Good
9897,Male,19,3,69,80,4,No,Yes,55,Average
9898,Male,18,8,77,81,4,No,Yes,69,Good
9899,Male,22,6,62,86,7,No,No,63,Average
9900,Male,21,7,98,68,1,No,No,68,Good
9901,Female,22,6,57,58,5,No,No,50,Average
9902,Female,16,6,71,54,8,No,No,64,Average
9903,Female,20,10,56,86,10,Yes,Yes,81,Excellent
9904,Male,19,5,67,87,9,No,No,66,Good
9905,Male,16,2,64,96,0,Yes,Yes,50,Average
9906,Female,16,7,56,97,10,No,No,69,Good
9907,Male,16,10,79,53,10,Yes,Yes,74,Good
9908,Male,17,2,59,67,5,Yes,Yes,43,Poor
9909,Female,19,5,98,95,9,No,Yes,71,Good
9910,Female,18,9,68,42,4,Yes,Yes,56,Average
9911,Male,19,7,71,73,10,Yes,No,72,Good
9912,Female,19,3,59,96,3,Yes,Yes,64,Average
9913,Male,22,7,86,62,4,No,No,69,Good
9914,Male,16,6,69,73,8,No,Yes,72,Good
9915,Female,17,6,79,78,1,No,Yes,56,Average
9916,Male,19,3,76,78,2,No,Yes,54,Average
9917,Male,16,10,89,81,6,No,Yes,88,Excellent
9918,Female,18,1,81,40,1,Yes,Yes,35,Poor
9919,Female,16,8,73,99,8,Yes,Yes,79,Good
9920,Female,17,5,82,60,9,Yes,Yes,74,Good
9921,Male,20,8,82,92,10,No,Yes,82,Excellent
9922,Male,18,4,84,65,7,No,No,68,Good
9923,Female,21,4,80,96,10,Yes,No,80,Excellent
9924,Male,22,3,85,93,0,Yes,No,70,Good
9925,Male,21,10,86,76,4,No,No,71,Good
9926,Female,17,4,71,70,8,Yes,Yes,61,Average
9927,Female,20,8,52,99,8,Yes,No,69,Good
9928,Female,17,7,59,79,5,Yes,No,68,Good
9929,Female,16,5,84,94,7,No,No,74,Good
9930,Male,20,10,67,47,8,Yes,No,78,Good
9931,Male,20,10,83,98,8,Yes,Yes,87,Excellent
9932,Female,19,10,74,58,4,Yes,No,75,Good
9933,Female,17,6,95,54,9,Yes,Yes,75,Good
9934,Male,17,6,51,97,0,Yes,Yes,68,Good
9935,Female,21,8,76,43,10,Yes,No,77,Good
9936,Male,16,4,65,48,1,No,Yes,49,Poor
9937,Female,16,4,95,95,9,Yes,No,87,Excellent
9938,Male,19,5,64,80,6,Yes,No,73,Good
9939,Male,17,7,58,87,8,Yes,No,74,Good
9940,Male,19,1,94,77,4,No,Yes,66,Good
9941,Male,21,7,93,79,10,No,Yes,78,Good
9942,Male,20,2,99,57,2,No,No,52,Average
9943,Female,19,5,75,91,8,No,Yes,74,Good
9944,Female,19,2,53,97,7,Yes,Yes,66,Good
9945,Female,22,10,66,79,1,No,No,72,Good
9946,Male,20,10,85,72,2,Yes,Yes,82,Excellent
9947,Female,19,1,68,79,1,No,Yes,56,Average
9948,Female,19,3,65,55,3,Yes,Yes,54,Average
9949,Female,17,10,53,42,3,No,Yes,58,Average
9950,Male,22,1,97,82,9,No,Yes,68,Good
9951,Male,17,1,81,59,5,No,Yes,42,Poor
9952,Male,17,6,89,95,2,Yes,No,82,Excellent
9953,Male,22,9,62,77,10,Yes,Yes,82,Excellent
9954,Female,22,1,63,43,7,Yes,No,38,Poor
9955,Male,22,5,59,86,9,No,No,60,Average
9956,Male,21,6,91,91,7,Yes,Yes,78,Good
9957,Female,22,2,93,66,0,Yes,Yes,53,Average
9958,Male,19,4,93,45,1,No,Yes,49,Poor
9959,Female,18,4,53,72,0,No,Yes,44,Poor
9960,Male,22,7,54,69,7,Yes,Yes,72,Good
9961,Male,17,3,64,57,5,No,Yes,45,Poor
9962,Male,21,2,97,70,10,No,Yes,69,Good
9963,Female,22,2,96,57,2,No,No,56,Average
9964,Male,18,8,51,70,6,Yes,Yes,65,Good
9965,Male,19,4,70,43,10,Yes,Yes,58,Average
9966,Male,16,1,74,81,1,Yes,No,47,Poor
9967,Female,21,7,68,60,5,Yes,Yes,56,Average
9968,Female,22,2,94,48,4,No,No,47,Poor
9969,Male,16,10,69,92,6,No,Yes,85,Excellent
9970,Male,20,3,63,87,8,No,Yes,57,Average
9971,Male,17,4,95,64,7,No,Yes,68,Good
9972,Male,22,5,59,62,1,No,Yes,45,Poor
9973,Female,22,6,82,74,1,Yes,Yes,69,Good
9974,Female,22,6,58,56,8,Yes,Yes,68,Good
9975,Male,16,4,50,88,1,No,Yes,60,Average
9976,Male,18,2,56,84,2,Yes,Yes,56,Average
9977,Male,16,10,92,84,10,Yes,No,86,Excellent
9978,Female,21,3,96,76,6,No,No,70,Good
9979,Male,19,9,51,52,4,Yes,Yes,65,Good
9980,Female,21,10,63,84,4,Yes,No,79,Good
9981,Male,18,10,51,74,5,No,No,74,Good
9982,Female,19,8,56,60,5,No,No,68,Good
9983,Male,18,4,59,49,4,No,No,45,Poor
9984,Male,22,9,90,46,5,No,Yes,66,Good
9985,Male,19,4,66,52,0,Yes,No,45,Poor
9986,Male,22,5,82,48,4,Yes,Yes,62,Average
9987,Female,16,8,99,53,8,Yes,Yes,71,Good
9988,Female,17,4,94,80,2,No,No,59,Average
9989,Male,21,3,71,75,9,No,No,59,Average
9990,Male,17,2,98,64,9,No,Yes,71,Good
9991,Male,20,9,73,81,8,No,Yes,83,Excellent
9992,Male,22,5,64,45,9,Yes,No,63,Average
9993,Female,18,7,89,88,8,No,No,81,Excellent
9994,Male,16,2,71,85,4,Yes,Yes,66,Good
9995,Female,20,6,73,70,7,Yes,Yes,61,Average
9996,Male,21,4,76,89,8,Yes,No,70,Good
9997,Female,18,4,84,51,0,Yes,No,60,Average
9998,Male,19,2,60,95,9,No,No,54,Average
9999,Male,18,4,90,40,9,Yes,Yes,68,Good
10000,Female,22,8,62,97,6,No,Yes,67,Good
10001,Female,21,3,81,48,4,No,No,42,Poor
10002,Male,19,5,73,40,7,Yes,No,52,Average
10003,Female,20,3,72,48,6,No,No,52,Average
10004,Male,18,8,76,96,10,Yes,Yes,82,Excellent
10005,Male,16,6,76,93,5,No,No,70,Good
10006,Female,21,5,51,70,4,Yes,Yes,64,Average
10007,Female,17,8,50,70,10,No,Yes,65,Good
10008,Male,20,3,68,50,3,No,No,42,Poor
10009,Male,21,3,84,77,0,Yes,No,53,Average
10010,Male,19,4,81,73,1,Yes,No,68,Good
10011,Female,20,4,87,83,5,No,Yes,66,Good
10012,Male,22,8,94,84,1,Yes,No,70,Good
10013,Female,22,9,66,88,0,No,No,61,Average
10014,Male,22,10,97,96,1,Yes,Yes,93,Excellent
10015,Female,17,4,97,52,5,Yes,No,56,Average
10016,Male,17,4,65,59,4,Yes,No,53,Average
10017,Female,17,4,63,68,10,No,Yes,58,Average
10018,Male,21,9,53,60,8,Yes,No,75,Good
10019,Female,18,9,84,40,5,No,Yes,68,Good
10020,Male,19,8,67,65,4,Yes,Yes,73,Good
10021,Female,16,1,76,55,6,No,No,41,Poor
10022,Male,22,9,80,43,4,Yes,Yes,66,Good
10023,Male,20,3,89,58,10,No,No,67,Good
10024,Female,17,8,81,89,9,Yes,Yes,83,Excellent
10025,Male,22,1,57,55,0,Yes,No,44,Poor
10026,Female,18,10,56,77,1,No,No,58,Average
10027,Male,19,10,93,68,3,Yes,Yes,87,Excellent
10028,Male,21,3,81,87,1,Yes,No,59,Average
10029,Male,18,6,81,73,4,Yes,Yes,67,Good
10030,Female,17,3,54,47,3,No,Yes,45,Poor
10031,Female,22,1,80,40,9,No,Yes,50,Average
10032,Male,17,5,55,99,6,No,No,68,Good
10033,Male,21,7,86,72,10,Yes,Yes,81,Excellent
10034,Male,21,5,50,63,3,No,No,50,Average
10035,Male,22,4,52,83,8,Yes,Yes,68,Good
10036,Male,18,6,75,62,1,Yes,Yes,67,Good
10037,Female,19,8,69,94,10,No,Yes,78,Good
10038,Male,17,6,96,76,9,Yes,No,71,Good
10039,Male,19,2,70,51,2,No,Yes,50,Average
10040,Male,21,3,76,52,8,No,Yes,60,Average
10041,Male,19,9,54,52,8,Yes,No,73,Good
10042,Female,22,8,82,46,0,No,Yes,59,Average
10043,Male,16,4,70,69,10,Yes,No,66,Good
10044,Male,16,2,95,95,3,No,No,69,Good
10045,Female,18,5,68,41,0,No,No,52,Average
10046,Male,17,2,71,50,2,No,Yes,38,Poor
10047,Female,21,8,69,67,5,No,Yes,70,Good
10048,Female,22,4,50,51,10,Yes,Yes,58,Average
10049,Male,22,6,91,50,3,Yes,Yes,64,Average
10050,Male,22,1,91,58,2,Yes,No,58,Average
10051,Male,18,3,83,100,4,No,Yes,60,Average
10052,Male,19,8,58,58,5,Yes,Yes,59,Average
10053,Male,22,1,83,60,8,No,No,49,Poor
10054,Female,20,4,60,64,9,No,No,60,Average
10055,Female,17,2,51,48,9,Yes,Yes,39,Poor
10056,Female,19,6,83,53,10,No,No,61,Average
10057,Male,20,7,58,40,8,Yes,No,65,Good
10058,Female,18,9,63,51,9,No,Yes,73,Good
10059,Male,17,7,82,79,0,Yes,No,72,Good
10060,Male,16,8,80,62,4,No,No,60,Average
10061,Male,21,2,76,96,10,Yes,No,76,Good
10062,Male,19,7,69,86,0,No,Yes,59,Average
10063,Female,16,1,63,76,0,Yes,No,40,Poor
10064,Female,19,7,71,79,5,No,No,60,Average
10065,Male,16,4,81,50,1,Yes,Yes,54,Average
10066,Female,20,1,83,81,4,Yes,No,51,Average
10067,Male,19,3,53,91,8,No,Yes,60,Average
10068,Female,17,3,56,63,6,Yes,No,50,Average
10069,Male,19,9,59,80,5,Yes,Yes,80,Excellent
10070,Female,18,5,80,59,3,Yes,No,62,Average
10071,Female,18,6,65,90,8,Yes,No,64,Average
10072,Female,18,5,54,52,9,Yes,No,56,Average
10073,Male,17,3,86,71,9,Yes,Yes,64,Average
10074,Male,17,2,99,49,3,No,Yes,51,Average
10075,Female,21,3,83,72,8,No,Yes,59,Average
10076,Male,16,1,90,62,2,Yes,No,48,Poor
10077,Female,22,9,68,46,0,No,No,64,Average
10078,Female,18,4,58,55,8,No,Yes,59,Average
10079,Female,17,7,96,58,2,Yes,No,71,Good
10080,Female,17,3,82,86,10,Yes,No,70,Good
10081,Female,20,2,78,87,4,Yes,Yes,54,Average
10082,Female,20,2,87,45,8,Yes,Yes,63,Average
10083,Male,18,6,94,48,7,No,Yes,72,Good
10084,Female,16,5,57,98,0,Yes,Yes,61,Average
10085,Male,22,3,85,64,4,Yes,Yes,63,Average
10086,Female,19,8,91,43,3,Yes,Yes,65,Good
10087,Male,21,5,87,41,3,No,No,60,Average
10088,Male,19,9,83,78,7,Yes,Yes,75,Good
10089,Female,16,1,55,74,5,No,No,38,Poor
10090,Male,22,8,98,56,4,No,Yes,69,Good
10091,Female,21,8,56,70,4,No,No,54,Average
10092,Female,20,3,65,49,8,No,Yes,49,Poor
10093,Male,17,7,59,52,0,No,No,55,Average
10094,Male,22,1,94,94,7,Yes,No,74,Good
10095,Female,16,9,95,63,8,No,Yes,73,Good
10096,Female,17,6,64,78,5,No,Yes,63,Average
10097,Female,18,3,58,56,3,No,Yes,43,Poor
10098,Female,17,7,98,89,9,Yes,No,85,Excellent
10099,Female,18,5,85,53,0,No,Yes,46,Poor
10100,Male,18,6,91,95,8,No,Yes,73,Good
10101,Female,21,8,81,90,2,No,No,75,Good
10102,Female,19,9,51,90,7,Yes,No,77,Good
10103,Female,22,2,51,69,1,No,Yes,47,Poor
10104,Male,18,1,61,67,4,No,Yes,41,Poor
10105,Male,16,5,76,83,4,Yes,Yes,63,Average
10106,Female,19,7,72,71,9,No,No,75,Good
10107,Female,20,2,94,53,4,Yes,No,56,Average
10108,Female,22,8,97,64,2,Yes,No,77,Good
10109,Female,21,4,78,75,6,Yes,Yes,57,Average
10110,Female,18,10,81,71,6,No,No,70,Good
10111,Male,20,6,51,65,10,Yes,No,57,Average
10112,Female,16,6,92,63,6,No,Yes,64,Average
10113,Male,21,9,57,80,3,No,Yes,67,Good
10114,Female,22,5,77,70,7,Yes,Yes,66,Good
10115,Male,22,1,59,80,7,No,Yes,55,Average
10116,Male,22,2,66,98,1,Yes,No,51,Average
10117,Male,21,10,78,73,5,Yes,No,72,Good
10118,Female,16,2,54,89,9,Yes,No,67,Good
10119,Female,17,7,84,60,2,Yes,No,67,Good
10120,Female,19,2,57,61,5,No,No,43,Poor
10121,Male,16,1,83,47,1,Yes,No,42,Poor
10122,Female,17,5,51,82,7,No,No,66,Good
10123,Male,21,2,89,74,6,No,No,63,Average
10124,Female,17,9,62,69,3,Yes,Yes,61,Average
10125,Female,22,5,78,65,0,Yes,Yes,51,Average
10126,Female,19,8,62,81,5,Yes,Yes,76,Good
10127,Male,16,5,69,45,2,No,No,56,Average
10128,Female,17,8,98,48,0,Yes,No,64,Average
10129,Female,16,3,50,79,8,No,No,56,Average
10130,Female,21,7,81,95,0,Yes,No,80,Excellent
10131,Male,21,9,79,42,1,Yes,Yes,69,Good
10132,Male,17,5,56,99,1,No,Yes,65,Good
10133,Male,16,2,50,73,3,Yes,Yes,51,Average
10134,Female,18,3,100,68,8,Yes,Yes,71,Good
10135,Male,16,9,84,66,3,No,Yes,74,Good
10136,Female,22,9,69,91,1,No,No,78,Good
10137,Male,19,10,51,86,5,No,Yes,70,Good
10138,Female,21,2,99,74,3,No,No,65,Good
10139,Female,17,9,88,54,3,No,No,64,Average
10140,Male,16,10,72,45,7,No,Yes,62,Average
10141,Female,19,9,74,79,8,No,No,84,Excellent
10142,Female,21,10,74,96,7,Yes,No,89,Excellent
10143,Female,20,9,52,86,8,No,No,77,Good
10144,Female,17,2,74,94,3,No,No,62,Average
10145,Female,22,9,51,47,0,No,Yes,46,Poor
10146,Male,22,3,92,87,6,No,Yes,59,Average
10147,Male,17,1,73,74,3,No,No,57,Average
10148,Male,21,9,64,62,2,No,Yes,68,Good
10149,Male,21,9,61,68,6,Yes,No,76,Good
10150,Female,19,3,73,40,9,Yes,No,50,Average
10151,Male,16,2,89,100,8,Yes,No,78,Good
10152,Male,22,7,91,76,9,Yes,Yes,79,Good
10153,Male,21,4,77,71,3,No,No,57,Average
10154,Male,16,10,96,70,3,Yes,Yes,75,Good
10155,Male,16,3,79,50,2,Yes,No,50,Average
10156,Female,19,5,92,83,10,Yes,Yes,74,Good
10157,Female,17,4,67,98,0,No,No,58,Average
10158,Male,18,7,87,51,3,Yes,No,70,Good
10159,Male,18,3,87,86,9,No,No,67,Good
10160,Male,22,8,67,48,10,No,No,62,Average
10161,Male,20,10,55,51,2,Yes,Yes,59,Average
10162,Male,21,8,53,80,10,No,Yes,68,Good
10163,Male,18,2,79,82,3,Yes,No,54,Average
10164,Female,17,10,63,52,8,Yes,No,72,Good
10165,Female,21,10,78,62,1,No,Yes,67,Good
10166,Male,20,10,78,49,5,Yes,No,77,Good
10167,Male,17,3,58,95,10,Yes,No,58,Average
10168,Male,17,2,65,59,6,No,No,47,Poor
10169,Male,21,2,71,83,3,Yes,No,56,Average
10170,Male,21,3,92,67,5,Yes,Yes,58,Average
10171,Female,20,2,82,59,10,Yes,No,61,Average
10172,Female,20,1,65,95,10,Yes,Yes,68,Good
10173,Male,22,10,87,44,10,Yes,No,82,Excellent
10174,Female,19,1,74,62,6,Yes,Yes,47,Poor
10175,Female,22,5,80,48,6,No,Yes,55,Average
10176,Female,22,1,77,74,8,No,No,52,Average
10177,Male,22,6,90,52,8,No,No,73,Good
10178,Male,19,4,96,59,10,Yes,Yes,62,Average
10179,Male,16,7,88,72,2,Yes,No,74,Good
10180,Female,21,5,58,83,10,Yes,No,73,Good
10181,Female,20,1,79,54,5,Yes,No,56,Average
10182,Male,19,6,61,79,10,Yes,No,69,Good
10183,Male,22,4,75,47,0,Yes,No,55,Average
10184,Male,22,6,56,40,0,Yes,No,39,Poor
10185,Male,20,9,97,70,2,No,No,80,Excellent
10186,Female,19,2,76,97,7,No,Yes,56,Average
10187,Female,20,4,98,86,5,No,Yes,73,Good
10188,Female,21,3,65,77,7,No,Yes,57,Average
10189,Female,18,3,91,60,8,Yes,No,71,Good
10190,Female,19,6,55,76,8,No,No,65,Good
10191,Female,17,2,100,65,0,Yes,Yes,66,Good
10192,Male,21,9,86,70,8,No,Yes,84,Excellent
10193,Male,19,4,94,85,5,Yes,Yes,80,Excellent
10194,Male,21,9,60,95,3,Yes,No,73,Good
10195,Male,21,3,72,49,0,Yes,Yes,55,Average
10196,Female,18,3,92,66,9,Yes,No,64,Average
10197,Female,17,5,74,71,10,Yes,No,77,Good
10198,Male,21,1,98,67,1,No,Yes,52,Average
10199,Female,21,3,57,69,8,Yes,No,53,Average
10200,Male,19,7,89,72,7,No,Yes,70,Good
10201,Male,22,4,83,99,4,No,No,73,Good
10202,Male,16,8,86,86,5,No,No,83,Excellent
10203,Male,21,2,78,89,0,No,No,56,Average
10204,Male,18,4,74,47,4,No,Yes,48,Poor
10205,Male,22,4,59,46,10,Yes,No,62,Average
10206,Male,18,10,56,98,5,No,Yes,68,Good
10207,Female,19,3,77,43,7,No,No,44,Poor
10208,Female,18,1,91,93,6,No,Yes,57,Average
10209,Male,20,5,68,62,1,Yes,Yes,62,Average
10210,Female,20,5,100,50,8,Yes,Yes,74,Good
10211,Female,22,5,88,70,2,No,Yes,58,Average
10212,Male,22,10,70,71,4,No,Yes,70,Good
10213,Male,19,6,87,77,3,Yes,No,73,Good
10214,Female,22,4,85,74,1,No,Yes,63,Average
10215,Female,19,8,99,62,6,Yes,Yes,78,Good
10216,Female,19,9,52,70,2,No,No,67,Good
10217,Female,22,2,62,45,5,No,No,40,Poor
10218,Male,19,7,59,46,3,No,Yes,57,Average
10219,Female,20,5,95,77,4,No,No,65,Good
10220,Female,17,5,72,60,10,No,No,69,Good
10221,Female,16,2,89,58,8,Yes,Yes,59,Average
10222,Female,22,4,89,76,6,Yes,Yes,70,Good
10223,Female,19,2,73,83,9,No,No,55,Average
10224,Male,21,5,71,79,5,No,Yes,62,Average
10225,Male,20,8,79,92,4,Yes,No,73,Good
10226,Male,19,5,51,60,3,No,Yes,48,Poor
10227,Female,17,8,75,77,7,Yes,Yes,78,Good
10228,Female,17,2,82,67,4,No,Yes,50,Average
10229,Female,16,7,89,44,7,No,Yes,64,Average
10230,Female,21,3,60,68,9,Yes,Yes,61,Average
10231,Male,22,5,81,43,0,No,No,49,Poor
10232,Female,21,3,86,66,10,Yes,Yes,69,Good
10233,Female,21,4,64,98,6,No,Yes,71,Good
10234,Male,17,9,60,68,1,Yes,Yes,70,Good
10235,Female,16,1,96,76,6,No,Yes,63,Average
10236,Male,16,8,81,89,4,Yes,No,86,Excellent
10237,Female,16,5,63,50,8,Yes,Yes,63,Average
10238,Female,17,2,98,69,7,No,Yes,69,Good
10239,Male,17,8,84,83,8,No,Yes,78,Good
10240,Female,19,6,82,90,1,No,Yes,72,Good
10241,Male,22,1,96,61,8,Yes,No,59,Average
10242,Male,19,5,78,43,5,No,No,56,Average
10243,Female,21,5,52,70,10,Yes,Yes,63,Average
10244,Male,19,9,82,83,9,Yes,Yes,80,Excellent
10245,Female,21,8,55,93,0,Yes,Yes,62,Average
10246,Male,16,4,62,56,9,No,No,57,Average
10247,Female,17,7,78,89,8,Yes,No,87,Excellent
10248,Male,18,5,87,42,10,No,No,69,Good
10249,Female,17,9,93,91,2,Yes,Yes,78,Good
10250,Male,22,8,99,85,6,No,No,83,Excellent
10251,Female,17,6,74,64,3,Yes,Yes,59,Average
10252,Female,16,7,93,96,10,No,No,90,Excellent
10253,Female,17,1,84,92,4,Yes,No,55,Average
10254,Male,22,8,52,80,2,Yes,No,59,Average
10255,Male,21,5,77,90,3,No,Yes,62,Average
10256,Male,16,6,69,64,1,Yes,Yes,59,Average
10257,Male,21,3,90,51,8,No,No,56,Average
10258,Female,21,10,66,86,1,No,Yes,77,Good
10259,Male,21,2,57,74,5,Yes,Yes,44,Poor
10260,Female,21,4,55,60,10,Yes,Yes,50,Average
10261,Female,16,3,69,99,9,Yes,Yes,65,Good
10262,Male,21,4,70,86,9,No,Yes,58,Average
10263,Female,19,6,80,49,7,Yes,Yes,59,Average
10264,Female,21,6,85,59,5,No,Yes,60,Average
10265,Male,22,6,68,87,0,No,Yes,66,Good
10266,Female,19,6,77,72,1,No,No,53,Average
10267,Male,21,3,56,68,7,Yes,No,51,Average
10268,Male,20,3,64,86,10,No,No,70,Good
10269,Female,20,5,67,66,1,No,Yes,49,Poor
10270,Female,18,4,51,82,7,No,No,63,Average
10271,Female,21,1,50,46,10,No,No,46,Poor
10272,Female,20,10,97,63,3,No,No,68,Good
10273,Female,16,3,67,97,0,No,No,61,Average
10274,Male,21,3,51,89,10,No,No,56,Average
10275,Male,21,5,98,69,1,Yes,Yes,75,Good
10276,Female,22,5,90,93,3,No,Yes,63,Average
10277,Male,21,6,91,73,2,No,Yes,70,Good
10278,Male,16,8,70,43,7,No,No,57,Average
10279,Female,22,2,79,72,0,No,No,57,Average
10280,Female,22,5,82,44,8,Yes,Yes,55,Average
10281,Male,17,7,82,100,4,Yes,No,78,Good
10282,Female,19,2,85,94,9,Yes,Yes,73,Good
10283,Male,20,7,73,69,2,No,Yes,69,Good
10284,Female,21,9,100,97,4,Yes,No,95,Excellent
10285,Female,17,4,82,42,2,No,No,42,Poor
10286,Female,19,2,85,67,7,No,Yes,63,Average
10287,Male,16,9,57,56,6,Yes,No,59,Average
10288,Male,20,4,77,97,3,Yes,Yes,76,Good
10289,Female,21,3,88,68,9,Yes,Yes,64,Average
10290,Female,19,3,97,92,0,No,No,63,Average
10291,Female,19,8,72,44,9,No,No,62,Average
10292,Male,22,7,79,41,3,Yes,No,60,Average
10293,Female,18,4,84,55,9,No,No,53,Average
10294,Male,17,1,85,99,10,Yes,Yes,75,Good
10295,Male,16,5,77,93,7,Yes,No,68,Good
10296,Male,21,9,93,75,8,Yes,No,77,Good
10297,Male,17,3,68,86,8,Yes,Yes,69,Good
10298,Female,18,4,78,57,5,No,No,60,Average
10299,Female,22,4,86,95,4,Yes,Yes,67,Good
10300,Female,18,9,100,94,4,Yes,No,94,Excellent
10301,Male,20,5,78,78,2,Yes,No,57,Average
10302,Female,20,3,66,81,6,No,No,60,Average
10303,Male,22,10,90,64,3,Yes,No,72,Good
10304,Female,20,4,70,47,7,Yes,No,50,Average
10305,Female,18,1,83,91,1,No,Yes,54,Average
10306,Female,19,2,63,60,2,No,Yes,39,Poor
10307,Female,20,5,71,55,8,No,No,60,Average
10308,Female,17,8,58,57,4,No,No,56,Average
10309,Male,21,10,94,87,2,Yes,Yes,85,Excellent
10310,Female,20,3,62,70,9,Yes,No,63,Average
10311,Female,21,6,50,64,6,Yes,Yes,52,Average
10312,Female,18,6,83,99,6,No,Yes,70,Good
10313,Female,16,4,70,63,5,Yes,Yes,51,Average
10314,Male,19,1,72,67,10,No,No,51,Average
10315,Male,17,7,51,42,8,No,Yes,46,Poor
10316,Male,21,7,65,86,9,Yes,No,83,Excellent
10317,Female,22,4,77,77,1,Yes,No,68,Good
10318,Female,17,2,86,46,6,Yes,Yes,49,Poor
10319,Male,18,2,76,74,0,Yes,No,60,Average
10320,Female,16,6,62,61,7,Yes,Yes,60,Average
10321,Female,20,8,55,71,0,Yes,Yes,54,Average
10322,Female,18,6,50,81,1,No,Yes,48,Poor
10323,Female,17,10,88,89,4,Yes,Yes,81,Excellent
10324,Male,18,5,62,81,3,No,Yes,56,Average
10325,Female,21,2,61,83,4,Yes,Yes,51,Average
10326,Male,20,4,65,84,0,Yes,No,52,Average
10327,Female,17,3,81,97,6,Yes,No,77,Good
10328,Male,18,8,91,95,3,Yes,Yes,77,Good
10329,Female,22,8,90,86,8,Yes,No,89,Excellent
10330,Male,19,9,69,61,3,Yes,No,66,Good
10331,Male,18,8,82,59,3,No,Yes,59,Average
10332,Male,20,1,62,52,6,Yes,Yes,50,Average
10333,Male,19,6,51,66,0,No,Yes,49,Poor
10334,Female,21,6,56,97,1,No,Yes,69,Good
10335,Female,22,6,93,98,7,Yes,No,79,Good
10336,Male,22,4,50,55,4,Yes,No,40,Poor
10337,Male,19,4,61,99,2,No,Yes,66,Good
10338,Male,21,9,79,41,2,Yes,No,56,Average
10339,Female,20,8,71,45,1,Yes,Yes,58,Average
10340,Female,16,10,99,90,9,No,No,96,Excellent
10341,Male,22,9,86,98,5,No,No,86,Excellent
10342,Female,22,8,54,53,0,Yes,Yes,51,Average
10343,Male,18,3,96,50,1,Yes,No,53,Average
10344,Female,17,2,99,55,3,Yes,Yes,50,Average
10345,Male,21,3,89,61,6,Yes,Yes,54,Average
10346,Male,20,4,93,40,9,No,No,56,Average
10347,Male,17,1,99,68,5,Yes,Yes,53,Average
10348,Female,18,6,75,78,3,Yes,No,59,Average
10349,Female,21,3,64,92,10,Yes,No,66,Good
10350,Female,18,5,64,71,3,Yes,No,58,Average
10351,Male,20,7,58,100,7,No,Yes,64,Average
10352,Female,21,10,81,64,3,Yes,No,70,Good
10353,Male,21,4,88,68,6,No,No,57,Average
10354,Female,20,2,67,49,0,Yes,No,46,Poor
10355,Male,20,5,54,90,4,Yes,Yes,64,Average
10356,Female,16,4,87,73,8,No,No,63,Average
10357,Female,17,4,96,98,7,Yes,No,75,Good
10358,Male,16,9,94,80,8,No,No,82,Excellent
10359,Male,17,9,99,61,2,Yes,Yes,68,Good
10360,Female,22,5,91,45,6,No,No,53,Average
10361,Male,18,10,75,56,8,No,Yes,70,Good
10362,Female,16,9,79,40,3,No,Yes,69,Good
10363,Male,17,4,92,94,5,No,Yes,67,Good
10364,Female,19,10,84,84,0,No,Yes,74,Good
10365,Female,21,7,63,83,6,Yes,Yes,70,Good
10366,Female,19,3,77,61,5,No,Yes,57,Average
10367,Female,21,8,58,92,3,No,No,62,Average
10368,Female,17,8,67,100,8,No,No,75,Good
10369,Female,16,6,87,78,4,No,No,64,Average
10370,Female,17,6,64,65,0,No,No,55,Average
10371,Male,21,1,77,86,7,No,Yes,52,Average
10372,Female,19,1,59,80,8,No,Yes,44,Poor
10373,Male,22,2,56,41,6,No,Yes,36,Poor
10374,Male,17,6,93,88,8,No,Yes,70,Good
10375,Female,18,9,69,74,10,No,No,77,Good
10376,Female,16,2,61,57,2,Yes,No,38,Poor
10377,Male,22,10,55,55,8,Yes,Yes,76,Good
10378,Female,21,10,70,92,2,Yes,No,84,Excellent
10379,Female,20,3,63,91,10,No,No,66,Good
10380,Female,21,8,76,85,5,No,No,72,Good
10381,Male,20,8,91,82,8,No,No,86,Excellent
10382,Male,22,2,99,73,9,No,Yes,67,Good
10383,Female,20,8,51,99,6,Yes,Yes,81,Excellent
10384,Female,18,8,59,85,6,No,Yes,66,Good
10385,Female,21,9,57,54,6,Yes,No,64,Average
10386,Male,18,1,80,84,6,Yes,Yes,58,Average
10387,Female,22,1,80,59,10,No,No,51,Average
10388,Male,16,4,99,49,4,No,Yes,54,Average
10389,Male,21,2,68,82,10,Yes,No,60,Average
10390,Female,22,6,83,49,5,No,No,55,Average
10391,Female,17,5,63,74,2,No,Yes,49,Poor
10392,Male,21,10,99,77,2,Yes,No,77,Good
10393,Male,17,5,94,89,1,No,No,64,Average
10394,Female,18,10,68,49,8,Yes,No,67,Good
10395,Female,16,7,50,68,7,Yes,No,70,Good
10396,Male,18,3,64,65,9,Yes,No,51,Average
10397,Female,22,3,69,51,2,Yes,No,42,Poor
10398,Male,21,8,87,85,2,Yes,Yes,83,Excellent
10399,Male,16,6,60,58,5,No,Yes,47,Poor
10400,Male,17,8,57,70,2,Yes,No,55,Average
10401,Female,19,1,91,97,9,No,Yes,62,Average
10402,Female,17,2,55,88,9,No,Yes,64,Average
10403,Female,21,3,72,97,10,No,Yes,71,Good
10404,Male,17,7,85,74,6,No,No,73,Good
10405,Female,18,6,74,76,6,Yes,No,66,Good
10406,Male,17,7,98,80,10,No,No,78,Good
10407,Female,20,8,54,91,1,Yes,No,66,Good
10408,Male,22,5,62,47,3,Yes,Yes,45,Poor
10409,Female,21,8,97,43,6,No,No,69,Good
10410,Male,20,4,86,87,10,Yes,No,82,Excellent
10411,Female,16,4,52,86,3,Yes,No,52,Average
10412,Female,16,9,71,85,0,Yes,No,76,Good
10413,Female,16,7,66,58,0,Yes,Yes,60,Average
10414,Male,19,7,95,81,1,No,Yes,75,Good
10415,Female,19,1,52,62,4,Yes,No,42,Poor
10416,Female,19,5,52,92,8,No,Yes,70,Good
10417,Male,18,5,68,44,3,Yes,No,49,Poor
10418,Male,22,6,71,49,6,Yes,No,58,Average
10419,Male,20,1,74,88,1,No,No,60,Average
10420,Male,18,4,84,84,1,Yes,Yes,68,Good
10421,Female,16,1,70,100,9,No,Yes,68,Good
10422,Female,16,5,50,82,4,No,No,51,Average
10423,Male,20,1,80,100,3,Yes,Yes,58,Average
10424,Male,20,3,53,42,9,Yes,Yes,48,Poor
10425,Male,16,7,85,62,0,No,No,60,Average
10426,Male,21,7,66,97,6,Yes,No,70,Good
10427,Male,20,7,52,54,3,Yes,Yes,53,Average
10428,Male,17,4,73,53,7,No,No,62,Average
10429,Female,19,1,71,79,2,No,Yes,44,Poor
10430,Female,17,1,76,79,6,No,No,62,Average
10431,Male,19,8,84,98,8,No,Yes,81,Excellent
10432,Male,20,5,82,53,9,No,Yes,54,Average
10433,Female,19,7,63,48,9,No,No,68,Good
10434,Male,18,8,69,72,9,Yes,No,80,Excellent
10435,Male,19,2,86,84,7,No,Yes,55,Average
10436,Male,20,2,96,96,4,Yes,No,68,Good
10437,Male,16,6,63,44,5,Yes,Yes,58,Average
10438,Female,18,4,69,84,8,No,No,61,Average
10439,Female,18,7,54,57,1,No,No,50,Average
10440,Female,19,1,56,89,8,Yes,Yes,60,Average
10441,Male,21,10,82,47,6,No,Yes,73,Good
10442,Female,18,7,98,92,9,Yes,No,80,Excellent
10443,Male,22,3,70,76,9,Yes,No,55,Average
10444,Male,20,4,86,90,5,Yes,No,70,Good
10445,Male,18,5,100,63,7,No,Yes,69,Good
10446,Female,18,10,72,80,1,Yes,Yes,79,Good
10447,Female,17,10,98,85,3,Yes,Yes,79,Good
10448,Male,17,9,74,75,5,Yes,Yes,68,Good
10449,Male,21,8,64,61,9,Yes,Yes,68,Good
10450,Female,21,6,79,41,10,No,No,55,Average
10451,Female,20,3,59,57,3,Yes,Yes,50,Average
10452,Female,20,9,85,63,5,No,Yes,71,Good
10453,Male,18,3,90,65,0,No,No,47,Poor
10454,Female,21,7,60,88,5,Yes,No,69,Good
10455,Female,17,10,73,100,9,No,No,81,Excellent
10456,Male,17,1,80,43,3,No,No,50,Average
10457,Female,19,4,74,54,0,Yes,No,48,Poor
10458,Female,19,4,79,58,8,Yes,Yes,63,Average
10459,Female,20,8,84,77,0,No,Yes,63,Average
10460,Female,18,1,86,41,0,Yes,No,46,Poor
10461,Male,20,3,70,95,7,Yes,Yes,65,Good
10462,Male,17,3,51,54,7,Yes,No,50,Average
10463,Female,22,6,90,54,3,No,Yes,56,Average
10464,Male,18,8,84,86,5,Yes,No,72,Good
10465,Female,17,8,54,79,8,No,No,76,Good
10466,Female,16,1,58,85,1,No,No,48,Poor
10467,Male,20,2,86,91,10,Yes,Yes,68,Good
10468,Male,22,7,54,62,2,No,Yes,48,Poor
10469,Female,19,8,88,99,8,No,No,76,Good
10470,Male,19,1,50,95,6,Yes,Yes,57,Average
10471,Male,16,8,81,61,9,Yes,No,76,Good
10472,Female,20,3,62,94,9,Yes,No,58,Average
10473,Male,21,5,81,41,7,Yes,No,64,Average
10474,Male,21,6,81,79,6,No,Yes,76,Good
10475,Male,20,9,65,44,1,Yes,No,67,Good
10476,Female,17,2,82,85,9,No,Yes,59,Average
10477,Female,17,5,93,56,4,No,Yes,65,Good
10478,Female,16,4,81,40,3,No,Yes,50,Average
10479,Female,20,6,64,47,5,Yes,Yes,62,Average
10480,Female,17,10,65,100,9,Yes,Yes,90,Excellent
10481,Male,18,6,87,57,8,Yes,No,65,Good
10482,Female,20,6,58,87,7,No,No,58,Average
10483,Male,17,6,53,93,9,Yes,Yes,70,Good
10484,Female,17,1,76,89,8,Yes,Yes,55,Average
10485,Female,17,9,68,61,2,Yes,Yes,66,Good
10486,Female,20,6,78,99,5,Yes,Yes,72,Good
10487,Female,19,2,52,53,8,Yes,Yes,42,Poor
10488,Male,17,1,98,60,0,Yes,No,55,Average
10489,Male,17,1,86,88,10,No,Yes,66,Good
10490,Female,22,7,68,81,9,No,No,63,Average
10491,Female,16,4,68,61,6,Yes,Yes,61,Average
10492,Male,18,3,81,97,4,Yes,Yes,72,Good
10493,Female,20,6,98,71,5,No,Yes,63,Average
10494,Male,18,5,86,43,6,No,No,64,Average
10495,Male,20,3,69,43,10,No,No,55,Average
10496,Female,22,2,83,95,7,Yes,Yes,74,Good
10497,Male,20,9,88,91,0,Yes,No,73,Good
10498,Female,17,1,62,47,5,No,No,46,Poor
10499,Female,22,6,61,47,6,Yes,No,53,Average
10500,Female,21,5,69,89,5,Yes,No,73,Good
10501,Male,18,8,83,97,8,Yes,No,88,Excellent
10502,Male,20,9,87,69,7,No,Yes,77,Good
10503,Male,18,9,51,71,4,Yes,Yes,61,Average
10504,Male,16,4,99,70,3,No,Yes,56,Average
10505,Male,18,6,61,99,3,Yes,Yes,65,Good
10506,Male,22,5,58,80,0,No,Yes,61,Average
10507,Female,21,10,70,54,8,No,Yes,62,Average
10508,Female,16,9,69,66,6,Yes,Yes,71,Good
10509,Male,16,5,88,43,10,Yes,Yes,64,Average
10510,Male,17,10,62,96,6,Yes,No,88,Excellent
10511,Female,21,1,93,68,3,Yes,Yes,60,Average
10512,Female,19,7,93,51,3,No,No,60,Average
10513,Male,17,1,100,46,6,Yes,Yes,53,Average
10514,Male,22,4,83,68,9,No,Yes,68,Good
10515,Female,21,5,50,86,5,No,No,61,Average
10516,Male,16,6,98,82,6,Yes,Yes,75,Good
10517,Female,21,9,54,50,8,Yes,Yes,59,Average
10518,Male,19,1,55,76,8,Yes,No,59,Average
10519,Female,19,10,71,65,7,No,No,77,Good
10520,Female,16,3,55,85,7,No,No,56,Average
10521,Female,16,6,74,63,7,No,Yes,70,Good
10522,Male,22,10,83,51,4,Yes,Yes,68,Good
10523,Female,20,1,100,46,2,No,No,56,Average
10524,Female,21,5,70,68,3,No,Yes,61,Average
10525,Male,16,8,56,84,4,Yes,Yes,64,Average
10526,Female,18,7,96,63,2,No,No,60,Average
10527,Male,18,7,66,60,4,Yes,Yes,59,Average
10528,Female,17,9,61,67,5,Yes,Yes,69,Good
10529,Male,17,10,87,48,6,Yes,Yes,80,Excellent
10530,Male,21,1,88,62,1,Yes,Yes,46,Poor
10531,Male,22,3,59,68,6,Yes,No,55,Average
10532,Male,18,2,55,98,8,No,No,56,Average
10533,Male,17,2,85,61,8,Yes,Yes,58,Average
10534,Female,20,8,72,71,0,Yes,No,58,Average
10535,Female,22,2,96,95,8,Yes,No,76,Good
10536,Male,17,7,59,80,7,No,Yes,72,Good
10537,Female,16,8,96,75,5,Yes,No,84,Excellent
10538,Female,17,9,66,81,6,No,Yes,69,Good
10539,Female,16,8,94,99,10,No,No,84,Excellent
10540,Male,21,5,60,82,9,Yes,Yes,66,Good
10541,Male,19,2,52,48,8,Yes,Yes,41,Poor
10542,Female,19,1,69,41,4,No,No,38,Poor
10543,Male,18,9,53,63,2,Yes,No,54,Average
10544,Male,16,8,65,76,7,Yes,Yes,77,Good
10545,Female,16,7,58,77,5,Yes,Yes,72,Good
10546,Male,16,10,75,82,7,No,No,79,Good
10547,Female,21,7,74,93,0,No,No,70,Good
10548,Female,22,5,67,82,2,No,No,52,Average
10549,Male,21,10,97,72,8,No,No,87,Excellent
10550,Female,20,7,85,87,4,No,Yes,70,Good
10551,Male,18,3,81,97,6,No,No,66,Good
10552,Male,18,6,61,60,4,Yes,No,56,Average
10553,Female,16,2,59,64,8,Yes,No,61,Average
10554,Female,16,7,63,59,5,No,No,66,Good
10555,Male,16,1,68,63,10,No,Yes,57,Average
10556,Female,18,3,69,51,3,No,Yes,54,Average
10557,Male,16,1,71,48,5,Yes,Yes,50,Average
10558,Male,19,3,70,74,6,Yes,Yes,55,Average
10559,Male,21,5,50,85,8,No,No,61,Average
10560,Male,19,2,72,80,4,No,Yes,52,Average
10561,Male,22,7,58,70,5,No,Yes,60,Average
10562,Male,16,1,76,46,1,Yes,No,46,Poor
10563,Male,20,8,99,58,8,Yes,Yes,76,Good
10564,Male,21,6,60,55,5,No,No,60,Average
10565,Female,22,9,63,82,10,No,No,69,Good
10566,Female,18,10,54,65,9,Yes,No,75,Good
10567,Female,19,2,62,90,9,No,Yes,61,Average
10568,Female,21,6,98,47,10,Yes,No,68,Good
10569,Male,22,3,70,75,4,No,No,63,Average
10570,Female,17,4,100,91,5,No,Yes,78,Good
10571,Female,20,6,62,72,4,No,Yes,67,Good
10572,Male,21,8,79,49,7,No,Yes,73,Good
10573,Female,20,3,81,69,1,No,Yes,46,Poor
10574,Male,22,7,66,43,8,No,Yes,65,Good
10575,Female,19,2,82,73,5,No,No,52,Average
10576,Male,18,3,57,64,4,Yes,Yes,45,Poor
10577,Male,21,9,53,73,2,No,No,64,Average
10578,Male,16,2,91,48,1,No,No,53,Average
10579,Female,17,4,85,46,7,No,Yes,62,Average
10580,Female,20,1,56,69,7,Yes,No,43,Poor
10581,Male,17,4,79,43,10,Yes,Yes,64,Average
10582,Male,20,10,83,91,6,No,Yes,83,Excellent
10583,Female,19,5,77,51,9,No,Yes,63,Average
10584,Female,21,6,61,44,9,Yes,Yes,62,Average
10585,Female,16,3,70,74,4,Yes,No,65,Good
10586,Female,22,1,82,82,3,Yes,No,57,Average
10587,Female,18,7,53,40,7,No,No,45,Poor
10588,Female,22,7,83,62,6,No,No,63,Average
10589,Female,22,6,86,54,3,No,No,62,Average
10590,Female,19,9,53,40,2,Yes,Yes,61,Average
10591,Female,18,7,73,52,1,No,No,58,Average
10592,Male,17,8,66,48,3,Yes,No,55,Average
10593,Female,20,4,68,92,3,No,Yes,60,Average
10594,Female,18,3,75,95,9,No,No,74,Good
10595,Female,17,10,54,64,10,Yes,Yes,73,Good
10596,Male,20,10,64,55,2,No,No,67,Good
10597,Male,19,4,89,72,4,Yes,Yes,71,Good
10598,Male,22,3,71,47,2,No,No,46,Poor
10599,Female,22,6,100,53,2,No,No,56,Average
10600,Female,22,4,88,72,1,Yes,No,65,Good
10601,Male,17,1,99,65,0,Yes,No,48,Poor
10602,Female,21,8,85,76,4,Yes,No,67,Good
10603,Female,16,8,79,51,3,Yes,Yes,71,Good
10604,Female,16,2,65,59,8,No,No,56,Average
10605,Male,21,9,57,40,3,Yes,Yes,54,Average
10606,Female,18,1,56,71,3,Yes,Yes,49,Poor
10607,Female,22,5,63,100,1,Yes,No,70,Good
10608,Male,18,1,94,40,9,No,Yes,53,Average
10609,Female,19,9,56,95,4,Yes,Yes,78,Good
10610,Male,21,4,76,97,0,No,Yes,62,Average
10611,Male,18,2,62,42,0,No,No,33,Poor
10612,Male,20,6,63,51,7,Yes,Yes,58,Average
10613,Male,22,2,76,71,1,No,Yes,55,Average
10614,Male,21,8,99,61,4,Yes,No,76,Good
10615,Male,21,4,64,62,2,Yes,No,57,Average
10616,Female,17,4,92,80,2,No,No,65,Good
10617,Male,20,8,86,48,7,Yes,No,73,Good
10618,Female,17,8,53,53,5,No,No,49,Poor
10619,Male,20,5,56,69,8,No,No,57,Average
10620,Male,19,10,64,76,4,No,No,68,Good
10621,Female,17,1,63,97,5,Yes,Yes,52,Average
10622,Male,20,2,57,93,4,No,Yes,53,Average
10623,Male,17,2,63,73,6,Yes,No,51,Average
10624,Male,22,6,94,83,2,No,Yes,77,Good
10625,Male,16,5,56,69,6,Yes,No,54,Average
10626,Female,17,1,100,96,1,No,No,55,Average
10627,Male,16,4,89,84,7,No,Yes,64,Average
10628,Male,20,9,51,67,9,Yes,No,69,Good
10629,Male,16,5,91,72,2,Yes,Yes,63,Average
10630,Male,19,3,66,99,4,Yes,No,56,Average
10631,Female,21,7,99,66,4,Yes,No,66,Good
10632,Male,19,6,74,73,1,Yes,Yes,63,Average
10633,Male,16,6,64,93,2,Yes,Yes,67,Good
10634,Female,20,3,97,73,10,Yes,Yes,70,Good
10635,Male,21,10,75,55,4,No,Yes,73,Good
10636,Female,21,5,78,46,9,Yes,Yes,67,Good
10637,Male,17,8,93,97,7,Yes,Yes,94,Excellent
10638,Male,21,5,50,54,6,No,Yes,42,Poor
10639,Female,21,6,92,58,0,No,No,64,Average
10640,Male,19,6,54,71,2,No,No,56,Average
10641,Female,17,10,57,48,3,No,No,62,Average
10642,Male,18,5,56,56,9,Yes,Yes,50,Average
10643,Male,21,6,89,40,3,Yes,No,52,Average
10644,Female,16,10,60,48,10,Yes,No,68,Good
10645,Female,18,5,73,64,6,Yes,Yes,56,Average
10646,Female,19,10,70,75,0,No,No,60,Average
10647,Male,19,5,69,66,5,Yes,No,67,Good
10648,Male,19,10,59,84,3,Yes,Yes,70,Good
10649,Female,22,5,86,82,2,No,No,67,Good
10650,Male,22,1,80,59,10,Yes,Yes,49,Poor
10651,Male,21,8,87,83,4,No,Yes,68,Good
10652,Male,16,1,71,67,8,No,No,45,Poor
10653,Male,21,7,66,97,9,No,No,76,Good
10654,Female,21,3,57,92,6,No,Yes,66,Good
10655,Female,20,8,87,91,7,Yes,No,91,Excellent
10656,Male,20,7,62,94,5,No,Yes,65,Good
10657,Female,21,2,70,48,10,No,Yes,53,Average
10658,Male,20,5,85,44,5,No,No,64,Average
10659,Female,16,1,54,87,5,No,No,56,Average
10660,Male,16,3,66,63,7,Yes,No,56,Average
10661,Female,21,1,59,91,0,Yes,Yes,58,Average
10662,Male,22,1,78,100,8,No,Yes,71,Good
10663,Female,22,3,92,96,2,No,Yes,61,Average
10664,Male,21,6,78,54,2,Yes,Yes,57,Average
10665,Female,21,3,75,96,0,Yes,No,65,Good
10666,Male,17,7,89,86,8,Yes,Yes,74,Good
10667,Male,17,5,59,53,4,Yes,Yes,58,Average
10668,Female,21,9,67,89,5,No,No,70,Good
10669,Female,20,6,80,52,0,Yes,Yes,59,Average
10670,Male,19,8,55,57,6,No,Yes,58,Average
10671,Male,20,3,57,55,7,Yes,Yes,59,Average
10672,Female,22,3,81,56,0,Yes,Yes,57,Average
10673,Female,21,8,67,55,4,Yes,Yes,67,Good
10674,Male,21,7,93,88,5,Yes,No,73,Good
10675,Female,16,9,75,100,4,No,Yes,73,Good
10676,Male,16,6,55,70,6,Yes,No,56,Average
10677,Male,20,6,69,98,0,Yes,Yes,66,Good
10678,Male,18,4,73,60,5,No,Yes,61,Average
10679,Male,16,6,76,41,0,No,No,46,Poor
10680,Female,20,3,59,94,5,No,Yes,63,Average
10681,Male,22,1,78,91,1,Yes,No,49,Poor
10682,Male,21,2,95,54,10,Yes,Yes,59,Average
10683,Female,17,3,65,62,4,Yes,Yes,60,Average
10684,Female,18,4,77,84,5,No,Yes,59,Average
10685,Male,19,5,56,94,2,Yes,No,62,Average
10686,Female,18,6,87,98,6,Yes,Yes,78,Good
10687,Male,17,5,94,100,8,No,Yes,84,Excellent
10688,Male,20,10,74,84,0,No,Yes,66,Good
10689,Male,18,2,72,80,0,No,Yes,44,Poor
10690,Male,19,6,62,84,5,No,Yes,67,Good
10691,Male,21,3,53,85,9,Yes,Yes,64,Average
10692,Female,18,3,91,57,10,No,Yes,56,Average
10693,Female,17,9,50,43,6,No,No,51,Average
10694,Female,19,8,100,77,9,Yes,Yes,85,Excellent
10695,Female,21,10,91,65,4,Yes,No,77,Good
10696,Male,20,1,56,51,6,No,Yes,34,Poor
10697,Female,18,5,78,65,4,Yes,No,62,Average
10698,Female,17,9,61,93,8,Yes,Yes,76,Good
10699,Female,18,2,60,64,6,Yes,No,48,Poor
10700,Male,17,10,79,95,2,Yes,Yes,87,Excellent
10701,Male,20,7,77,41,2,Yes,No,57,Average
10702,Male,19,6,53,47,2,No,Yes,48,Poor
10703,Female,21,4,69,97,1,No,No,53,Average
10704,Male,16,4,81,70,7,Yes,No,66,Good
10705,Female,18,8,51,57,2,Yes,No,61,Average
10706,Male,19,9,76,52,5,No,Yes,58,Average
10707,Male,22,3,58,64,9,No,Yes,55,Average
10708,Female,21,6,66,92,3,Yes,No,60,Average
10709,Male,22,1,89,75,2,Yes,Yes,62,Average
10710,Male,21,6,89,95,3,Yes,Yes,76,Good
10711,Male,21,9,68,80,0,No,No,65,Good
10712,Female,18,2,76,48,3,Yes,No,44,Poor
10713,Male,18,5,51,48,9,Yes,Yes,52,Average
10714,Male,17,8,77,94,0,Yes,Yes,69,Good
10715,Female,19,6,82,88,0,No,No,64,Average
10716,Male,22,6,97,44,2,No,No,58,Average
10717,Male,20,1,70,72,3,Yes,No,55,Average
10718,Male,22,5,74,52,5,Yes,No,65,Good
10719,Female,21,2,85,92,8,No,Yes,72,Good
10720,Male,18,4,63,62,9,No,Yes,58,Average
10721,Male,22,4,60,81,4,Yes,Yes,61,Average
10722,Male,19,10,98,73,4,No,Yes,78,Good
10723,Female,17,6,67,71,1,Yes,No,52,Average
10724,Female,19,5,98,59,8,No,No,75,Good
10725,Male,20,10,60,65,8,No,No,66,Good
10726,Female,19,1,97,46,1,Yes,No,42,Poor
10727,Female,17,8,50,90,10,No,No,73,Good
10728,Male,19,6,56,61,4,Yes,No,54,Average
10729,Male,21,9,76,44,4,No,Yes,64,Average
10730,Male,17,9,60,49,5,Yes,No,56,Average
10731,Female,21,1,56,82,1,Yes,No,41,Poor
10732,Female,21,5,96,50,10,Yes,No,70,Good
10733,Male,20,1,91,87,8,Yes,Yes,71,Good
10734,Female,18,6,56,77,7,Yes,No,63,Average
10735,Female,21,5,72,60,6,No,Yes,59,Average
10736,Male,19,9,58,84,5,No,No,77,Good
10737,Male,17,1,73,42,1,Yes,No,33,Poor
10738,Female,17,7,83,59,10,No,No,76,Good
10739,Male,19,2,87,51,0,Yes,No,53,Average
10740,Male,19,8,71,62,5,No,No,64,Average
10741,Male,21,10,62,94,6,No,No,72,Good
10742,Female,19,3,72,52,5,Yes,Yes,52,Average
10743,Female,17,10,91,45,8,No,Yes,80,Excellent
10744,Male,20,4,90,69,10,Yes,No,74,Good
10745,Female,17,2,99,95,5,No,Yes,60,Average
10746,Female,16,4,83,76,4,No,No,64,Average
10747,Female,21,1,78,77,4,No,Yes,51,Average
10748,Male,16,2,61,100,3,No,No,61,Average
10749,Male,21,9,70,43,6,No,No,58,Average
10750,Male,19,5,79,59,0,No,No,46,Poor
10751,Female,19,6,50,47,6,Yes,No,56,Average
10752,Male,21,1,67,94,7,No,Yes,54,Average
10753,Female,19,3,85,70,3,No,No,61,Average
10754,Female,19,5,59,79,6,No,Yes,53,Average
10755,Female,18,8,55,71,7,No,Yes,70,Good
10756,Male,19,5,94,57,8,No,Yes,68,Good
10757,Male,21,7,50,41,8,Yes,No,57,Average
10758,Female,18,9,64,95,5,Yes,Yes,71,Good
10759,Female,21,8,52,90,7,No,Yes,69,Good
10760,Male,22,6,64,41,0,No,Yes,46,Poor
10761,Male,18,3,80,57,10,Yes,Yes,58,Average
10762,Male,17,4,53,78,4,Yes,Yes,51,Average
10763,Male,20,8,95,62,3,No,No,65,Good
10764,Female,21,7,51,41,2,No,No,47,Poor
10765,Female,21,9,74,44,8,No,Yes,58,Average
10766,Male,17,5,84,74,7,Yes,Yes,67,Good
10767,Male,18,4,99,88,6,No,No,68,Good
10768,Male,16,6,62,91,8,No,Yes,68,Good
10769,Female,17,6,56,62,7,Yes,No,54,Average
10770,Female,21,5,76,69,2,Yes,Yes,62,Average
10771,Male,16,9,73,83,0,No,Yes,63,Average
10772,Male,20,4,91,82,5,Yes,No,75,Good
10773,Female,18,5,79,65,5,No,No,62,Average
10774,Female,19,3,50,67,9,Yes,No,63,Average
10775,Female,19,4,79,41,10,Yes,Yes,66,Good
10776,Female,22,2,80,92,4,Yes,Yes,69,Good
10777,Male,21,2,80,50,10,Yes,No,60,Average
10778,Male,18,6,85,91,8,No,Yes,71,Good
10779,Male,20,10,86,40,9,Yes,Yes,70,Good
10780,Male,17,7,65,95,9,Yes,Yes,72,Good
10781,Male,19,4,86,100,4,Yes,No,65,Good
10782,Female,20,1,77,83,0,No,No,44,Poor
10783,Female,17,10,81,43,3,No,No,58,Average
10784,Female,20,9,97,50,10,Yes,Yes,80,Excellent
10785,Male,19,10,68,80,3,No,No,69,Good
10786,Male,18,8,81,77,8,Yes,Yes,79,Good
10787,Male,16,5,70,53,8,Yes,Yes,59,Average
10788,Male,16,4,95,96,0,Yes,Yes,74,Good
10789,Male,17,7,79,51,3,No,No,54,Average
10790,Female,20,5,62,66,1,No,No,54,Average
10791,Female,17,10,78,75,8,Yes,Yes,85,Excellent
10792,Female,17,2,84,99,10,No,No,71,Good
10793,Male,20,1,69,72,8,Yes,No,60,Average
10794,Female,18,8,56,92,6,Yes,Yes,80,Excellent
10795,Male,16,1,84,87,6,No,No,60,Average
10796,Female,19,6,51,43,2,Yes,No,52,Average
10797,Female,22,2,69,88,0,No,No,47,Poor
10798,Female,22,3,55,85,0,No,No,48,Poor
10799,Male,21,2,62,68,1,Yes,No,55,Average
10800,Female,22,3,89,46,0,Yes,No,57,Average
10801,Male,21,9,99,60,9,Yes,Yes,90,Excellent
10802,Male,16,8,77,93,9,No,Yes,79,Good
10803,Male,18,8,83,67,2,No,No,72,Good
10804,Male,21,7,57,61,10,Yes,Yes,71,Good
10805,Male,18,1,65,60,0,Yes,No,47,Poor
10806,Female,22,2,94,94,4,Yes,No,73,Good
10807,Male,16,4,69,82,7,Yes,Yes,73,Good
10808,Male,19,4,80,100,4,No,No,72,Good
10809,Male,17,6,52,81,7,No,No,67,Good
10810,Male,16,10,85,93,9,Yes,Yes,92,Excellent
10811,Male,16,2,75,72,4,No,Yes,59,Average
10812,Female,20,10,58,63,7,No,Yes,63,Average
10813,Female,16,5,68,94,0,Yes,No,61,Average
10814,Female,18,7,78,52,1,Yes,Yes,56,Average
10815,Female,19,7,50,99,2,No,Yes,60,Average
10816,Male,16,6,67,42,9,No,No,51,Average
10817,Male,17,10,62,59,8,Yes,Yes,65,Good
10818,Female,17,5,90,61,3,Yes,Yes,71,Good
10819,Female,21,3,59,45,6,No,Yes,39,Poor
10820,Female,21,8,99,88,9,Yes,Yes,92,Excellent
10821,Male,21,9,91,78,5,Yes,No,77,Good
10822,Male,19,4,89,97,6,Yes,No,83,Excellent
10823,Female,19,3,89,71,1,Yes,Yes,54,Average
10824,Male,21,9,60,60,0,No,Yes,58,Average
10825,Female,16,2,60,46,8,Yes,Yes,43,Poor
10826,Male,18,5,79,42,10,No,No,58,Average
10827,Male,17,2,59,60,9,No,No,48,Poor
10828,Female,21,5,68,85,3,Yes,Yes,57,Average
10829,Female,20,2,51,61,0,No,Yes,33,Poor
10830,Male,21,8,60,55,3,No,Yes,60,Average
10831,Male,21,1,79,53,8,No,Yes,52,Average
10832,Female,18,4,73,67,7,No,Yes,62,Average
10833,Female,21,1,89,59,6,Yes,No,56,Average
10834,Female,18,7,62,90,7,Yes,Yes,81,Excellent
10835,Female,16,6,55,54,0,Yes,No,49,Poor
10836,Male,16,10,76,91,1,Yes,Yes,83,Excellent
10837,Female,21,4,98,100,6,Yes,Yes,81,Excellent
10838,Female,20,8,78,66,4,Yes,Yes,76,Good
10839,Female,16,8,86,85,0,No,No,74,Good
10840,Male,17,4,98,90,0,Yes,Yes,71,Good
10841,Male,16,3,64,50,9,Yes,Yes,49,Poor
10842,Male,21,3,67,79,3,No,Yes,57,Average
10843,Male,17,2,60,95,1,No,Yes,48,Poor
10844,Female,20,9,50,84,9,No,Yes,76,Good
10845,Female,22,6,88,90,3,No,No,66,Good
10846,Female,22,1,51,75,1,No,No,37,Poor
10847,Female,16,7,84,77,2,Yes,No,72,Good
10848,Female,19,1,80,56,9,No,Yes,48,Poor
10849,Male,20,10,66,82,9,No,No,77,Good
10850,Female,19,1,53,68,6,No,Yes,50,Average
10851,Male,21,9,79,41,1,No,Yes,62,Average
10852,Female,22,7,65,88,5,No,Yes,73,Good
10853,Female,20,6,64,41,4,No,No,54,Average
10854,Male,22,6,91,77,8,Yes,No,75,Good
10855,Female,21,5,98,86,3,Yes,No,66,Good
10856,Male,16,2,58,97,7,No,Yes,62,Average
10857,Female,19,10,83,63,2,Yes,No,79,Good
10858,Female,16,6,94,76,9,Yes,Yes,72,Good
10859,Female,22,5,75,63,6,Yes,Yes,66,Good
10860,Female,20,1,60,89,8,No,No,49,Poor
10861,Male,21,7,100,74,1,Yes,Yes,66,Good
10862,Female,21,1,84,71,4,Yes,Yes,55,Average
10863,Female,18,1,52,87,10,Yes,Yes,49,Poor
10864,Male,19,9,85,50,5,No,Yes,65,Good
10865,Female,20,7,72,48,0,No,No,54,Average
10866,Male,16,3,72,88,6,Yes,No,72,Good
10867,Male,16,7,87,43,10,No,Yes,72,Good
10868,Female,17,9,73,63,7,No,No,70,Good
10869,Male,21,1,83,63,2,Yes,No,45,Poor
10870,Female,19,3,76,90,0,No,No,64,Average
10871,Male,20,3,99,85,9,No,No,68,Good
10872,Male,22,5,56,92,9,No,No,74,Good
10873,Female,18,3,83,74,7,Yes,No,73,Good
10874,Female,19,3,94,58,1,No,No,49,Poor
10875,Male,19,2,80,67,2,No,No,57,Average
10876,Female,22,9,86,48,5,No,No,71,Good
10877,Female,22,6,54,56,6,No,Yes,48,Poor
10878,Male,17,1,88,99,9,No,Yes,65,Good
10879,Female,20,10,65,46,10,No,Yes,61,Average
10880,Male,21,9,96,99,6,No,No,85,Excellent
10881,Female,21,9,85,42,6,No,Yes,62,Average
10882,Female,18,3,73,100,1,No,No,62,Average
10883,Male,19,8,56,93,7,No,Yes,73,Good
10884,Male,20,8,94,62,8,No,Yes,74,Good
10885,Female,18,8,66,82,10,No,Yes,67,Good
10886,Male,18,2,84,94,5,Yes,Yes,71,Good
10887,Male,17,1,81,100,10,No,Yes,71,Good
10888,Female,22,5,83,65,1,No,No,60,Average
10889,Female,20,4,68,92,0,No,No,57,Average
10890,Male,16,4,80,41,7,No,Yes,52,Average
10891,Male,22,1,98,92,1,No,Yes,56,Average
10892,Female,19,1,77,84,0,No,Yes,45,Poor
10893,Female,20,8,76,57,10,No,No,62,Average
10894,Male,19,5,60,40,5,Yes,Yes,44,Poor
10895,Male,16,2,83,81,2,No,Yes,60,Average
10896,Male,16,2,57,79,9,Yes,No,65,Good
10897,Male,21,10,52,77,0,No,Yes,63,Average
10898,Female,19,7,64,85,4,No,No,67,Good
10899,Male,16,5,99,42,7,No,Yes,65,Good
10900,Female,17,1,60,44,3,No,Yes,29,Poor
10901,Male,22,7,66,100,10,Yes,No,78,Good
10902,Male,18,7,57,99,10,Yes,No,70,Good
10903,Female,22,6,79,93,7,No,No,68,Good
10904,Male,19,3,57,58,5,No,No,54,Average
10905,Female,19,10,94,54,6,Yes,No,80,Excellent
10906,Male,20,3,93,93,10,No,Yes,73,Good
10907,Male,18,6,92,41,1,No,No,62,Average
10908,Female,16,5,93,41,1,No,Yes,53,Average
10909,Male,18,10,55,46,10,Yes,No,62,Average
10910,Male,16,9,83,53,9,No,No,78,Good
10911,Male,16,7,51,46,6,Yes,No,57,Average
10912,Male,18,4,70,88,2,No,Yes,65,Good
10913,Female,20,5,59,41,6,No,No,48,Poor
10914,Male,16,9,50,86,9,No,Yes,80,Excellent
10915,Male,22,2,91,61,4,No,Yes,47,Poor
10916,Male,20,8,80,48,10,No,Yes,76,Good
10917,Male,17,9,90,77,5,Yes,No,75,Good
10918,Female,17,7,64,78,8,No,No,67,Good
10919,Female,18,5,87,79,10,No,Yes,78,Good
10920,Female,22,6,68,63,3,Yes,Yes,59,Average
10921,Male,16,10,57,68,0,No,No,64,Average
10922,Female,20,3,77,71,8,Yes,Yes,69,Good
10923,Male,20,9,78,64,8,Yes,No,70,Good
10924,Male,22,6,57,84,3,Yes,No,68,Good
10925,Female,20,10,64,53,10,No,Yes,70,Good
10926,Female,20,8,60,54,6,Yes,No,59,Average
10927,Female,21,9,68,97,10,Yes,Yes,85,Excellent
10928,Male,19,6,83,86,7,Yes,No,84,Excellent
10929,Female,18,1,94,69,4,No,Yes,50,Average
10930,Male,17,5,79,92,1,No,Yes,57,Average
10931,Female,16,4,50,97,0,Yes,No,53,Average
10932,Female,18,2,79,80,2,No,Yes,51,Average
10933,Male,20,5,85,71,8,Yes,No,63,Average
10934,Male,17,10,82,59,10,No,No,74,Good
10935,Male,18,7,90,46,7,Yes,No,60,Average
10936,Female,20,10,57,53,8,No,Yes,61,Average
10937,Female,21,3,93,74,3,No,Yes,66,Good
10938,Male,19,9,82,88,4,No,No,78,Good
10939,Male,16,8,62,52,2,Yes,Yes,64,Average
10940,Female,18,9,51,69,2,No,No,58,Average
10941,Female,22,9,93,63,6,Yes,Yes,86,Excellent
10942,Male,21,5,94,55,4,Yes,Yes,66,Good
10943,Male,17,5,53,92,9,Yes,No,61,Average
10944,Male,21,5,72,43,3,No,Yes,53,Average
10945,Female,20,3,91,64,9,Yes,No,63,Average
10946,Male,16,8,73,45,5,No,Yes,68,Good
10947,Male,21,3,93,72,7,Yes,Yes,63,Average
10948,Male,22,4,77,88,10,Yes,Yes,70,Good
10949,Female,17,4,87,83,8,No,No,70,Good
10950,Female,16,3,59,69,6,Yes,No,60,Average
10951,Female,16,8,94,65,4,No,Yes,64,Average
10952,Male,16,8,81,46,3,No,Yes,60,Average
10953,Female,16,3,85,79,9,No,Yes,60,Average
10954,Male,21,1,72,57,2,Yes,Yes,41,Poor
10955,Female,19,3,72,89,7,No,No,67,Good
10956,Female,21,8,69,64,5,No,Yes,68,Good
10957,Female,18,2,86,57,3,No,Yes,53,Average
10958,Male,20,3,90,60,10,Yes,No,60,Average
10959,Female,18,5,100,76,4,No,No,61,Average
10960,Male,19,6,63,56,2,No,No,49,Poor
10961,Male,22,9,85,41,10,Yes,Yes,78,Good
10962,Female,17,10,80,81,4,Yes,No,86,Excellent
10963,Male,21,9,78,82,3,Yes,No,74,Good
10964,Male,16,9,85,78,7,No,Yes,72,Good
10965,Female,21,10,78,93,6,Yes,Yes,82,Excellent
10966,Male,19,6,65,63,10,Yes,No,72,Good
10967,Female,21,8,60,45,4,No,Yes,54,Average
10968,Female,18,2,92,62,1,Yes,Yes,55,Average
10969,Male,19,8,65,43,8,Yes,No,55,Average
10970,Male,17,8,99,48,7,No,No,63,Average
10971,Male,16,2,55,63,6,No,Yes,41,Poor
10972,Male,16,9,67,74,5,No,No,68,Good
10973,Female,22,9,56,96,2,No,Yes,65,Good
10974,Male,19,7,74,77,6,No,No,74,Good
10975,Male,22,6,89,46,0,Yes,No,60,Average
10976,Female,20,8,91,91,1,No,Yes,68,Good
10977,Male,17,2,99,96,1,Yes,No,70,Good
10978,Male,20,4,54,80,0,No,Yes,57,Average
10979,Female,18,6,92,98,9,No,Yes,88,Excellent
10980,Female,19,3,57,67,6,No,Yes,45,Poor
10981,Female,17,6,86,61,3,No,No,62,Average
10982,Male,20,8,58,74,10,Yes,Yes,80,Excellent
10983,Female,18,10,72,92,6,Yes,No,81,Excellent
10984,Female,21,6,51,46,4,Yes,Yes,48,Poor
10985,Female,16,4,75,95,4,No,No,72,Good
10986,Female,16,1,73,48,7,Yes,Yes,56,Average
10987,Female,18,4,70,59,7,No,Yes,51,Average
10988,Female,17,7,92,40,7,No,No,62,Average
10989,Female,20,9,62,76,7,No,No,66,Good
10990,Female,19,6,86,81,1,No,No,66,Good
10991,Male,16,4,61,85,3,Yes,Yes,60,Average
10992,Male,22,5,60,71,4,Yes,No,67,Good
10993,Male,18,10,74,60,4,No,Yes,76,Good
10994,Male,19,3,51,56,1,No,Yes,41,Poor
10995,Male,18,2,83,95,5,Yes,No,74,Good
10996,Male,16,7,51,65,7,Yes,No,66,Good
10997,Male,18,1,82,48,8,Yes,Yes,46,Poor
10998,Male,21,10,61,70,3,Yes,No,66,Good
10999,Male,22,6,81,41,2,No,No,51,Average
11000,Male,20,3,72,71,1,No,No,58,Average
11001,Female,21,2,80,61,3,No,Yes,56,Average
11002,Female,21,10,52,54,6,Yes,No,65,Good
11003,Male,20,3,60,91,9,Yes,Yes,70,Good
11004,Male,20,6,78,46,7,Yes,Yes,55,Average
11005,Female,16,6,74,59,4,Yes,No,66,Good
11006,Male,22,5,83,49,10,No,No,60,Average
11007,Male,22,2,84,96,10,Yes,Yes,68,Good
11008,Female,18,8,65,92,10,Yes,Yes,78,Good
11009,Male,16,7,94,51,2,No,No,70,Good
11010,Male,16,2,50,77,8,Yes,Yes,55,Average
11011,Female,19,2,54,52,3,No,Yes,43,Poor
11012,Female,22,1,56,63,8,No,No,41,Poor
11013,Female,18,3,91,67,10,Yes,Yes,65,Good
11014,Female,19,10,83,42,3,Yes,No,66,Good
11015,Female,19,7,61,76,0,Yes,Yes,68,Good
11016,Female,16,3,84,90,3,Yes,No,69,Good
11017,Female,19,4,98,61,0,Yes,Yes,53,Average
11018,Female,19,4,51,46,9,Yes,No,43,Poor
11019,Female,18,9,83,51,4,Yes,Yes,68,Good
11020,Female,19,8,59,41,7,Yes,Yes,55,Average
11021,Male,21,8,64,86,4,Yes,No,69,Good
11022,Female,16,9,86,91,5,Yes,Yes,79,Good
11023,Male,22,2,79,93,4,No,Yes,57,Average
11024,Female,19,9,76,70,3,No,No,68,Good
11025,Male,16,6,60,55,5,Yes,Yes,54,Average
11026,Male,16,7,95,88,6,No,Yes,81,Excellent
11027,Female,19,5,81,68,2,Yes,No,60,Average
11028,Male,19,7,68,68,9,No,No,69,Good
11029,Female,17,4,72,41,4,No,Yes,43,Poor
11030,Male,21,3,78,90,6,No,Yes,68,Good
11031,Female,17,1,79,92,5,No,No,57,Average
11032,Female,17,3,61,77,9,Yes,No,63,Average
11033,Male,19,4,91,56,3,Yes,No,54,Average
11034,Female,17,7,64,42,6,Yes,Yes,64,Average
11035,Female,21,1,75,47,9,No,Yes,42,Poor
11036,Male,22,2,76,96,6,Yes,No,60,Average
11037,Female,18,6,74,71,10,Yes,No,68,Good
11038,Female,22,5,58,42,10,No,No,50,Average
11039,Female,16,8,92,44,3,No,No,68,Good
11040,Female,20,7,78,87,1,No,Yes,73,Good
11041,Male,20,10,64,93,6,Yes,No,83,Excellent
11042,Male,20,9,90,70,0,Yes,Yes,76,Good
11043,Female,20,9,60,75,1,No,Yes,61,Average
11044,Male,17,4,66,58,1,Yes,Yes,48,Poor
11045,Male,16,2,64,76,2,Yes,No,44,Poor
11046,Male,17,9,89,99,3,No,Yes,89,Excellent
11047,Male,19,4,65,49,9,Yes,Yes,49,Poor
11048,Female,17,4,60,74,5,Yes,Yes,54,Average
11049,Female,16,1,74,93,2,Yes,No,53,Average
11050,Male,18,9,75,42,0,No,No,66,Good
11051,Male,18,8,94,67,9,Yes,Yes,72,Good
11052,Male,19,7,87,85,9,Yes,No,83,Excellent
11053,Female,21,9,61,41,10,Yes,No,62,Average
11054,Male,20,3,93,79,7,Yes,No,67,Good
11055,Male,21,8,68,60,3,No,No,54,Average
11056,Female,21,3,74,74,4,Yes,No,64,Average
11057,Male,17,3,91,40,6,No,Yes,48,Poor
11058,Female,18,9,65,88,8,Yes,No,72,Good
11059,Female,21,6,99,93,4,No,No,76,Good
11060,Male,21,9,97,61,4,Yes,Yes,73,Good
11061,Male,19,7,54,66,2,No,Yes,54,Average
11062,Female,21,9,54,78,10,No,Yes,70,Good
11063,Female,20,5,71,49,0,No,No,44,Poor
11064,Male,17,1,72,50,6,No,Yes,53,Average
11065,Female,21,8,99,64,1,Yes,Yes,80,Excellent
11066,Male,17,10,71,58,0,Yes,Yes,63,Average
11067,Male,21,3,95,95,6,No,No,74,Good
11068,Male,17,8,97,95,0,No,No,70,Good
11069,Male,19,4,90,41,10,Yes,Yes,55,Average
11070,Male,16,1,63,77,0,Yes,Yes,40,Poor
11071,Male,16,10,61,92,8,Yes,Yes,74,Good
11072,Female,22,9,83,70,8,Yes,No,74,Good
11073,Male,16,8,82,77,2,No,No,71,Good
11074,Female,22,2,75,51,4,Yes,No,53,Average
11075,Female,17,9,80,43,9,No,Yes,70,Good
11076,Male,17,3,95,87,0,No,Yes,58,Average
11077,Female,19,2,94,63,8,No,No,61,Average
11078,Female,22,10,75,53,2,No,Yes,66,Good
11079,Male,19,1,69,71,2,No,No,42,Poor
11080,Male,16,10,51,40,1,No,Yes,48,Poor
11081,Female,16,7,91,43,9,No,Yes,72,Good
11082,Male,21,1,66,86,3,Yes,Yes,54,Average
11083,Male,20,4,72,42,8,Yes,No,55,Average
11084,Male,17,4,99,62,7,No,Yes,68,Good
11085,Male,20,2,98,55,4,Yes,Yes,61,Average
11086,Female,21,5,78,86,3,Yes,No,67,Good
11087,Female,20,10,86,46,5,No,No,66,Good
11088,Male,19,9,69,81,1,Yes,No,68,Good
11089,Female,19,2,95,52,6,Yes,No,57,Average
11090,Male,21,2,86,45,7,Yes,No,53,Average
11091,Female,20,6,69,57,0,No,No,53,Average
11092,Female,17,3,55,75,2,No,Yes,40,Poor
11093,Female,22,3,77,75,6,Yes,Yes,63,Average
11094,Female,22,8,76,42,10,No,No,73,Good
11095,Male,21,3,83,66,7,No,Yes,58,Average
11096,Male,22,10,91,99,8,No,Yes,92,Excellent
11097,Female,18,10,91,65,2,No,Yes,77,Good
11098,Male,20,1,65,85,1,No,Yes,50,Average
11099,Female,16,4,54,53,5,Yes,Yes,51,Average
11100,Male,21,8,71,44,7,No,Yes,56,Average
11101,Female,21,7,58,45,9,No,Yes,52,Average
11102,Female,18,8,61,67,10,No,No,65,Good
11103,Male,20,7,97,65,0,Yes,No,73,Good
11104,Female,16,7,50,74,1,Yes,No,60,Average
11105,Male,17,6,69,80,8,No,Yes,70,Good
11106,Male,20,6,70,47,1,Yes,Yes,52,Average
11107,Female,19,2,72,58,7,Yes,Yes,56,Average
11108,Male,20,8,53,55,10,No,Yes,60,Average
11109,Male,16,10,69,80,2,No,Yes,65,Good
11110,Female,17,7,74,67,0,No,Yes,56,Average
11111,Male,20,9,85,44,5,No,No,71,Good
11112,Male,19,10,90,95,5,No,Yes,88,Excellent
11113,Female,22,5,61,70,5,Yes,Yes,55,Average
11114,Male,22,2,71,52,10,No,No,52,Average
11115,Male,22,2,74,50,3,Yes,Yes,47,Poor
11116,Male,16,5,93,62,10,Yes,Yes,80,Excellent
11117,Male,17,6,50,95,9,No,Yes,62,Average
11118,Female,18,10,75,52,8,No,No,76,Good
11119,Female,22,5,67,44,10,Yes,Yes,53,Average
11120,Male,22,1,74,49,2,Yes,No,45,Poor
11121,Male,22,7,96,40,3,Yes,Yes,56,Average
11122,Male,21,10,51,50,9,Yes,No,68,Good
11123,Male,18,10,69,84,2,Yes,Yes,71,Good
11124,Female,16,1,71,77,7,Yes,Yes,54,Average
11125,Female,21,5,59,84,3,No,Yes,54,Average
11126,Male,19,8,65,97,2,Yes,Yes,80,Excellent
11127,Male,17,4,96,51,0,No,No,55,Average
11128,Male,20,4,67,54,6,No,Yes,52,Average
11129,Male,17,1,75,90,6,No,No,56,Average
11130,Female,21,1,96,80,9,Yes,Yes,75,Good
11131,Female,18,6,76,91,7,No,Yes,71,Good
11132,Male,17,9,58,54,3,No,No,58,Average
11133,Male,21,5,80,45,4,Yes,No,53,Average
11134,Female,18,2,97,92,3,No,No,60,Average
11135,Female,20,2,98,67,1,Yes,Yes,54,Average
11136,Male,17,6,76,81,1,No,Yes,62,Average
11137,Male,21,7,97,74,6,Yes,No,72,Good
11138,Female,19,8,59,70,6,Yes,No,71,Good
11139,Male,20,1,82,58,10,Yes,Yes,50,Average
11140,Female,22,5,69,66,9,No,Yes,55,Average
11141,Female,18,10,82,93,10,Yes,Yes,98,Excellent
11142,Male,20,2,59,69,8,Yes,Yes,51,Average
11143,Female,19,10,86,62,1,Yes,No,70,Good
11144,Female,18,3,51,63,2,Yes,Yes,40,Poor
11145,Male,21,6,81,96,1,Yes,No,75,Good
11146,Female,17,5,82,41,10,Yes,Yes,60,Average
11147,Male,22,1,69,92,9,No,No,60,Average
11148,Male,16,5,61,61,4,Yes,No,51,Average
11149,Male,18,6,79,90,6,Yes,Yes,80,Excellent
11150,Male,18,9,94,95,4,No,Yes,90,Excellent
11151,Male,16,8,77,92,9,No,Yes,83,Excellent
11152,Male,16,5,67,90,3,Yes,No,67,Good
11153,Male,19,4,100,81,9,No,Yes,80,Excellent
11154,Male,16,10,78,99,4,Yes,No,84,Excellent
11155,Male,20,8,63,60,1,Yes,Yes,59,Average
11156,Female,16,9,76,84,8,Yes,No,76,Good
11157,Male,21,7,89,55,6,No,No,66,Good
11158,Male,21,9,86,43,0,Yes,Yes,71,Good
11159,Male,21,3,99,46,8,No,Yes,59,Average
11160,Male,20,8,94,53,4,No,Yes,74,Good
11161,Female,19,8,70,58,5,Yes,No,69,Good
11162,Male,20,7,85,41,4,No,No,52,Average
11163,Male,16,4,85,90,8,No,No,76,Good
11164,Male,20,2,65,79,2,Yes,Yes,60,Average
11165,Male,21,6,87,93,4,No,No,77,Good
11166,Male,22,5,92,70,9,No,Yes,78,Good
11167,Male,19,10,67,73,1,Yes,Yes,74,Good
11168,Female,20,6,97,94,4,Yes,Yes,82,Excellent
11169,Male,18,4,51,59,2,Yes,No,47,Poor
11170,Male,21,7,97,66,5,Yes,No,66,Good
11171,Female,19,5,52,48,9,Yes,No,62,Average
11172,Male,22,9,90,53,3,Yes,No,68,Good
11173,Male,16,1,64,82,8,No,No,61,Average
11174,Male,20,2,71,63,1,No,Yes,41,Poor
11175,Female,19,3,63,98,0,Yes,No,55,Average
11176,Female,16,8,77,45,2,No,Yes,52,Average
11177,Male,18,2,71,65,8,Yes,Yes,64,Average
11178,Male,19,10,86,79,10,No,No,78,Good
11179,Male,21,9,89,92,8,Yes,No,93,Excellent
11180,Male,22,10,64,88,10,No,No,81,Excellent
11181,Female,20,7,73,66,0,Yes,Yes,59,Average
11182,Male,22,8,51,54,4,Yes,No,62,Average
11183,Female,18,2,80,64,0,No,No,52,Average
11184,Male,20,10,65,96,6,Yes,No,79,Good
11185,Female,20,9,69,64,3,No,No,71,Good
11186,Female,18,2,72,94,4,No,Yes,57,Average
11187,Male,21,5,95,47,9,Yes,Yes,64,Average
11188,Female,17,10,54,59,3,No,Yes,55,Average
11189,Male,18,9,53,44,5,No,No,54,Average
11190,Female,18,7,70,48,2,No,Yes,51,Average
11191,Female,21,9,51,69,5,Yes,Yes,70,Good
11192,Male,16,9,65,97,3,Yes,No,83,Excellent
11193,Male,22,4,83,48,8,No,Yes,63,Average
11194,Male,17,6,61,75,8,Yes,No,62,Average
11195,Male,19,10,99,78,2,No,Yes,72,Good
11196,Male,17,4,100,77,7,No,Yes,70,Good
11197,Male,16,4,68,62,5,Yes,No,55,Average
11198,Female,17,9,89,79,7,Yes,Yes,86,Excellent
11199,Male,18,5,94,79,8,Yes,Yes,69,Good
11200,Male,20,9,55,66,6,Yes,Yes,63,Average
11201,Male,20,2,69,70,1,No,Yes,49,Poor
11202,Male,16,2,71,92,10,No,Yes,62,Average
11203,Male,18,10,77,93,9,Yes,Yes,94,Excellent
11204,Female,18,6,63,41,9,No,Yes,62,Average
11205,Male,16,9,76,77,8,No,Yes,69,Good
11206,Female,19,8,77,51,6,Yes,No,63,Average
11207,Male,21,5,73,55,7,No,No,63,Average
11208,Male,19,1,95,65,9,Yes,Yes,64,Average
11209,Male,19,10,90,63,8,Yes,Yes,81,Excellent
11210,Male,18,1,51,53,7,No,No,34,Poor
11211,Male,17,9,70,60,0,Yes,No,70,Good
11212,Female,16,7,83,81,9,No,Yes,70,Good
11213,Male,17,7,78,93,2,Yes,Yes,67,Good
11214,Male,21,1,89,58,5,No,No,47,Poor
11215,Female,16,2,60,40,7,Yes,Yes,39,Poor
11216,Male,17,5,82,47,1,Yes,No,47,Poor
11217,Female,22,8,98,50,5,No,No,66,Good
11218,Male,16,10,70,74,4,Yes,No,70,Good
11219,Female,19,4,72,75,5,Yes,No,60,Average
11220,Male,20,3,59,73,0,No,No,51,Average
11221,Male,21,4,74,50,3,Yes,No,48,Poor
11222,Female,21,6,50,49,4,No,No,46,Poor
11223,Male,19,9,78,100,10,Yes,Yes,93,Excellent
11224,Female,18,8,100,49,9,Yes,Yes,80,Excellent
11225,Female,16,4,79,99,2,Yes,Yes,65,Good
11226,Male,16,7,68,54,1,No,No,48,Poor
11227,Male,22,7,83,56,1,Yes,No,56,Average
11228,Male,21,1,97,98,1,Yes,Yes,60,Average
11229,Female,18,9,100,59,7,Yes,Yes,88,Excellent
11230,Male,22,5,82,95,4,Yes,No,81,Excellent
11231,Female,21,3,60,61,0,Yes,Yes,50,Average
11232,Male,21,9,99,45,3,No,No,66,Good
11233,Male,18,2,70,88,7,Yes,No,58,Average
11234,Male,16,5,75,91,0,No,Yes,66,Good
11235,Female,16,1,93,59,4,No,No,47,Poor
11236,Male,20,5,62,58,0,No,Yes,42,Poor
11237,Female,22,7,82,46,9,No,No,71,Good
11238,Female,22,5,94,84,5,Yes,Yes,76,Good
11239,Female,22,9,88,69,2,No,No,64,Average
11240,Female,22,6,59,57,1,Yes,Yes,62,Average
11241,Female,21,2,70,59,0,Yes,Yes,45,Poor
11242,Male,19,7,60,78,7,Yes,No,70,Good
11243,Female,18,5,100,63,9,No,No,67,Good
11244,Male,17,5,83,87,5,No,Yes,62,Average
11245,Female,17,1,88,86,10,No,Yes,69,Good
11246,Male,22,9,60,74,6,No,Yes,77,Good
11247,Male,20,6,89,41,4,Yes,No,57,Average
11248,Male,20,5,64,91,4,Yes,Yes,62,Average
11249,Male,21,1,56,90,10,Yes,Yes,54,Average
11250,Female,17,3,74,100,3,Yes,No,74,Good
11251,Female,20,7,77,66,8,No,No,66,Good
11252,Male,21,9,57,95,5,Yes,Yes,73,Good
11253,Female,16,10,50,56,3,No,Yes,62,Average
11254,Female,20,1,67,88,3,No,No,52,Average
11255,Male,21,7,98,79,4,No,Yes,69,Good
11256,Male,16,7,78,40,9,Yes,No,63,Average
11257,Female,17,3,76,89,10,Yes,No,65,Good
11258,Female,16,1,66,41,10,No,No,50,Average
11259,Female,22,7,64,74,9,Yes,Yes,79,Good
11260,Female,16,2,69,86,4,No,Yes,58,Average
11261,Female,21,4,70,72,0,No,No,48,Poor
11262,Male,17,2,82,78,2,No,No,48,Poor
11263,Female,19,10,60,46,5,Yes,Yes,57,Average
11264,Male,16,7,95,70,4,Yes,No,67,Good
11265,Male,21,4,52,96,3,Yes,No,63,Average
11266,Male,22,4,94,40,1,Yes,Yes,60,Average
11267,Male,20,10,95,58,4,No,No,69,Good
11268,Female,17,5,57,43,2,Yes,No,42,Poor
11269,Male,20,2,95,74,5,Yes,No,58,Average
11270,Male,19,8,51,69,6,No,No,54,Average
11271,Female,18,9,89,47,2,No,Yes,72,Good
11272,Male,17,3,75,74,10,No,No,56,Average
11273,Female,22,6,97,48,8,No,Yes,72,Good
11274,Female,22,4,54,72,5,No,Yes,55,Average
11275,Female,19,7,95,71,8,No,Yes,77,Good
11276,Male,16,2,77,82,6,Yes,Yes,65,Good
11277,Female,18,1,90,98,5,Yes,No,63,Average
11278,Female,22,10,99,79,6,No,No,89,Excellent
11279,Male,20,10,50,43,7,Yes,Yes,67,Good
11280,Female,18,2,98,55,7,No,No,51,Average
11281,Male,20,8,52,53,8,Yes,No,58,Average
11282,Male,17,2,56,44,5,No,No,47,Poor
11283,Male,16,9,64,40,10,No,No,56,Average
11284,Male,22,5,72,64,0,No,Yes,49,Poor
11285,Female,16,4,52,49,2,Yes,Yes,48,Poor
11286,Female,16,4,73,68,1,Yes,Yes,56,Average
11287,Female,19,3,90,69,8,Yes,Yes,61,Average
11288,Female,21,6,90,93,7,Yes,No,74,Good
11289,Female,21,5,86,64,0,No,No,50,Average
11290,Male,21,7,76,57,7,Yes,Yes,67,Good
11291,Female,18,7,91,92,8,Yes,No,91,Excellent
11292,Male,18,10,79,61,1,No,No,76,Good
11293,Female,16,6,82,54,2,No,No,57,Average
11294,Male,16,7,64,87,0,Yes,No,74,Good
11295,Male,22,2,97,42,9,No,Yes,63,Average
11296,Female,21,4,61,74,5,No,Yes,56,Average
11297,Male,16,2,77,94,1,Yes,No,63,Average
11298,Male,18,2,63,72,2,Yes,Yes,56,Average
11299,Male,20,4,74,88,5,Yes,No,71,Good
11300,Female,18,3,52,86,4,Yes,No,52,Average
11301,Female,22,8,93,78,1,Yes,No,69,Good
11302,Male,20,7,86,58,0,No,No,55,Average
11303,Female,20,10,55,80,7,Yes,No,80,Excellent
11304,Female,16,6,66,62,8,Yes,No,59,Average
11305,Male,16,1,55,53,6,No,Yes,37,Poor
11306,Male,16,2,76,52,5,No,No,43,Poor
11307,Female,19,5,91,68,2,No,No,66,Good
11308,Female,17,2,95,50,2,No,Yes,52,Average
11309,Female,22,2,66,55,0,Yes,No,41,Poor
11310,Female,22,8,64,65,3,Yes,No,60,Average
11311,Female,17,2,52,100,4,Yes,Yes,50,Average
11312,Female,18,4,55,42,0,Yes,No,35,Poor
11313,Male,19,6,68,84,7,No,Yes,74,Good
11314,Female,17,6,86,60,1,No,No,55,Average
11315,Male,17,9,69,70,1,Yes,No,63,Average
11316,Male,19,3,100,59,1,No,Yes,55,Average
11317,Male,17,1,77,63,5,No,No,44,Poor
11318,Female,18,6,58,85,2,Yes,Yes,59,Average
11319,Male,20,7,56,82,7,No,Yes,59,Average
11320,Female,22,3,84,42,8,No,No,47,Poor
11321,Male,17,10,67,74,8,Yes,Yes,73,Good
11322,Male,20,9,86,67,8,Yes,No,80,Excellent
11323,Female,18,3,93,60,10,No,No,55,Average
11324,Female,16,6,75,59,3,Yes,Yes,54,Average
11325,Male,16,10,54,61,7,Yes,No,72,Good
11326,Male,22,7,94,55,10,No,Yes,68,Good
11327,Male,22,3,71,40,5,Yes,No,51,Average
11328,Male,16,3,62,60,8,No,No,48,Poor
11329,Male,20,5,55,73,4,No,No,60,Average
11330,Female,22,1,67,94,2,No,No,60,Average
11331,Male,17,8,62,89,1,Yes,Yes,63,Average
11332,Female,21,9,52,72,10,Yes,Yes,66,Good
11333,Male,18,4,83,98,5,No,Yes,62,Average
11334,Female,17,2,92,67,5,Yes,No,64,Average
11335,Male,21,8,65,87,3,No,No,63,Average
11336,Female,19,3,100,68,7,No,No,67,Good
11337,Female,17,3,68,66,0,No,No,41,Poor
11338,Female,16,3,94,45,1,Yes,No,45,Poor
11339,Female,20,4,75,85,8,Yes,No,63,Average
11340,Female,22,1,90,49,4,No,No,44,Poor
11341,Male,19,5,77,76,10,Yes,No,72,Good
11342,Male,17,3,60,75,3,No,Yes,45,Poor
11343,Female,16,3,93,71,3,Yes,Yes,55,Average
11344,Female,18,9,68,40,10,Yes,Yes,68,Good
11345,Male,17,5,68,57,6,Yes,Yes,66,Good
11346,Male,20,2,81,49,7,Yes,No,53,Average
11347,Female,18,8,78,50,10,Yes,No,71,Good
11348,Female,17,8,74,98,2,Yes,No,80,Excellent
11349,Female,22,9,68,75,2,No,No,71,Good
11350,Male,18,10,85,71,6,No,Yes,77,Good
11351,Male,16,9,98,83,7,Yes,Yes,92,Excellent
11352,Male,17,6,99,78,10,Yes,No,79,Good
11353,Female,20,3,92,94,4,No,No,68,Good
11354,Male,22,7,94,64,10,No,No,80,Excellent
11355,Male,17,1,81,67,10,Yes,No,62,Average
11356,Female,17,1,87,66,1,Yes,No,51,Average
11357,Female,21,9,71,92,7,No,No,72,Good
11358,Female,21,5,60,67,5,No,No,55,Average
11359,Female,16,6,80,96,5,No,No,67,Good
11360,Male,20,8,69,57,9,Yes,No,62,Average
11361,Female,17,3,96,78,5,Yes,No,74,Good
11362,Male,20,2,54,64,5,No,Yes,53,Average
11363,Female,18,10,53,94,8,No,No,72,Good
11364,Female,19,5,85,88,0,Yes,No,75,Good
11365,Female,22,10,52,73,10,Yes,Yes,80,Excellent
11366,Male,21,9,59,50,4,Yes,Yes,63,Average
11367,Female,22,8,67,97,9,No,No,84,Excellent
11368,Female,17,3,82,90,1,No,No,54,Average
11369,Female,19,3,90,59,9,Yes,No,60,Average
11370,Male,22,3,52,57,3,Yes,Yes,50,Average
11371,Male,18,3,76,94,3,No,No,68,Good
11372,Female,20,9,69,64,10,No,No,78,Good
11373,Female,16,6,51,82,5,No,No,67,Good
11374,Male,21,4,97,79,2,Yes,Yes,68,Good
11375,Male,18,5,82,93,4,No,No,66,Good
11376,Male,21,9,87,52,5,Yes,No,70,Good
11377,Male,19,7,84,48,10,Yes,No,70,Good
11378,Male,19,1,59,88,4,No,Yes,46,Poor
11379,Female,19,4,98,96,8,No,No,72,Good
11380,Female,18,4,95,91,6,No,No,65,Good
11381,Female,16,2,65,100,4,Yes,Yes,60,Average
11382,Female,21,6,97,41,4,No,Yes,63,Average
11383,Male,21,2,53,92,10,No,Yes,51,Average
11384,Male,17,1,57,81,1,Yes,No,42,Poor
11385,Male,18,9,82,98,6,Yes,No,90,Excellent
11386,Male,17,3,70,42,9,Yes,Yes,48,Poor
11387,Female,20,9,82,60,5,Yes,No,67,Good
11388,Female,17,9,99,84,2,No,Yes,75,Good
11389,Male,16,3,73,76,2,No,No,58,Average
11390,Male,18,1,61,68,1,Yes,Yes,40,Poor
11391,Female,16,9,92,100,4,No,Yes,86,Excellent
11392,Male,16,1,97,87,3,No,Yes,69,Good
11393,Female,18,6,81,64,4,No,No,70,Good
11394,Male,20,3,74,84,10,Yes,Yes,72,Good
11395,Female,19,5,74,64,6,Yes,Yes,68,Good
11396,Male,17,2,82,74,2,No,No,58,Average
11397,Female,18,6,83,80,4,No,Yes,72,Good
11398,Female,17,7,64,61,7,No,No,70,Good
11399,Male,18,3,69,41,5,No,Yes,50,Average
11400,Female,22,4,57,96,4,Yes,Yes,64,Average
11401,Female,17,4,83,42,3,Yes,No,46,Poor
11402,Male,18,5,67,40,2,No,No,41,Poor
11403,Male,18,4,59,40,5,Yes,Yes,55,Average
11404,Female,21,5,91,49,6,No,Yes,60,Average
11405,Male,21,8,76,52,4,No,Yes,64,Average
11406,Male,20,6,82,40,3,Yes,Yes,50,Average
11407,Female,17,3,97,70,9,No,No,70,Good
11408,Male,18,3,54,87,1,No,No,43,Poor
11409,Male,17,9,57,95,0,No,Yes,60,Average
11410,Male,16,7,69,91,1,No,No,58,Average
11411,Male,21,2,69,76,2,Yes,No,62,Average
11412,Male,18,1,56,41,7,No,Yes,42,Poor
11413,Female,17,2,52,77,8,No,Yes,45,Poor
11414,Female,21,1,82,57,3,Yes,Yes,49,Poor
11415,Female,17,10,99,92,4,Yes,Yes,97,Excellent
11416,Female,17,8,67,51,9,Yes,Yes,61,Average
11417,Female,18,7,54,52,6,Yes,Yes,53,Average
11418,Female,20,7,91,78,5,No,No,67,Good
11419,Male,20,1,84,75,5,No,No,59,Average
11420,Male,18,2,97,85,6,Yes,No,68,Good
11421,Male,19,5,51,81,2,Yes,No,56,Average
11422,Female,16,5,73,85,7,No,Yes,63,Average
11423,Male,16,4,80,70,9,Yes,No,67,Good
11424,Female,18,4,55,70,10,Yes,Yes,68,Good
11425,Female,19,3,56,100,10,No,No,60,Average
11426,Male,20,3,99,64,5,Yes,Yes,62,Average
11427,Male,21,3,63,63,4,Yes,No,57,Average
11428,Male,18,4,89,64,7,Yes,Yes,62,Average
11429,Female,20,6,62,40,2,Yes,No,53,Average
11430,Male,17,3,63,97,9,Yes,Yes,70,Good
11431,Female,16,6,94,45,8,No,Yes,72,Good
11432,Female,22,3,60,72,1,Yes,Yes,59,Average
11433,Male,16,9,88,75,5,Yes,Yes,72,Good
11434,Male,20,9,90,79,1,Yes,Yes,73,Good
11435,Female,17,7,51,76,6,Yes,Yes,64,Average
11436,Female,18,10,75,95,1,Yes,No,72,Good
11437,Female,17,9,53,99,7,Yes,No,79,Good
11438,Male,20,7,88,40,10,Yes,Yes,66,Good
11439,Female,16,10,98,55,7,Yes,No,81,Excellent
11440,Female,16,1,81,76,1,No,Yes,49,Poor
11441,Female,20,3,53,51,7,Yes,Yes,50,Average
11442,Male,20,1,71,60,0,Yes,No,45,Poor
11443,Female,16,2,56,97,1,No,No,44,Poor
11444,Female,16,3,93,44,0,No,No,48,Poor
11445,Female,17,6,98,83,4,Yes,Yes,81,Excellent
11446,Male,21,4,99,70,5,No,No,61,Average
11447,Female,21,9,61,64,4,Yes,No,61,Average
11448,Female,22,9,71,94,9,No,Yes,89,Excellent
11449,Male,22,7,70,81,8,No,No,77,Good
11450,Female,22,10,85,99,9,Yes,Yes,86,Excellent
11451,Female,16,3,80,99,9,Yes,No,70,Good
11452,Female,17,9,55,44,5,Yes,No,55,Average
11453,Male,20,10,58,53,2,Yes,No,58,Average
11454,Female,18,7,79,60,3,Yes,Yes,67,Good
11455,Male,16,6,72,68,0,Yes,No,59,Average
11456,Female,17,8,95,65,7,Yes,Yes,78,Good
11457,Male,16,5,59,86,8,Yes,Yes,67,Good
11458,Female,16,1,88,61,4,Yes,Yes,62,Average
11459,Male,17,10,79,78,6,No,No,79,Good
11460,Female,19,4,96,54,3,Yes,Yes,58,Average
11461,Female,19,3,55,96,2,No,No,49,Poor
11462,Male,16,6,73,46,6,Yes,No,66,Good
11463,Female,20,2,75,47,10,No,Yes,52,Average
11464,Female,16,8,69,65,4,No,Yes,57,Average
11465,Female,22,10,71,86,2,Yes,No,79,Good
11466,Male,16,5,100,80,6,No,Yes,78,Good
11467,Male,18,4,98,43,3,No,No,53,Average
11468,Male,19,5,82,46,6,No,No,56,Average
11469,Female,22,3,57,87,8,Yes,No,58,Average
11470,Male,20,7,79,54,4,No,No,59,Average
11471,Female,19,9,68,84,1,No,No,75,Good
11472,Female,21,7,51,93,9,Yes,No,79,Good
11473,Male,18,2,73,69,9,No,Yes,57,Average
11474,Female,20,3,64,57,2,Yes,Yes,55,Average
11475,Male,17,3,65,83,5,Yes,No,57,Average
11476,Male,16,4,91,49,8,No,No,67,Good
11477,Female,17,6,86,98,8,No,Yes,77,Good
11478,Male,19,6,84,63,9,Yes,No,71,Good
11479,Female,17,9,52,89,1,No,Yes,67,Good
11480,Female,16,8,79,77,0,Yes,No,64,Average
11481,Male,22,5,82,77,4,No,Yes,67,Good
11482,Female,21,7,58,99,3,No,Yes,74,Good
11483,Female,20,3,77,54,7,No,Yes,58,Average
11484,Female,20,7,66,66,5,Yes,Yes,67,Good
11485,Female,17,5,84,79,5,No,No,68,Good
11486,Female,19,5,63,78,8,No,Yes,55,Average
11487,Male,16,1,67,65,6,No,Yes,51,Average
11488,Male,17,7,97,46,2,No,No,57,Average
11489,Male,16,6,60,40,6,No,Yes,45,Poor
11490,Female,21,8,97,96,0,No,No,77,Good
11491,Male,18,9,88,46,10,Yes,Yes,70,Good
11492,Female,18,1,87,45,5,No,Yes,51,Average
11493,Male,17,9,63,54,9,No,Yes,68,Good
11494,Female,18,7,65,51,7,No,Yes,57,Average
11495,Female,16,10,64,49,8,No,No,63,Average
11496,Female,19,7,84,92,7,No,Yes,81,Excellent
11497,Female,17,8,88,83,7,No,No,74,Good
11498,Female,18,3,56,100,7,Yes,Yes,69,Good
11499,Female,21,10,94,61,9,Yes,No,82,Excellent
11500,Female,21,10,68,81,5,Yes,No,76,Good
11501,Male,18,5,86,78,0,No,No,57,Average
11502,Male,21,5,57,97,0,Yes,Yes,68,Good
11503,Male,19,10,93,41,5,No,No,65,Good
11504,Male,19,4,87,48,6,No,No,60,Average
11505,Female,21,9,62,89,7,Yes,Yes,78,Good
11506,Male,21,4,95,46,2,No,No,61,Average
11507,Female,19,6,56,58,9,No,No,65,Good
11508,Female,16,1,59,74,6,No,No,43,Poor
11509,Female,22,1,79,55,1,No,Yes,44,Poor
11510,Male,20,9,58,94,5,No,No,78,Good
11511,Male,17,9,90,99,2,No,Yes,89,Excellent
11512,Female,20,8,96,100,2,No,No,74,Good
11513,Female,18,8,52,74,8,No,Yes,66,Good
11514,Male,20,2,91,66,10,Yes,No,63,Average
11515,Male,22,3,80,84,5,No,No,60,Average
11516,Female,21,1,72,42,0,Yes,No,38,Poor
11517,Female,18,10,77,87,0,No,No,74,Good
11518,Female,18,3,61,53,3,No,Yes,50,Average
11519,Male,17,5,78,48,9,No,Yes,56,Average
11520,Female,22,6,58,76,9,No,No,58,Average
11521,Male,21,1,82,73,5,No,Yes,62,Average
11522,Male,19,5,88,91,10,Yes,No,73,Good
11523,Male,18,5,80,48,4,No,Yes,53,Average
11524,Male,22,4,69,61,8,No,Yes,57,Average
11525,Female,16,9,86,99,4,Yes,No,90,Excellent
11526,Female,21,5,81,95,10,Yes,No,79,Good
11527,Female,16,10,86,65,1,Yes,Yes,79,Good
11528,Female,19,1,80,47,3,Yes,Yes,43,Poor
11529,Female,20,6,60,71,2,No,No,48,Poor
11530,Female,20,6,62,96,5,Yes,No,64,Average
11531,Male,16,2,85,72,2,Yes,Yes,56,Average
11532,Male,19,3,64,64,1,Yes,Yes,43,Poor
11533,Female,16,2,88,61,9,No,Yes,67,Good
11534,Female,18,10,72,41,3,Yes,No,70,Good
11535,Male,16,6,79,96,7,Yes,No,78,Good
11536,Male,18,1,61,51,6,No,No,39,Poor
11537,Male,20,5,82,93,4,No,Yes,62,Average
11538,Female,20,9,59,91,3,No,Yes,78,Good
11539,Male,22,3,56,44,8,Yes,Yes,50,Average
11540,Male,21,8,70,81,3,Yes,No,68,Good
11541,Female,18,9,95,92,6,Yes,Yes,81,Excellent
11542,Male,16,3,98,78,2,No,Yes,67,Good
11543,Female,17,2,66,84,10,No,No,65,Good
11544,Male,17,2,69,66,8,No,Yes,54,Average
11545,Male,22,2,73,47,6,No,No,49,Poor
11546,Female,20,3,99,45,8,Yes,Yes,58,Average
11547,Female,22,7,66,82,8,Yes,No,66,Good
11548,Male,16,8,81,55,0,Yes,Yes,61,Average
11549,Male,20,3,57,80,0,Yes,Yes,55,Average
11550,Male,17,5,93,92,8,No,Yes,82,Excellent
11551,Female,20,4,58,96,2,No,No,52,Average
11552,Male,19,10,55,72,5,Yes,No,72,Good
11553,Female,20,8,94,71,3,Yes,Yes,74,Good
11554,Female,16,8,57,93,4,No,Yes,67,Good
11555,Female,22,9,95,56,4,No,No,77,Good
11556,Male,19,4,57,87,4,Yes,Yes,55,Average
11557,Female,20,10,100,53,2,Yes,Yes,77,Good
11558,Female,22,9,52,92,0,Yes,No,61,Average
11559,Female,19,2,73,93,6,No,Yes,65,Good
11560,Male,19,9,83,82,0,Yes,Yes,82,Excellent
11561,Male,18,9,93,51,9,Yes,No,81,Excellent
11562,Female,18,8,63,48,6,No,Yes,52,Average
11563,Male,19,3,93,62,9,No,Yes,59,Average
11564,Female,19,1,87,89,1,No,No,53,Average
11565,Female,18,9,63,45,10,No,Yes,66,Good
11566,Female,22,1,89,46,3,Yes,Yes,56,Average
11567,Male,17,7,97,48,9,Yes,No,76,Good
11568,Female,18,6,64,90,10,Yes,Yes,75,Good
11569,Male,22,9,53,48,5,No,No,61,Average
11570,Female,20,8,59,62,1,Yes,No,65,Good
11571,Female,16,8,60,74,8,No,No,62,Average
11572,Female,21,6,64,78,4,No,Yes,62,Average
11573,Female,17,4,83,87,5,Yes,Yes,70,Good
11574,Female,22,2,54,98,1,Yes,No,58,Average
11575,Female,21,10,97,85,4,Yes,Yes,86,Excellent
11576,Male,16,4,59,59,2,No,Yes,55,Average
11577,Female,19,6,57,79,5,No,No,61,Average
11578,Female,21,7,50,54,5,No,No,49,Poor
11579,Female,17,10,96,79,6,No,Yes,90,Excellent
11580,Male,21,6,79,40,7,No,No,53,Average
11581,Female,16,1,62,48,5,No,No,38,Poor
11582,Male,16,3,55,66,9,No,Yes,47,Poor
11583,Male,21,7,76,84,7,Yes,No,74,Good
11584,Male,17,4,80,78,7,Yes,Yes,59,Average
11585,Male,21,8,54,82,5,Yes,Yes,67,Good
11586,Male,19,10,52,45,8,No,Yes,67,Good
11587,Male,19,7,61,70,4,Yes,Yes,68,Good
11588,Female,16,3,56,79,1,Yes,No,46,Poor
11589,Male,21,5,67,81,7,No,Yes,64,Average
11590,Female,17,4,90,45,7,No,No,66,Good
11591,Female,21,5,57,63,2,Yes,Yes,48,Poor
11592,Female,19,6,69,83,8,Yes,No,66,Good
11593,Female,18,8,65,72,3,No,No,65,Good
11594,Female,16,9,63,98,4,No,No,79,Good
11595,Female,19,3,72,63,3,No,No,54,Average
11596,Male,19,1,71,77,2,Yes,Yes,60,Average
11597,Female,18,2,76,97,9,Yes,Yes,61,Average
11598,Female,20,4,56,85,10,Yes,Yes,73,Good
11599,Female,16,4,66,92,1,Yes,No,54,Average
11600,Male,21,1,75,69,1,No,Yes,49,Poor
11601,Female,22,6,100,93,8,No,Yes,76,Good
11602,Male,22,1,50,72,7,Yes,Yes,46,Poor
11603,Male,16,2,57,89,8,Yes,No,61,Average
11604,Female,18,9,58,71,3,No,No,72,Good
11605,Male,18,10,85,77,8,Yes,Yes,88,Excellent
11606,Male,18,6,71,98,0,Yes,Yes,74,Good
11607,Female,22,1,80,100,3,Yes,No,64,Average
11608,Female,21,6,54,48,2,No,Yes,55,Average
11609,Male,21,10,83,59,8,Yes,Yes,79,Good
11610,Male,22,1,94,57,2,Yes,No,47,Poor
11611,Female,16,6,76,54,3,Yes,Yes,67,Good
11612,Male,21,8,74,81,4,No,Yes,68,Good
11613,Male,22,10,62,52,0,No,No,56,Average
11614,Female,17,9,88,55,1,Yes,No,62,Average
11615,Male,20,5,67,42,6,Yes,No,50,Average
11616,Male,21,4,77,67,1,No,Yes,51,Average
11617,Female,18,10,77,55,8,Yes,No,80,Excellent
11618,Female,16,7,88,78,1,No,No,71,Good
11619,Male,22,2,65,53,0,Yes,No,37,Poor
11620,Male,21,4,51,42,1,Yes,No,37,Poor
11621,Female,22,5,66,90,3,No,Yes,62,Average
11622,Female,16,6,97,64,1,Yes,No,68,Good
11623,Female,19,4,86,41,7,Yes,No,60,Average
11624,Female,18,7,57,93,9,Yes,Yes,72,Good
11625,Male,21,10,50,58,0,Yes,Yes,67,Good
11626,Male,22,5,93,47,9,No,No,56,Average
11627,Female,20,9,93,69,3,Yes,Yes,83,Excellent
11628,Female,18,5,89,74,5,No,Yes,72,Good
11629,Female,19,8,78,82,7,Yes,Yes,72,Good
11630,Female,19,4,63,85,7,Yes,No,66,Good
11631,Female,21,9,62,68,2,Yes,Yes,68,Good
11632,Female,16,7,99,63,5,Yes,No,68,Good
11633,Female,21,9,98,86,2,No,Yes,79,Good
11634,Male,16,3,57,59,2,Yes,No,43,Poor
11635,Male,20,10,83,98,9,Yes,Yes,97,Excellent
11636,Male,17,5,58,72,2,Yes,No,56,Average
11637,Male,20,1,78,47,2,Yes,Yes,37,Poor
11638,Male,22,6,63,82,0,Yes,No,57,Average
11639,Female,22,3,68,94,8,No,No,64,Average
11640,Male,16,6,56,52,10,No,No,63,Average
11641,Female,18,6,66,90,8,Yes,Yes,76,Good
11642,Male,21,3,71,88,2,No,No,56,Average
11643,Male,20,10,83,84,2,Yes,Yes,76,Good
11644,Male,18,4,92,50,8,Yes,Yes,63,Average
11645,Female,22,1,55,72,6,Yes,No,47,Poor
11646,Female,21,5,72,64,0,Yes,No,64,Average
11647,Female,17,2,54,54,10,No,No,40,Poor
11648,Male,16,3,60,71,4,Yes,Yes,47,Poor
11649,Female,20,3,100,94,9,No,No,74,Good
11650,Male,21,4,55,62,7,Yes,No,48,Poor
11651,Male,20,9,71,68,7,Yes,No,66,Good
11652,Male,17,4,74,95,0,No,Yes,64,Average
11653,Female,22,7,78,80,0,Yes,Yes,63,Average
11654,Male,22,6,52,96,8,Yes,Yes,72,Good
11655,Male,18,3,56,67,2,Yes,No,52,Average
11656,Female,17,2,100,47,9,No,No,58,Average
11657,Female,16,4,64,57,1,Yes,Yes,45,Poor
11658,Male,22,9,75,97,0,No,Yes,76,Good
11659,Female,19,2,63,82,8,Yes,No,68,Good
11660,Male,20,7,81,93,7,No,Yes,71,Good
11661,Male,22,10,52,83,9,Yes,Yes,74,Good
11662,Female,19,7,61,63,7,Yes,Yes,69,Good
11663,Female,19,3,85,60,9,Yes,No,57,Average
11664,Male,20,3,100,41,9,Yes,Yes,54,Average
11665,Male,22,7,77,69,5,Yes,Yes,76,Good
11666,Female,17,8,79,78,9,No,Yes,70,Good
11667,Female,20,10,96,52,6,No,No,76,Good
11668,Female,20,7,83,61,8,No,Yes,66,Good
11669,Female,19,5,69,54,3,No,Yes,50,Average
11670,Female,22,2,98,56,2,Yes,Yes,50,Average
11671,Female,21,9,95,66,2,Yes,Yes,75,Good
11672,Female,18,10,77,58,8,No,Yes,66,Good
11673,Male,19,10,79,82,2,Yes,No,74,Good
11674,Male,20,3,75,83,9,No,No,56,Average
11675,Male,16,1,64,98,8,Yes,Yes,59,Average
11676,Male,22,10,58,97,4,No,No,74,Good
11677,Female,16,3,86,68,3,No,Yes,64,Average
11678,Male,16,4,64,91,9,Yes,Yes,68,Good
11679,Male,20,4,88,95,10,Yes,No,78,Good
11680,Male,16,6,55,60,6,Yes,Yes,62,Average
11681,Male,22,4,50,54,9,No,Yes,43,Poor
11682,Female,17,4,91,43,3,No,Yes,50,Average
11683,Female,21,2,85,82,2,No,Yes,53,Average
11684,Female,22,7,71,40,9,No,No,65,Good
11685,Female,22,6,73,66,9,Yes,Yes,67,Good
11686,Female,22,6,67,60,3,Yes,No,66,Good
11687,Male,17,5,79,77,7,No,No,67,Good
11688,Male,17,8,63,52,2,No,Yes,56,Average
11689,Female,17,1,91,67,1,Yes,Yes,49,Poor
11690,Male,21,1,67,88,3,No,No,55,Average
11691,Female,20,5,62,52,7,Yes,No,52,Average
11692,Male,18,10,52,79,7,Yes,No,79,Good
11693,Female,19,2,92,66,4,Yes,Yes,66,Good
11694,Female,17,8,70,83,1,No,No,74,Good
11695,Female,17,6,57,42,8,Yes,No,58,Average
11696,Female,20,8,54,44,9,No,No,58,Average
11697,Female,22,8,71,93,3,Yes,No,71,Good
11698,Female,20,8,52,67,6,No,No,56,Average
11699,Female,22,5,53,55,2,Yes,No,46,Poor
11700,Male,19,6,65,90,6,No,No,60,Average
11701,Female,20,10,69,66,1,No,No,68,Good
11702,Male,18,2,57,91,7,No,No,59,Average
11703,Female,20,9,59,45,5,No,Yes,62,Average
11704,Male,18,7,58,85,9,No,No,75,Good
11705,Female,17,1,82,60,5,No,No,49,Poor
11706,Male,22,5,67,77,3,No,No,66,Good
11707,Female,21,9,82,97,7,No,Yes,91,Excellent
11708,Female,22,10,56,67,9,No,Yes,74,Good
11709,Male,21,7,97,84,2,No,Yes,78,Good
11710,Female,21,4,71,86,10,Yes,No,66,Good
11711,Female,22,5,79,91,7,Yes,Yes,78,Good
11712,Male,19,7,56,69,7,Yes,Yes,57,Average
11713,Male,17,2,89,55,9,Yes,Yes,53,Average
11714,Female,16,5,70,42,1,No,Yes,48,Poor
11715,Male,22,5,50,91,0,Yes,Yes,64,Average
11716,Male,17,5,79,50,4,Yes,No,57,Average
11717,Male,18,7,87,66,10,Yes,No,69,Good
11718,Female,22,4,53,41,6,No,Yes,52,Average
11719,Female,19,4,87,97,5,No,No,74,Good
11720,Female,22,3,59,65,0,Yes,No,51,Average
11721,Male,21,1,57,92,10,Yes,Yes,68,Good
11722,Female,22,5,79,78,4,Yes,No,61,Average
11723,Male,20,5,83,98,8,Yes,No,86,Excellent
11724,Female,17,1,98,81,10,Yes,No,66,Good
11725,Female,22,9,57,81,1,No,Yes,70,Good
11726,Male,16,7,72,97,7,Yes,Yes,77,Good
11727,Male,20,6,55,61,5,Yes,No,58,Average
11728,Male,20,7,76,70,7,Yes,Yes,68,Good
11729,Male,17,7,85,49,8,No,Yes,72,Good
11730,Male,19,10,69,71,2,Yes,No,68,Good
11731,Male,21,8,79,62,10,Yes,No,74,Good
11732,Male,19,8,95,65,9,No,Yes,72,Good
11733,Male,17,5,90,42,9,No,Yes,61,Average
11734,Female,19,7,83,78,9,No,No,67,Good
11735,Male,16,2,83,63,3,No,No,52,Average
11736,Male,17,2,75,95,4,Yes,Yes,68,Good
11737,Female,22,5,75,83,1,Yes,No,66,Good
11738,Female,16,8,84,90,6,Yes,Yes,78,Good
11739,Female,16,6,80,85,10,Yes,No,74,Good
11740,Female,20,4,80,90,5,Yes,No,62,Average
11741,Male,21,2,91,80,4,Yes,Yes,65,Good
11742,Female,20,6,78,54,0,Yes,No,59,Average
11743,Male,22,6,58,57,8,Yes,No,58,Average
11744,Male,16,5,73,41,6,No,No,52,Average
11745,Male,18,10,96,98,5,No,Yes,88,Excellent
11746,Female,16,4,83,95,5,No,No,73,Good
11747,Female,20,1,94,72,5,Yes,Yes,57,Average
11748,Male,20,8,68,80,3,Yes,Yes,75,Good
11749,Male,21,10,82,81,2,No,No,78,Good
11750,Male,16,5,95,97,0,No,No,63,Average
11751,Male,22,1,74,70,9,No,No,50,Average
11752,Male,17,1,92,46,1,Yes,No,44,Poor
11753,Male,22,1,97,62,5,No,No,50,Average
11754,Male,21,4,87,81,10,No,Yes,77,Good
11755,Male,18,10,59,51,1,Yes,No,67,Good
11756,Female,21,3,56,78,10,No,No,55,Average
11757,Female,22,5,81,82,0,No,Yes,64,Average
11758,Male,18,8,58,82,5,Yes,Yes,65,Good
11759,Female,16,9,76,80,5,No,Yes,66,Good
11760,Female,16,2,89,59,3,Yes,No,56,Average
11761,Male,16,7,63,96,4,No,Yes,71,Good
11762,Male,22,4,74,91,1,Yes,No,56,Average
11763,Male,19,1,57,51,7,Yes,No,37,Poor
11764,Female,19,7,52,50,10,No,Yes,54,Average
11765,Male,17,6,99,67,8,No,No,75,Good
11766,Female,20,10,56,42,0,No,Yes,48,Poor
11767,Female,20,7,80,97,0,Yes,Yes,73,Good
11768,Male,20,3,72,40,8,Yes,No,45,Poor
11769,Male,16,8,52,59,7,No,No,53,Average
11770,Male,17,9,55,64,0,No,Yes,56,Average
11771,Female,19,2,61,56,4,Yes,Yes,53,Average
11772,Male,22,10,72,66,8,No,Yes,81,Excellent
11773,Female,18,8,52,68,2,No,No,55,Average
11774,Male,20,10,87,71,9,No,No,77,Good
11775,Female,18,6,51,64,7,Yes,Yes,58,Average
11776,Female,16,9,65,61,2,Yes,Yes,59,Average
11777,Male,17,8,95,70,0,Yes,No,72,Good
11778,Male,20,3,65,89,1,Yes,Yes,64,Average
11779,Male,17,4,53,67,10,No,No,54,Average
11780,Female,18,2,78,96,4,No,No,65,Good
11781,Female,21,7,81,46,9,No,No,60,Average
11782,Male,17,10,73,45,10,No,Yes,77,Good
11783,Male,18,1,70,55,9,No,No,55,Average
11784,Female,21,4,54,54,3,Yes,No,43,Poor
11785,Male,17,5,91,60,6,No,No,71,Good
11786,Male,21,2,71,52,9,No,No,50,Average
11787,Female,17,4,66,97,1,No,Yes,61,Average
11788,Male,17,10,53,80,7,Yes,No,68,Good
11789,Male,22,5,58,70,5,No,Yes,60,Average
11790,Male,18,5,53,89,5,No,Yes,54,Average
11791,Female,19,4,60,56,9,Yes,No,59,Average
11792,Female,16,6,87,67,6,Yes,No,66,Good
11793,Male,16,5,76,45,6,Yes,No,52,Average
11794,Female,17,8,57,98,4,No,Yes,64,Average
11795,Male,19,4,96,40,6,Yes,No,65,Good
11796,Female,17,2,61,47,2,No,No,44,Poor
11797,Male,22,9,65,60,1,No,Yes,57,Average
11798,Male,18,7,95,47,1,Yes,No,62,Average
11799,Male,20,4,52,77,0,No,No,57,Average
11800,Male,17,9,64,94,0,Yes,No,77,Good
11801,Male,18,9,55,75,6,No,No,72,Good
11802,Male,19,9,93,77,10,Yes,No,80,Excellent
11803,Male,16,3,51,52,10,Yes,Yes,57,Average
11804,Female,21,7,62,81,6,No,No,73,Good
11805,Male,19,10,74,62,4,Yes,Yes,75,Good
11806,Female,17,8,91,96,5,Yes,No,85,Excellent
11807,Female,18,7,78,42,1,No,Yes,62,Average
11808,Female,20,5,89,82,1,No,No,73,Good
11809,Female,20,2,67,58,1,No,No,36,Poor
11810,Male,17,6,78,54,10,No,No,57,Average
11811,Male,16,9,63,72,9,Yes,No,75,Good
11812,Male,16,10,54,99,5,No,Yes,73,Good
11813,Female,20,5,62,84,2,Yes,Yes,68,Good
11814,Male,20,8,68,94,5,Yes,No,69,Good
11815,Female,16,8,91,58,9,Yes,Yes,80,Excellent
11816,Female,17,6,87,69,10,Yes,Yes,76,Good
11817,Male,19,8,68,66,4,Yes,Yes,70,Good
11818,Female,19,5,87,79,8,No,No,67,Good
11819,Female,21,1,54,84,8,No,Yes,51,Average
11820,Female,20,8,86,97,8,Yes,No,91,Excellent
11821,Male,18,6,59,56,8,No,Yes,50,Average
11822,Female,18,7,85,94,6,No,Yes,69,Good
11823,Female,22,1,92,40,0,No,Yes,46,Poor
11824,Female,22,7,80,52,7,Yes,Yes,72,Good
11825,Female,19,2,95,100,2,No,No,60,Average
11826,Female,17,6,64,81,3,No,Yes,58,Average
11827,Female,20,1,95,75,8,No,No,64,Average
11828,Male,20,8,62,100,5,No,No,79,Good
11829,Female,18,3,82,82,5,Yes,No,72,Good
11830,Male,22,7,59,100,0,No,No,67,Good
11831,Male,19,4,71,85,9,No,No,69,Good
11832,Female,20,10,82,42,0,Yes,No,69,Good
11833,Male,19,7,90,71,1,No,No,65,Good
11834,Female,21,8,97,63,9,Yes,No,86,Excellent
11835,Male,19,7,74,94,8,Yes,Yes,71,Good
11836,Female,19,4,99,88,1,Yes,No,66,Good
11837,Male,22,6,54,48,5,No,No,58,Average
11838,Male,18,3,65,56,10,Yes,Yes,51,Average
11839,Female,20,10,53,65,4,Yes,No,73,Good
11840,Male,21,10,68,56,7,No,No,66,Good
11841,Female,22,6,52,53,1,Yes,No,50,Average
11842,Male,20,3,56,78,1,No,No,55,Average
11843,Male,22,1,83,65,6,No,No,52,Average
11844,Female,17,9,62,77,2,No,Yes,73,Good
11845,Male,21,3,80,88,8,No,Yes,64,Average
11846,Female,21,1,69,62,1,Yes,No,41,Poor
11847,Male,21,8,55,64,1,Yes,No,53,Average
11848,Male,20,2,56,41,7,Yes,No,47,Poor
11849,Male,22,8,82,56,5,Yes,Yes,75,Good
11850,Female,16,6,92,84,3,Yes,No,80,Excellent
11851,Female,20,10,97,57,1,No,No,79,Good
11852,Male,21,9,51,72,6,No,No,70,Good
11853,Female,18,10,86,65,7,Yes,Yes,78,Good
11854,Male,19,2,94,69,8,Yes,No,72,Good
11855,Male,16,3,53,53,7,No,No,41,Poor
11856,Female,20,10,93,58,7,No,No,71,Good
11857,Female,20,10,62,73,8,No,No,80,Excellent
11858,Female,22,4,85,50,4,No,No,48,Poor
11859,Female,20,6,98,62,1,Yes,Yes,64,Average
11860,Male,21,8,63,45,5,Yes,Yes,63,Average
11861,Male,18,4,75,80,1,Yes,Yes,62,Average
11862,Female,21,7,63,78,4,No,Yes,61,Average
11863,Male,21,9,86,44,3,Yes,Yes,74,Good
11864,Male,22,2,94,60,9,No,Yes,60,Average
11865,Male,18,4,53,94,10,No,No,65,Good
11866,Female,19,8,57,48,3,Yes,Yes,64,Average
11867,Male,20,9,80,72,9,No,Yes,77,Good
11868,Female,22,8,58,59,10,Yes,No,74,Good
11869,Male,17,4,96,86,5,No,Yes,76,Good
11870,Female,16,9,93,76,7,Yes,Yes,85,Excellent
11871,Female,16,4,90,98,10,Yes,No,75,Good
11872,Female,19,2,86,63,3,No,Yes,46,Poor
11873,Female,19,3,57,72,7,Yes,No,54,Average
11874,Male,18,8,82,56,8,Yes,No,73,Good
11875,Male,17,6,64,47,2,Yes,No,58,Average
11876,Male,21,10,81,95,8,Yes,No,82,Excellent
11877,Male,17,5,81,47,0,Yes,Yes,53,Average
11878,Female,21,4,64,45,1,Yes,No,53,Average
11879,Male,22,5,71,51,7,No,No,60,Average
11880,Female,21,5,59,72,2,Yes,No,62,Average
11881,Female,17,8,82,74,3,Yes,Yes,66,Good
11882,Female,19,8,56,49,10,Yes,No,70,Good
11883,Female,22,4,62,75,3,No,No,57,Average
11884,Female,21,9,59,68,3,No,No,59,Average
11885,Male,19,2,67,76,8,No,Yes,48,Poor
11886,Female,21,10,77,72,10,Yes,Yes,84,Excellent
11887,Female,20,1,87,57,7,Yes,Yes,58,Average
11888,Female,19,4,59,94,5,Yes,No,72,Good
11889,Male,21,9,58,97,1,Yes,No,66,Good
11890,Female,22,4,82,47,4,Yes,No,49,Poor
11891,Male,17,2,64,52,1,Yes,No,49,Poor
11892,Female,20,7,65,81,4,Yes,No,70,Good
11893,Female,18,6,80,40,1,No,Yes,59,Average
11894,Female,17,10,96,96,8,No,No,93,Excellent
11895,Male,17,7,67,47,4,Yes,No,60,Average
11896,Male,16,9,99,45,0,Yes,Yes,61,Average
11897,Female,17,2,51,68,9,No,Yes,54,Average
11898,Male,20,1,58,40,5,Yes,Yes,38,Poor
11899,Female,21,9,60,46,2,No,Yes,59,Average
11900,Male,17,1,98,48,9,Yes,Yes,60,Average
11901,Female,20,4,65,73,8,Yes,No,64,Average
11902,Male,20,7,80,79,6,Yes,Yes,71,Good
11903,Male,22,6,86,73,8,No,Yes,64,Average
11904,Female,16,1,67,82,6,Yes,No,52,Average
11905,Male,22,2,91,61,0,No,No,54,Average
11906,Male,21,4,97,52,5,No,Yes,55,Average
11907,Male,19,6,53,76,2,Yes,No,62,Average
11908,Female,18,3,78,99,0,Yes,Yes,71,Good
11909,Female,16,2,59,99,9,No,No,66,Good
11910,Female,17,5,88,85,5,No,No,74,Good
11911,Male,16,10,59,91,2,No,No,68,Good
11912,Male,16,4,93,48,5,Yes,No,64,Average
11913,Female,21,3,87,87,2,No,Yes,67,Good
11914,Male,22,4,91,64,6,Yes,Yes,60,Average
11915,Male,22,3,63,93,7,Yes,Yes,64,Average
11916,Female,17,3,98,79,8,Yes,No,80,Excellent
11917,Male,18,8,69,88,4,Yes,Yes,75,Good
11918,Male,18,4,84,56,2,Yes,Yes,60,Average
11919,Female,16,6,84,81,2,No,Yes,64,Average
11920,Female,21,6,60,73,5,Yes,Yes,64,Average
11921,Male,19,4,95,98,3,Yes,Yes,68,Good
11922,Male,20,5,80,42,1,Yes,No,49,Poor
11923,Male,20,7,64,92,10,Yes,Yes,72,Good
11924,Female,19,7,59,55,7,No,No,64,Average
11925,Female,16,3,63,81,10,Yes,Yes,69,Good
11926,Female,18,4,52,49,1,Yes,Yes,49,Poor
11927,Female,17,3,97,67,7,Yes,No,75,Good
11928,Male,20,4,59,73,6,No,No,56,Average
11929,Male,17,7,76,55,0,No,No,65,Good
11930,Female,22,3,83,49,3,Yes,Yes,60,Average
11931,Female,19,4,77,87,4,Yes,Yes,68,Good
11932,Female,19,9,55,70,10,No,No,77,Good
11933,Female,20,8,91,75,0,No,No,78,Good
11934,Female,19,1,88,94,6,No,Yes,70,Good
11935,Female,19,7,63,74,6,Yes,Yes,66,Good
11936,Female,16,1,92,44,7,No,Yes,50,Average
11937,Male,19,7,53,53,5,No,Yes,52,Average
11938,Female,17,6,99,60,5,No,Yes,75,Good
11939,Female,19,4,59,82,9,No,Yes,61,Average
11940,Female,19,5,79,98,0,Yes,Yes,75,Good
11941,Female,19,2,89,98,0,No,Yes,61,Average
11942,Female,21,7,58,87,4,Yes,No,75,Good
11943,Male,20,8,67,73,9,No,Yes,75,Good
11944,Male,22,5,82,52,1,Yes,Yes,52,Average
11945,Male,18,9,73,42,6,Yes,No,71,Good
11946,Male,18,5,51,66,0,Yes,No,58,Average
11947,Female,21,3,60,79,7,Yes,Yes,53,Average
11948,Female,20,3,93,51,9,Yes,Yes,71,Good
11949,Male,22,6,64,50,7,No,No,63,Average
11950,Male,18,6,92,91,0,Yes,No,67,Good
11951,Female,22,10,74,49,4,No,No,71,Good
11952,Female,21,10,50,61,3,No,No,64,Average
11953,Female,18,5,70,44,0,Yes,No,50,Average
11954,Male,18,6,66,61,6,Yes,Yes,59,Average
11955,Female,19,10,56,57,10,Yes,Yes,80,Excellent
11956,Female,18,4,95,62,7,Yes,No,61,Average
11957,Male,16,3,88,70,2,No,Yes,50,Average
11958,Male,20,5,72,97,5,No,No,75,Good
11959,Male,19,2,66,49,4,No,Yes,44,Poor
11960,Female,21,8,73,97,7,Yes,Yes,74,Good
11961,Female,16,3,91,66,9,No,No,68,Good
11962,Female,22,6,55,69,3,No,Yes,54,Average
11963,Female,17,4,82,49,3,Yes,No,60,Average
11964,Male,20,5,77,64,3,No,No,66,Good
11965,Male,20,8,67,97,10,Yes,No,82,Excellent
11966,Male,19,4,97,63,9,Yes,Yes,73,Good
11967,Female,20,5,87,83,10,No,No,78,Good
11968,Female,21,3,80,54,8,No,Yes,56,Average
11969,Female,17,6,92,94,9,Yes,Yes,78,Good
11970,Male,22,10,64,54,7,No,Yes,71,Good
11971,Female,18,4,60,92,6,No,Yes,69,Good
11972,Male,20,9,93,49,4,Yes,Yes,72,Good
11973,Female,17,3,87,60,4,No,Yes,55,Average
11974,Female,21,9,88,78,3,Yes,Yes,82,Excellent
11975,Female,20,10,95,50,8,Yes,Yes,86,Excellent
11976,Male,22,5,89,56,5,No,No,59,Average
11977,Female,21,2,56,48,1,No,Yes,45,Poor
11978,Male,17,1,53,44,0,Yes,Yes,41,Poor
11979,Female,20,3,58,84,9,Yes,No,62,Average
11980,Female,21,8,72,41,7,No,Yes,61,Average
11981,Male,22,2,95,48,10,Yes,No,68,Good
11982,Female,18,2,54,65,7,Yes,No,52,Average
11983,Male,16,7,81,93,6,Yes,No,83,Excellent
11984,Male,16,8,99,69,6,No,Yes,70,Good
11985,Female,16,10,85,89,10,Yes,No,88,Excellent
11986,Male,17,8,63,87,6,No,No,66,Good
11987,Female,16,5,99,62,0,No,No,61,Average
11988,Male,17,5,62,73,3,No,Yes,48,Poor
11989,Female,19,2,92,53,6,No,Yes,48,Poor
11990,Female,16,9,63,61,5,No,No,65,Good
11991,Female,19,2,50,70,10,Yes,Yes,57,Average
11992,Female,18,2,53,69,2,No,No,47,Poor
11993,Female,22,1,60,71,10,Yes,Yes,50,Average
11994,Male,19,7,58,50,8,Yes,No,58,Average
11995,Female,17,2,91,91,0,No,No,55,Average
11996,Female,18,10,61,66,5,Yes,No,79,Good
11997,Female,20,9,91,84,2,Yes,No,84,Excellent
11998,Male,22,3,78,47,8,No,Yes,61,Average
11999,Female,18,7,65,99,5,Yes,Yes,78,Good
12000,Male,20,2,77,53,3,Yes,Yes,58,Average
12001,Male,16,9,74,50,4,Yes,Yes,62,Average
12002,Male,21,9,53,85,10,Yes,No,79,Good
12003,Female,17,1,74,80,6,No,No,57,Average
12004,Male,18,2,85,99,4,Yes,Yes,75,Good
12005,Male,18,10,51,40,6,No,No,57,Average
12006,Male,17,6,84,47,6,Yes,Yes,59,Average
12007,Female,22,8,95,71,9,No,No,72,Good
12008,Male,22,5,94,93,9,No,Yes,74,Good
12009,Male,18,10,85,96,10,No,No,90,Excellent
12010,Female,17,1,73,83,8,No,Yes,64,Average
12011,Female,22,6,99,92,1,Yes,Yes,75,Good
12012,Male,17,3,86,70,2,Yes,No,52,Average
12013,Female,21,3,77,93,8,Yes,Yes,70,Good
12014,Female,21,4,70,61,0,No,No,54,Average
12015,Female,18,1,80,77,1,Yes,No,46,Poor
12016,Male,19,2,57,89,3,Yes,No,52,Average
12017,Male,18,7,76,50,10,No,No,63,Average
12018,Female,21,2,98,100,6,No,No,73,Good
12019,Male,18,6,59,43,1,Yes,Yes,47,Poor
12020,Male,18,8,99,91,3,No,Yes,80,Excellent
12021,Male,17,1,81,47,2,No,No,50,Average
12022,Male,20,2,53,46,6,No,No,34,Poor
12023,Female,22,9,58,92,1,Yes,No,68,Good
12024,Female,18,8,71,90,5,Yes,Yes,73,Good
12025,Male,19,8,65,53,10,Yes,Yes,65,Good
12026,Male,22,1,85,58,8,No,Yes,47,Poor
12027,Female,19,1,83,87,8,No,Yes,56,Average
12028,Male,18,10,67,89,2,Yes,Yes,83,Excellent
12029,Male,20,4,61,60,2,No,No,51,Average
12030,Female,16,8,61,67,8,Yes,Yes,72,Good
12031,Male,19,8,91,45,9,Yes,Yes,67,Good
12032,Female,18,9,69,94,4,Yes,No,72,Good
12033,Female,18,5,98,91,3,No,Yes,64,Average
12034,Male,21,9,62,44,5,Yes,Yes,62,Average
12035,Male,21,8,96,48,6,No,Yes,64,Average
12036,Female,17,1,71,73,5,Yes,No,54,Average
12037,Male,20,1,66,73,2,No,No,47,Poor
12038,Female,17,4,76,77,3,Yes,Yes,63,Average
12039,Female,17,1,50,75,0,Yes,Yes,46,Poor
12040,Female,17,8,90,74,2,Yes,Yes,76,Good
12041,Female,19,4,63,100,8,Yes,No,74,Good
12042,Male,17,6,76,87,7,Yes,No,77,Good
12043,Male,18,4,70,55,5,No,No,46,Poor
12044,Female,22,7,80,45,5,Yes,No,65,Good
12045,Male,19,5,50,58,4,Yes,No,46,Poor
12046,Female,16,9,100,52,7,Yes,No,71,Good
12047,Female,16,9,76,63,6,No,Yes,73,Good
12048,Male,22,5,92,73,8,Yes,Yes,68,Good
12049,Male,18,4,89,98,0,No,Yes,63,Average
12050,Male,18,10,74,52,6,Yes,No,64,Average
12051,Female,18,6,95,92,1,No,Yes,73,Good
12052,Male,22,6,58,72,3,Yes,No,59,Average
12053,Male,20,10,76,40,1,Yes,No,61,Average
12054,Female,17,8,92,60,3,No,No,77,Good
12055,Male,18,7,79,95,4,No,Yes,78,Good
12056,Female,17,3,70,85,0,Yes,Yes,58,Average
12057,Male,19,8,82,98,1,No,Yes,71,Good
12058,Female,22,7,73,70,1,Yes,No,58,Average
12059,Female,17,5,97,94,7,No,No,85,Excellent
12060,Male,17,7,70,77,7,No,Yes,73,Good
12061,Male,16,2,80,97,1,Yes,Yes,62,Average
12062,Male,17,1,97,88,8,Yes,Yes,75,Good
12063,Male,22,7,53,87,10,Yes,No,76,Good
12064,Female,22,2,78,72,9,Yes,Yes,61,Average
12065,Female,22,8,65,80,9,No,Yes,78,Good
12066,Male,20,2,96,68,8,No,Yes,54,Average
12067,Male,19,5,71,52,8,Yes,Yes,56,Average
12068,Female,20,8,69,40,2,Yes,Yes,52,Average
12069,Male,18,4,51,54,5,Yes,Yes,44,Poor
12070,Female,16,3,57,80,0,No,Yes,46,Poor
12071,Female,17,9,54,50,10,Yes,No,68,Good
12072,Female,21,10,78,91,9,No,No,84,Excellent
12073,Male,21,7,71,56,5,No,Yes,55,Average
12074,Female,20,6,87,61,4,No,No,62,Average
12075,Female,20,8,54,72,3,Yes,No,57,Average
12076,Male,21,1,84,84,1,Yes,No,59,Average
12077,Male,22,8,76,45,9,Yes,Yes,68,Good
12078,Male,19,5,63,57,1,No,Yes,50,Average
12079,Male,18,1,100,56,8,Yes,No,63,Average
12080,Male,20,7,82,52,1,No,Yes,59,Average
12081,Female,18,8,64,98,7,Yes,No,85,Excellent
12082,Male,17,1,77,54,8,No,No,54,Average
12083,Male,21,10,52,74,0,No,Yes,64,Average
12084,Female,21,6,85,70,9,No,No,68,Good
12085,Female,17,6,91,89,7,No,Yes,72,Good
12086,Female,20,3,67,72,9,Yes,Yes,62,Average
12087,Male,18,4,95,93,7,Yes,No,72,Good
12088,Male,16,10,60,83,9,No,No,73,Good
12089,Male,19,1,80,86,10,No,Yes,70,Good
12090,Female,18,9,70,74,2,Yes,No,69,Good
12091,Female,19,3,71,62,9,Yes,No,61,Average
12092,Male,17,5,89,86,6,No,Yes,78,Good
12093,Male,20,10,63,80,9,Yes,Yes,76,Good
12094,Male,16,1,57,75,0,Yes,Yes,53,Average
12095,Female,18,3,50,66,3,No,No,41,Poor
12096,Female,17,5,67,42,4,Yes,Yes,46,Poor
12097,Male,22,8,61,43,7,No,No,65,Good
12098,Male,22,3,80,67,10,No,Yes,56,Average
12099,Male,19,3,60,75,3,No,No,46,Poor
12100,Male,22,9,98,68,0,No,No,75,Good
12101,Female,20,10,81,75,7,Yes,No,77,Good
12102,Female,20,8,97,44,6,No,No,71,Good
12103,Female,22,2,55,73,4,No,No,44,Poor
12104,Male,21,5,86,93,4,No,Yes,74,Good
12105,Male,19,2,99,91,0,Yes,No,70,Good
12106,Male,22,1,87,91,0,Yes,No,66,Good
12107,Male,21,1,68,62,2,Yes,Yes,42,Poor
12108,Female,18,4,96,71,5,No,No,70,Good
12109,Female,22,7,74,60,4,Yes,Yes,69,Good
12110,Male,19,5,72,92,0,No,Yes,69,Good
12111,Male,16,9,54,59,4,Yes,Yes,55,Average
12112,Female,21,1,87,87,0,Yes,No,65,Good
12113,Female,22,5,63,64,1,Yes,No,53,Average
12114,Male,20,3,68,40,6,No,Yes,54,Average
12115,Female,21,4,71,99,2,No,No,60,Average
12116,Male,19,1,61,44,10,No,No,37,Poor
12117,Male,18,4,84,90,3,No,No,71,Good
12118,Female,22,1,88,78,2,Yes,Yes,61,Average
12119,Female,20,3,90,63,1,No,No,49,Poor
12120,Female,18,6,86,90,2,No,Yes,71,Good
12121,Male,16,6,84,86,10,Yes,Yes,81,Excellent
12122,Female,17,7,56,55,7,No,No,57,Average
12123,Male,17,5,72,93,9,Yes,Yes,77,Good
12124,Male,21,7,84,62,8,No,No,67,Good
12125,Female,16,2,67,92,5,Yes,Yes,54,Average
12126,Female,19,1,83,90,3,No,No,49,Poor
12127,Female,17,6,56,64,0,No,Yes,51,Average
12128,Female,21,5,85,52,0,Yes,No,50,Average
12129,Female,18,6,55,49,8,Yes,Yes,51,Average
12130,Male,16,8,74,65,7,Yes,Yes,73,Good
12131,Female,19,9,61,59,3,Yes,No,60,Average
12132,Male,16,7,97,98,3,Yes,Yes,85,Excellent
12133,Male,19,7,100,75,2,No,Yes,76,Good
12134,Male,21,9,90,54,4,No,No,64,Average
12135,Female,19,5,89,93,5,Yes,No,79,Good
12136,Male,20,9,88,68,10,No,No,80,Excellent
12137,Female,17,2,94,50,5,No,No,56,Average
12138,Male,16,9,51,41,7,Yes,No,64,Average
12139,Male,17,5,57,59,10,Yes,Yes,53,Average
12140,Male,18,1,81,90,8,No,Yes,68,Good
12141,Male,21,4,70,40,2,Yes,No,55,Average
12142,Female,22,4,92,75,2,No,Yes,62,Average
12143,Male,20,7,99,71,6,No,Yes,76,Good
12144,Male,20,7,69,75,8,No,No,67,Good
12145,Male,22,3,86,57,6,No,No,61,Average
12146,Male,21,3,67,77,1,Yes,No,60,Average
12147,Female,17,6,88,82,6,Yes,No,80,Excellent
12148,Male,16,2,81,57,8,Yes,Yes,52,Average
12149,Male,16,3,85,70,8,Yes,Yes,62,Average
12150,Female,22,7,91,82,7,Yes,No,84,Excellent
12151,Male,21,1,62,88,1,Yes,No,46,Poor
12152,Male,21,3,57,57,7,No,Yes,52,Average
12153,Male,21,9,69,95,3,No,Yes,72,Good
12154,Female,17,2,80,43,10,No,Yes,58,Average
12155,Female,19,9,50,57,7,No,Yes,59,Average
12156,Female,18,3,85,95,8,No,No,62,Average
12157,Male,21,4,59,66,8,No,No,62,Average
12158,Female,16,7,83,99,6,Yes,Yes,81,Excellent
12159,Male,19,3,58,50,1,No,No,35,Poor
12160,Male,21,10,72,48,6,No,No,65,Good
12161,Female,16,7,78,95,7,Yes,No,80,Excellent
12162,Male,19,6,72,67,8,Yes,No,68,Good
12163,Female,19,8,57,96,8,No,No,68,Good
12164,Female,20,8,81,42,0,Yes,No,60,Average
12165,Female,19,5,90,73,0,Yes,No,68,Good
12166,Female,21,7,57,44,5,No,No,46,Poor
12167,Male,20,8,63,59,2,Yes,Yes,65,Good
12168,Male,20,7,57,82,8,Yes,No,69,Good
12169,Male,18,4,53,79,0,Yes,Yes,57,Average
12170,Female,20,4,77,78,1,Yes,No,68,Good
12171,Female,22,2,92,55,7,Yes,No,55,Average
12172,Male,21,1,98,84,0,Yes,No,59,Average
12173,Male,18,1,71,42,4,Yes,Yes,42,Poor
12174,Female,21,9,54,81,8,Yes,Yes,81,Excellent
12175,Male,21,3,67,92,10,Yes,No,68,Good
12176,Male,17,7,70,56,8,No,Yes,56,Average
12177,Female,16,3,54,88,10,Yes,Yes,61,Average
12178,Male,16,8,82,44,4,Yes,No,69,Good
12179,Female,17,8,70,76,3,No,No,69,Good
12180,Male,21,4,70,82,5,No,No,66,Good
12181,Female,17,4,83,93,6,No,No,66,Good
12182,Female,21,5,90,49,2,No,No,50,Average
12183,Female,18,4,97,95,9,No,No,83,Excellent
12184,Male,17,7,58,94,1,Yes,Yes,74,Good
12185,Male,21,6,85,87,1,Yes,No,64,Average
12186,Male,18,8,73,66,7,Yes,No,79,Good
12187,Male,17,2,66,70,4,No,No,43,Poor
12188,Female,21,5,97,75,10,Yes,Yes,77,Good
12189,Female,22,10,86,54,1,No,No,74,Good
12190,Female,18,4,55,68,0,No,No,45,Poor
12191,Female,19,7,51,83,6,No,No,60,Average
12192,Female,17,1,84,50,5,Yes,Yes,43,Poor
12193,Male,18,4,54,64,10,No,Yes,55,Average
12194,Female,18,10,59,50,2,No,Yes,65,Good
12195,Female,21,7,51,89,6,No,Yes,70,Good
12196,Male,19,3,79,73,8,No,No,59,Average
12197,Female,16,4,62,46,3,No,No,53,Average
12198,Male,20,1,79,68,6,No,No,56,Average
12199,Female,16,4,93,83,10,Yes,Yes,83,Excellent
12200,Male,18,3,86,67,4,Yes,No,55,Average
12201,Female,17,10,72,60,4,Yes,No,65,Good
12202,Male,18,2,75,92,10,Yes,No,71,Good
12203,Male,22,9,54,88,7,No,No,79,Good
12204,Female,22,9,84,100,7,Yes,No,80,Excellent
12205,Male,16,2,50,83,3,No,Yes,51,Average
12206,Female,20,10,70,48,5,Yes,Yes,60,Average
12207,Male,17,2,83,42,0,No,Yes,40,Poor
12208,Male,19,7,72,79,3,No,Yes,68,Good
12209,Female,16,1,63,73,0,Yes,No,41,Poor
12210,Male,20,8,62,40,1,Yes,No,55,Average
12211,Male,22,9,89,50,3,No,Yes,63,Average
12212,Male,18,8,55,62,10,No,Yes,67,Good
12213,Female,18,3,82,95,5,No,No,74,Good
12214,Male,21,2,55,79,6,Yes,Yes,49,Poor
12215,Female,20,7,84,65,1,Yes,Yes,67,Good
12216,Female,22,6,59,87,7,Yes,Yes,61,Average
12217,Male,17,5,51,73,2,No,No,56,Average
12218,Female,20,9,57,67,4,No,Yes,62,Average
12219,Male,17,1,88,43,0,Yes,No,42,Poor
12220,Male,22,4,88,43,4,Yes,Yes,56,Average
12221,Male,19,4,63,47,4,No,No,54,Average
12222,Male,16,1,96,79,1,No,No,60,Average
12223,Male,22,10,96,88,1,No,No,79,Good
12224,Male,20,10,76,95,7,No,No,82,Excellent
12225,Male,22,10,68,61,2,Yes,No,65,Good
12226,Female,20,1,62,100,6,Yes,No,62,Average
12227,Male,17,9,68,56,1,Yes,No,63,Average
12228,Female,21,7,61,54,7,No,Yes,59,Average
12229,Female,20,7,60,93,6,Yes,No,70,Good
12230,Female,22,3,94,93,10,Yes,No,83,Excellent
12231,Female,22,9,52,71,6,No,No,58,Average
12232,Female,18,5,72,85,10,Yes,No,73,Good
12233,Male,20,6,97,96,1,No,No,75,Good
12234,Female,18,10,65,51,7,Yes,No,77,Good
12235,Male,16,1,53,82,5,No,Yes,55,Average
12236,Male,22,7,88,42,8,No,Yes,62,Average
12237,Male,21,10,79,49,8,No,Yes,67,Good
12238,Male,20,3,53,98,10,No,No,67,Good
12239,Female,22,3,83,97,8,Yes,No,80,Excellent
12240,Male,19,9,76,42,1,No,Yes,59,Average
12241,Female,20,4,98,79,8,Yes,No,79,Good
12242,Female,18,1,69,59,6,No,Yes,40,Poor
12243,Female,19,3,53,100,7,Yes,Yes,60,Average
12244,Female,21,4,86,74,0,No,Yes,65,Good
12245,Female,18,8,95,98,6,Yes,Yes,88,Excellent
12246,Female,22,2,52,85,5,Yes,No,55,Average
12247,Female,16,1,73,95,4,Yes,No,54,Average
12248,Female,21,9,89,43,10,No,No,64,Average
12249,Male,19,9,84,56,3,No,Yes,62,Average
12250,Male,18,10,96,85,8,Yes,No,83,Excellent
12251,Female,19,6,59,96,8,No,Yes,72,Good
12252,Male,17,1,97,82,7,No,No,58,Average
12253,Female,20,9,56,55,0,No,No,58,Average
12254,Male,16,1,50,52,1,No,No,30,Poor
12255,Male,21,4,86,51,3,Yes,No,60,Average
12256,Male,18,3,90,56,3,Yes,No,54,Average
12257,Female,20,5,50,67,4,No,Yes,51,Average
12258,Male,18,3,69,68,9,No,Yes,64,Average
12259,Male,18,8,56,74,8,Yes,No,68,Good
12260,Male,22,3,62,88,1,No,Yes,50,Average
12261,Female,21,6,67,91,10,No,No,65,Good
12262,Female,18,7,81,56,0,Yes,No,57,Average
12263,Male,17,6,99,64,10,Yes,Yes,69,Good
12264,Male,17,3,90,95,1,Yes,Yes,69,Good
12265,Female,20,3,99,97,4,No,Yes,65,Good
12266,Female,16,7,63,62,5,No,No,68,Good
12267,Female,16,5,72,92,7,No,No,68,Good
12268,Female,18,9,79,73,10,No,No,82,Excellent
12269,Female,22,2,74,91,3,No,No,64,Average
12270,Female,20,9,78,55,3,Yes,Yes,74,Good
12271,Female,19,6,65,43,10,No,No,55,Average
12272,Male,22,1,81,57,10,No,Yes,52,Average
12273,Male,18,4,87,66,9,Yes,No,62,Average
12274,Female,20,3,93,82,7,Yes,Yes,76,Good
12275,Male,16,5,78,61,7,Yes,No,65,Good
12276,Female,18,2,81,59,5,Yes,Yes,50,Average
12277,Male,20,6,98,79,3,Yes,No,81,Excellent
12278,Female,20,8,70,92,1,No,No,70,Good
12279,Female,20,6,85,76,4,No,Yes,73,Good
12280,Female,17,2,97,89,0,No,No,64,Average
12281,Male,17,1,82,86,4,Yes,Yes,62,Average
12282,Male,20,1,67,71,7,Yes,No,61,Average
12283,Male,16,9,72,87,10,No,Yes,84,Excellent
12284,Male,17,10,90,51,4,Yes,No,68,Good
12285,Male,22,5,92,42,1,No,No,60,Average
12286,Female,17,7,66,44,2,No,No,48,Poor
12287,Male,16,9,57,83,6,No,No,78,Good
12288,Male,20,8,90,75,6,No,Yes,82,Excellent
12289,Female,20,6,99,84,2,No,Yes,78,Good
12290,Male,21,8,50,100,4,No,No,75,Good
12291,Female,21,8,64,95,10,No,No,72,Good
12292,Male,22,8,98,74,10,No,Yes,81,Excellent
12293,Male,19,1,84,90,9,Yes,Yes,59,Average
12294,Male,20,3,87,67,3,No,No,56,Average
12295,Male,22,6,82,71,8,No,Yes,65,Good
12296,Male,16,3,90,100,4,No,No,70,Good
12297,Female,21,7,99,47,10,No,No,71,Good
12298,Male,20,5,82,53,0,No,No,47,Poor
12299,Male,20,10,57,84,4,No,No,67,Good
12300,Male,20,10,80,56,3,No,No,73,Good
12301,Female,20,7,56,44,10,No,Yes,56,Average
12302,Female,16,9,62,95,8,Yes,Yes,86,Excellent
12303,Female,21,3,95,90,2,No,Yes,69,Good
12304,Female,19,8,62,100,8,No,Yes,79,Good
12305,Male,16,1,74,50,1,No,No,46,Poor
12306,Male,19,10,59,53,3,Yes,Yes,59,Average
12307,Female,18,7,96,70,6,No,No,71,Good
12308,Female,20,9,85,77,0,Yes,No,72,Good
12309,Male,20,6,57,63,9,No,Yes,58,Average
12310,Male,17,2,60,58,9,No,No,47,Poor
12311,Male,20,10,51,52,2,No,Yes,63,Average
12312,Female,18,5,64,93,8,Yes,No,65,Good
12313,Male,20,10,71,89,10,Yes,No,93,Excellent
12314,Male,22,5,53,93,4,No,No,63,Average
12315,Male,18,7,91,87,3,Yes,Yes,76,Good
12316,Male,19,7,84,42,8,No,No,61,Average
12317,Female,18,3,90,71,1,No,No,62,Average
12318,Female,18,7,74,50,0,Yes,No,63,Average
12319,Male,16,10,66,57,6,No,No,71,Good
12320,Female,16,5,80,79,6,Yes,No,65,Good
12321,Female,19,9,89,71,6,Yes,No,76,Good
12322,Male,20,10,92,87,8,Yes,Yes,84,Excellent
12323,Female,20,8,56,71,10,No,Yes,63,Average
12324,Female,19,6,82,75,6,Yes,Yes,68,Good
12325,Male,17,5,80,95,1,No,Yes,60,Average
12326,Female,19,4,55,83,7,No,No,55,Average
12327,Female,16,2,83,54,5,No,No,46,Poor
12328,Female,16,9,80,43,1,No,No,52,Average
12329,Female,22,6,85,98,0,No,No,72,Good
12330,Female,18,6,70,98,2,No,No,72,Good
12331,Male,18,2,70,95,5,No,Yes,54,Average
12332,Female,22,8,88,75,4,No,Yes,79,Good
12333,Male,21,4,83,75,1,Yes,No,54,Average
12334,Male,20,6,75,89,3,No,No,69,Good
12335,Male,17,3,55,71,10,No,Yes,57,Average
12336,Male,21,7,76,95,1,No,No,75,Good
12337,Male,22,2,92,53,6,No,Yes,58,Average
12338,Male,16,10,81,64,4,Yes,Yes,74,Good
12339,Male,19,3,78,84,10,No,Yes,67,Good
12340,Female,16,5,71,58,7,Yes,No,69,Good
12341,Female,21,6,72,49,0,No,Yes,44,Poor
12342,Male,19,7,86,90,4,Yes,Yes,83,Excellent
12343,Female,16,1,56,90,8,No,No,57,Average
12344,Male,20,7,60,44,8,Yes,Yes,65,Good
12345,Female,22,7,52,50,0,No,Yes,53,Average
12346,Male,16,5,67,40,9,No,No,60,Average
12347,Male,19,2,85,63,1,No,No,47,Poor
12348,Male,18,4,90,68,8,Yes,No,76,Good
12349,Male,18,2,51,74,8,Yes,No,56,Average
12350,Male,21,6,78,62,10,No,Yes,73,Good
12351,Female,17,10,97,56,4,Yes,No,86,Excellent
12352,Female,17,5,50,60,7,Yes,No,64,Average
12353,Female,19,6,96,53,9,No,No,67,Good
12354,Male,17,2,73,51,0,Yes,No,53,Average
12355,Male,21,3,87,75,2,No,Yes,63,Average
12356,Female,20,2,75,69,10,Yes,No,65,Good
12357,Male,22,5,54,92,0,Yes,Yes,55,Average
12358,Male,21,5,67,99,9,Yes,Yes,81,Excellent
12359,Female,22,2,51,72,3,No,Yes,37,Poor
12360,Female,17,8,81,79,9,No,Yes,81,Excellent
12361,Female,17,9,68,59,5,No,Yes,70,Good
12362,Male,21,10,81,96,7,No,No,78,Good
12363,Male,17,4,94,73,4,Yes,No,59,Average
12364,Female,16,2,99,63,10,No,Yes,67,Good
12365,Female,16,10,82,76,3,Yes,Yes,77,Good
12366,Female,22,6,87,60,5,Yes,Yes,71,Good
12367,Female,17,7,95,56,3,No,No,60,Average
12368,Female,19,9,87,76,3,No,Yes,72,Good
12369,Male,17,7,58,87,1,No,Yes,60,Average
12370,Male,22,5,69,75,7,No,No,67,Good
12371,Female,22,3,71,87,7,Yes,No,58,Average
12372,Male,18,10,51,79,2,No,Yes,62,Average
12373,Male,17,10,97,90,0,Yes,Yes,86,Excellent
12374,Male,18,3,65,59,8,No,No,48,Poor
12375,Female,18,5,87,70,7,No,Yes,72,Good
12376,Female,19,6,73,92,0,No,Yes,72,Good
12377,Female,17,1,69,97,4,Yes,No,55,Average
12378,Female,19,5,98,63,2,Yes,Yes,65,Good
12379,Female,20,1,72,98,3,Yes,Yes,62,Average
12380,Female,17,8,84,93,2,No,Yes,77,Good
12381,Male,22,6,84,97,10,Yes,No,79,Good
12382,Female,18,10,72,69,10,No,No,81,Excellent
12383,Male,19,1,61,89,4,No,Yes,46,Poor
12384,Male,22,5,62,51,0,No,No,54,Average
12385,Female,17,8,60,100,1,No,No,70,Good
12386,Male,16,6,96,43,5,No,Yes,66,Good
12387,Female,19,5,84,61,2,No,No,61,Average
12388,Female,18,3,60,84,8,Yes,Yes,63,Average
12389,Male,21,3,90,80,10,Yes,Yes,78,Good
12390,Male,19,6,92,62,2,No,Yes,64,Average
12391,Male,18,10,74,51,3,No,No,60,Average
12392,Male,21,2,61,100,1,Yes,No,52,Average
12393,Male,19,8,62,68,4,No,No,60,Average
12394,Male,16,3,56,61,4,No,Yes,46,Poor
12395,Female,21,5,93,68,5,No,Yes,72,Good
12396,Male,16,3,91,71,10,Yes,No,65,Good
12397,Female,20,3,60,68,5,Yes,No,56,Average
12398,Female,17,4,53,56,5,Yes,No,48,Poor
12399,Female,19,10,77,53,7,Yes,Yes,78,Good
12400,Male,22,2,60,56,9,No,No,43,Poor
12401,Male,16,2,99,48,9,Yes,No,61,Average
12402,Male,19,10,67,47,1,Yes,No,59,Average
12403,Male,22,5,91,67,6,Yes,Yes,77,Good
12404,Female,20,1,57,55,1,No,Yes,45,Poor
12405,Female,16,9,53,54,6,Yes,Yes,63,Average
12406,Female,19,10,59,46,9,Yes,Yes,64,Average
12407,Female,22,2,80,94,1,No,No,51,Average
12408,Male,21,8,57,57,8,Yes,No,64,Average
12409,Male,16,2,51,84,7,Yes,No,58,Average
12410,Male,22,2,51,67,2,Yes,Yes,53,Average
12411,Female,19,10,69,42,4,No,Yes,67,Good
12412,Male,22,1,84,84,8,Yes,Yes,62,Average
12413,Female,16,9,76,40,9,Yes,Yes,73,Good
12414,Male,19,7,71,97,10,Yes,No,85,Excellent
12415,Female,18,6,71,61,3,Yes,Yes,54,Average
12416,Male,17,10,82,63,6,No,No,70,Good
12417,Female,19,10,81,91,2,No,No,79,Good
12418,Female,20,2,68,54,0,Yes,Yes,46,Poor
12419,Female,20,10,86,96,2,No,No,86,Excellent
12420,Female,17,2,76,91,7,No,No,64,Average
12421,Female,22,7,50,61,8,No,Yes,65,Good
12422,Male,17,10,50,49,9,No,No,57,Average
12423,Female,16,9,67,76,5,Yes,No,73,Good
12424,Female,20,10,77,54,1,No,Yes,73,Good
12425,Male,20,9,82,100,10,Yes,Yes,93,Excellent
12426,Female,20,7,96,41,9,No,No,61,Average
12427,Male,22,1,71,62,8,Yes,No,59,Average
12428,Male,17,3,73,47,5,No,No,46,Poor
12429,Male,20,2,73,74,8,No,Yes,53,Average
12430,Male,21,1,66,46,1,Yes,No,37,Poor
12431,Male,21,7,60,60,8,No,Yes,62,Average
12432,Female,21,10,62,93,3,No,Yes,72,Good
12433,Male,16,9,96,40,8,Yes,No,71,Good
12434,Female,20,9,73,65,10,No,No,79,Good
12435,Male,18,9,77,87,2,Yes,Yes,81,Excellent
12436,Female,22,7,98,78,5,Yes,Yes,70,Good
12437,Female,20,10,55,66,8,No,No,63,Average
12438,Female,18,2,55,67,10,Yes,Yes,50,Average
12439,Female,17,4,53,95,10,No,Yes,71,Good
12440,Male,19,1,69,92,2,No,Yes,55,Average
12441,Female,20,1,65,41,6,No,No,41,Poor
12442,Male,20,8,69,92,10,Yes,No,83,Excellent
12443,Female,20,8,63,65,5,Yes,No,74,Good
12444,Male,22,5,65,58,5,Yes,Yes,53,Average
12445,Male,17,5,85,49,0,Yes,No,61,Average
12446,Male,17,9,65,51,8,Yes,Yes,74,Good
12447,Male,18,4,91,78,4,Yes,Yes,74,Good
12448,Female,22,8,54,69,8,No,No,73,Good
12449,Female,22,6,85,64,10,Yes,No,80,Excellent
12450,Female,17,4,56,90,1,No,No,61,Average
12451,Male,16,1,71,52,6,Yes,No,49,Poor
12452,Female,17,10,84,77,9,Yes,Yes,91,Excellent
12453,Female,16,5,99,55,3,Yes,No,73,Good
12454,Male,16,5,75,48,8,Yes,No,59,Average
12455,Female,22,7,82,72,3,Yes,Yes,65,Good
12456,Male,21,1,76,57,1,No,No,51,Average
12457,Male,21,4,71,86,7,No,Yes,58,Average
12458,Female,20,8,100,77,2,Yes,Yes,72,Good
12459,Male,16,9,84,69,4,No,Yes,75,Good
12460,Female,20,8,85,67,3,No,No,75,Good
12461,Male,21,3,98,96,10,No,No,79,Good
12462,Male,17,6,72,99,8,Yes,No,75,Good
12463,Female,17,6,71,71,5,No,No,70,Good
12464,Female,20,8,52,59,2,Yes,Yes,55,Average
12465,Female,18,6,92,73,9,Yes,Yes,76,Good
12466,Female,22,1,95,97,2,No,Yes,58,Average
12467,Female,21,2,82,70,9,No,No,56,Average
12468,Female,20,7,81,89,10,Yes,No,76,Good
12469,Male,20,7,85,100,0,Yes,No,78,Good
12470,Male,16,2,90,46,8,No,Yes,57,Average
12471,Male,19,5,51,60,1,No,No,55,Average
12472,Male,16,10,56,80,7,No,No,69,Good
12473,Female,18,7,59,92,0,No,No,58,Average
12474,Female,22,8,76,93,6,No,Yes,70,Good
12475,Male,17,1,63,50,2,No,No,44,Poor
12476,Male,21,9,60,72,5,No,Yes,63,Average
12477,Female,18,8,83,62,5,Yes,No,80,Excellent
12478,Female,20,1,68,88,9,No,No,50,Average
12479,Female,17,2,74,84,9,Yes,Yes,70,Good
12480,Male,19,8,88,68,7,Yes,No,79,Good
12481,Female,16,1,74,47,10,No,No,49,Poor
12482,Male,18,6,55,82,10,No,Yes,65,Good
12483,Male,17,7,96,85,8,No,Yes,79,Good
12484,Male,16,6,85,89,4,Yes,Yes,69,Good
12485,Female,16,4,67,75,7,No,Yes,56,Average
12486,Male,18,10,88,92,3,No,Yes,83,Excellent
12487,Female,18,4,87,73,4,Yes,Yes,57,Average
12488,Male,21,9,83,40,7,No,No,74,Good
12489,Female,16,10,61,98,7,No,Yes,86,Excellent
12490,Male,17,9,98,85,2,No,Yes,80,Excellent
12491,Male,18,2,69,62,2,Yes,No,47,Poor
12492,Female,22,1,67,81,0,No,Yes,55,Average
12493,Female,21,10,94,85,8,No,No,89,Excellent
12494,Male,16,9,75,61,6,Yes,No,64,Average
12495,Male,22,6,67,81,4,Yes,No,58,Average
12496,Female,18,4,61,62,8,No,No,59,Average
12497,Female,16,3,54,40,6,Yes,No,51,Average
12498,Male,17,10,78,97,8,Yes,No,82,Excellent
12499,Female,22,8,53,73,10,Yes,No,74,Good
12500,Female,22,4,50,68,1,Yes,Yes,46,Poor
12501,Female,21,3,93,78,6,No,No,64,Average
12502,Male,17,4,69,44,7,Yes,Yes,57,Average
12503,Female,18,7,73,68,8,No,No,72,Good
12504,Male,17,8,56,53,1,Yes,No,50,Average
12505,Female,17,3,75,62,3,No,Yes,51,Average
12506,Male,20,6,53,55,7,No,Yes,53,Average
12507,Female,18,6,98,93,10,No,Yes,75,Good
12508,Female,19,6,52,47,9,Yes,Yes,58,Average
12509,Male,17,7,73,84,9,Yes,No,76,Good
12510,Female,19,7,100,53,10,No,No,81,Excellent
12511,Female,16,5,91,48,3,No,Yes,57,Average
12512,Female,18,2,62,46,3,No,Yes,45,Poor
12513,Female,16,2,62,63,8,No,No,58,Average
12514,Male,21,6,51,100,2,No,No,54,Average
12515,Male,16,2,54,74,1,No,Yes,47,Poor
12516,Male,20,6,85,99,9,Yes,Yes,78,Good
12517,Male,16,8,86,44,10,Yes,No,79,Good
12518,Male,20,8,69,61,6,Yes,No,75,Good
12519,Male,19,3,97,75,3,Yes,Yes,63,Average
12520,Male,19,4,64,75,6,Yes,No,54,Average
12521,Male,17,3,78,89,4,Yes,Yes,72,Good
12522,Male,21,8,78,100,1,Yes,No,69,Good
12523,Male,21,9,99,54,2,No,No,64,Average
12524,Male,16,4,95,83,8,Yes,Yes,82,Excellent
12525,Female,17,10,62,53,4,No,Yes,60,Average
12526,Female,22,5,59,56,0,Yes,Yes,57,Average
12527,Male,22,3,73,79,1,No,No,61,Average
12528,Female,20,4,99,54,3,No,No,52,Average
12529,Male,19,3,96,86,8,Yes,No,78,Good
12530,Female,18,3,69,80,4,Yes,No,66,Good
12531,Female,22,2,51,42,2,No,No,42,Poor
12532,Female,20,8,93,71,8,Yes,Yes,85,Excellent
12533,Female,20,1,58,99,4,Yes,No,61,Average
12534,Male,17,7,91,70,6,Yes,Yes,81,Excellent
12535,Male,21,9,78,48,7,No,No,65,Good
12536,Male,22,9,61,83,9,Yes,Yes,72,Good
12537,Female,17,9,74,88,0,No,Yes,78,Good
12538,Female,19,3,60,50,2,No,No,44,Poor
12539,Female,22,4,89,65,10,Yes,Yes,73,Good
12540,Male,20,2,88,70,6,No,Yes,56,Average
12541,Female,17,5,55,60,9,No,No,61,Average
12542,Female,21,10,66,74,10,No,No,72,Good
12543,Female,19,6,97,64,9,No,No,77,Good
12544,Female,21,9,65,90,0,Yes,Yes,74,Good
12545,Female,16,7,97,58,0,Yes,Yes,70,Good
12546,Female,21,3,77,99,4,Yes,No,69,Good
12547,Male,16,5,98,88,9,No,No,73,Good
12548,Male,20,2,74,42,5,No,Yes,47,Poor
12549,Female,19,8,55,96,6,No,No,65,Good
12550,Male,19,8,96,96,10,Yes,Yes,92,Excellent
12551,Female,17,5,100,71,9,No,No,66,Good
12552,Female,21,1,94,49,0,No,No,39,Poor
12553,Male,19,3,51,51,4,Yes,Yes,48,Poor
12554,Female,19,3,77,52,9,No,Yes,57,Average
12555,Female,20,1,73,81,3,No,Yes,55,Average
12556,Male,21,7,73,58,8,Yes,Yes,63,Average
12557,Female,19,1,100,70,8,Yes,Yes,60,Average
12558,Female,19,5,65,82,9,No,Yes,70,Good
12559,Male,18,3,66,69,5,Yes,No,50,Average
12560,Male,20,8,92,93,2,No,No,72,Good
12561,Male,17,3,100,72,7,No,No,62,Average
12562,Male,16,6,75,69,4,Yes,Yes,66,Good
12563,Male,16,6,52,57,4,Yes,Yes,62,Average
12564,Female,22,1,51,75,6,No,No,52,Average
12565,Female,22,1,67,46,5,No,No,37,Poor
12566,Male,17,3,54,62,9,No,No,47,Poor
12567,Female,22,8,63,43,10,No,Yes,61,Average
12568,Female,16,8,63,58,8,No,No,71,Good
12569,Female,20,5,91,76,9,Yes,Yes,82,Excellent
12570,Male,20,10,64,68,5,No,Yes,77,Good
12571,Female,21,9,73,63,3,Yes,No,73,Good
12572,Male,16,5,64,59,4,No,No,58,Average
12573,Male,21,2,78,91,7,Yes,No,62,Average
12574,Male,16,3,100,57,8,Yes,Yes,64,Average
12575,Male,16,3,95,71,2,No,No,61,Average
12576,Female,17,7,61,60,5,No,Yes,54,Average
12577,Male,22,3,95,48,9,Yes,Yes,57,Average
12578,Male,19,10,74,74,5,Yes,No,80,Excellent
12579,Female,21,9,72,56,9,Yes,Yes,74,Good
12580,Male,19,9,53,84,0,Yes,No,71,Good
12581,Male,16,5,63,69,7,Yes,Yes,63,Average
12582,Male,20,10,60,86,0,No,No,73,Good
12583,Female,18,9,71,48,1,Yes,Yes,57,Average
12584,Male,22,10,95,77,2,Yes,No,89,Excellent
12585,Male,18,8,80,97,2,No,No,73,Good
12586,Female,17,6,76,63,7,Yes,Yes,68,Good
12587,Female,16,2,59,86,8,No,No,54,Average
12588,Female,21,10,90,54,3,No,No,68,Good
12589,Male,20,8,53,70,2,No,Yes,66,Good
12590,Male,17,4,84,80,1,No,No,63,Average
12591,Male,19,9,64,84,8,No,No,78,Good
12592,Male,21,4,70,59,6,No,No,51,Average
12593,Female,20,10,79,99,5,Yes,Yes,90,Excellent
12594,Female,16,2,53,50,5,No,Yes,47,Poor
12595,Female,21,10,88,94,7,Yes,No,95,Excellent
12596,Female,22,4,58,69,7,No,No,47,Poor
12597,Male,18,6,52,91,8,Yes,No,69,Good
12598,Female,17,7,58,75,9,No,No,67,Good
12599,Female,18,8,86,93,2,No,Yes,73,Good
12600,Female,20,10,83,100,1,Yes,Yes,79,Good
12601,Female,20,9,71,54,3,Yes,No,72,Good
12602,Female,22,6,51,92,9,No,Yes,69,Good
12603,Male,17,1,83,40,0,Yes,Yes,41,Poor
12604,Male,16,8,67,97,1,Yes,No,66,Good
12605,Male,22,10,55,43,3,Yes,Yes,68,Good
12606,Female,19,3,88,85,9,No,No,74,Good
12607,Female,19,3,61,65,9,No,No,47,Poor
12608,Female,19,4,84,64,3,Yes,No,59,Average
12609,Male,18,6,70,89,4,No,Yes,72,Good
12610,Male,21,8,82,43,5,No,Yes,68,Good
12611,Male,17,10,83,79,9,No,Yes,78,Good
12612,Female,19,7,59,45,5,No,Yes,48,Poor
12613,Male,18,1,92,96,3,Yes,Yes,68,Good
12614,Male,17,6,60,83,5,Yes,Yes,62,Average
12615,Male,20,2,61,83,7,No,Yes,49,Poor
12616,Female,16,2,55,48,8,No,Yes,39,Poor
12617,Female,17,4,66,85,4,No,No,66,Good
12618,Male,17,7,85,93,9,Yes,Yes,87,Excellent
12619,Male,22,6,66,49,3,Yes,Yes,60,Average
12620,Male,21,5,86,95,1,Yes,No,63,Average
12621,Female,16,6,88,47,9,No,No,56,Average
12622,Male,18,5,64,100,10,No,No,80,Excellent
12623,Female,16,8,93,86,3,Yes,No,83,Excellent
12624,Female,16,6,76,81,4,Yes,Yes,65,Good
12625,Female,18,7,69,98,2,No,No,66,Good
12626,Female,17,10,61,100,4,Yes,Yes,72,Good
12627,Male,17,6,84,85,4,Yes,Yes,67,Good
12628,Female,21,8,85,42,7,No,Yes,61,Average
12629,Female,18,2,67,88,6,Yes,Yes,58,Average
12630,Female,20,9,95,100,4,No,Yes,77,Good
12631,Female,16,7,89,82,9,No,No,86,Excellent
12632,Female,17,6,81,50,4,Yes,No,69,Good
12633,Female,19,5,51,88,0,No,No,54,Average
12634,Male,20,1,57,92,6,No,No,49,Poor
12635,Female,22,8,50,45,10,No,Yes,60,Average
12636,Female,16,1,98,62,1,No,No,54,Average
12637,Female,22,9,74,45,10,Yes,Yes,74,Good
12638,Female,19,7,60,65,9,Yes,Yes,61,Average
12639,Female,17,3,64,64,2,No,Yes,54,Average
12640,Female,17,1,78,43,1,Yes,Yes,47,Poor
12641,Female,20,1,65,55,10,Yes,Yes,46,Poor
12642,Male,18,10,71,74,6,No,Yes,82,Excellent
12643,Female,18,9,100,40,3,Yes,No,66,Good
12644,Female,22,7,52,47,0,No,No,44,Poor
12645,Male,18,2,99,45,10,Yes,Yes,68,Good
12646,Male,16,4,54,91,0,No,Yes,58,Average
12647,Female,22,5,97,95,6,Yes,Yes,85,Excellent
12648,Male,18,4,96,49,6,Yes,Yes,64,Average
12649,Male,18,4,84,49,10,Yes,No,63,Average
12650,Male,20,6,56,63,3,No,Yes,47,Poor
12651,Female,18,1,88,70,5,Yes,No,50,Average
12652,Male,19,6,94,57,3,Yes,Yes,65,Good
12653,Female,20,7,65,68,7,No,Yes,58,Average
12654,Male,17,3,82,62,2,Yes,Yes,57,Average
12655,Female,17,1,90,40,6,Yes,Yes,44,Poor
12656,Female,16,5,78,74,2,No,No,58,Average
12657,Male,21,6,79,84,3,No,No,69,Good
12658,Male,21,7,80,87,10,No,Yes,80,Excellent
12659,Female,20,10,57,68,7,Yes,No,78,Good
12660,Male,16,7,60,63,9,Yes,No,73,Good
12661,Male,18,6,78,92,4,No,Yes,73,Good
12662,Female,20,7,75,97,0,No,Yes,70,Good
12663,Male,16,2,85,63,1,No,No,56,Average
12664,Male,19,9,97,84,9,No,No,90,Excellent
12665,Male,20,10,92,97,1,Yes,No,84,Excellent
12666,Male,21,7,80,63,5,Yes,Yes,63,Average
12667,Male,20,4,83,89,8,Yes,No,77,Good
12668,Female,19,10,80,54,6,No,Yes,66,Good
12669,Male,17,3,63,46,4,Yes,Yes,42,Poor
12670,Female,18,4,67,96,0,No,No,59,Average
12671,Female,16,8,58,88,1,Yes,Yes,65,Good
12672,Male,20,7,100,65,7,No,No,69,Good
12673,Male,17,10,62,85,5,Yes,Yes,71,Good
12674,Female,22,7,63,53,9,No,No,64,Average
12675,Male,19,9,88,88,7,No,No,77,Good
12676,Male,19,7,73,47,4,Yes,No,56,Average
12677,Male,16,10,76,78,0,Yes,No,68,Good
12678,Female,22,4,76,66,2,Yes,No,62,Average
12679,Female,16,1,60,88,0,Yes,Yes,56,Average
12680,Female,18,2,93,90,8,Yes,No,77,Good
12681,Male,17,2,53,46,1,Yes,No,32,Poor
12682,Male,17,1,97,73,5,No,Yes,66,Good
12683,Male,19,2,61,93,4,No,No,58,Average
12684,Female,20,6,54,54,2,Yes,Yes,57,Average
12685,Male,22,6,52,78,8,Yes,Yes,72,Good
12686,Female,22,6,76,76,4,Yes,No,70,Good
12687,Male,22,9,99,75,4,No,Yes,79,Good
12688,Female,18,2,61,40,0,No,No,30,Poor
12689,Female,20,3,97,75,4,Yes,No,68,Good
12690,Male,20,6,96,75,6,No,No,72,Good
12691,Female,16,3,78,72,9,Yes,Yes,70,Good
12692,Male,18,7,56,80,8,No,Yes,63,Average
12693,Female,18,5,52,57,8,Yes,No,59,Average
12694,Male,19,9,58,96,5,No,Yes,73,Good
12695,Female,16,5,93,67,0,No,No,54,Average
12696,Female,17,10,94,54,9,No,No,78,Good
12697,Female,19,6,50,61,4,No,No,59,Average
12698,Female,22,5,91,61,3,Yes,Yes,72,Good
12699,Male,19,9,58,52,6,Yes,No,64,Average
12700,Female,21,4,80,82,4,Yes,No,60,Average
12701,Male,21,2,100,68,5,No,Yes,57,Average
12702,Male,20,4,77,47,3,Yes,No,50,Average
12703,Male,21,1,58,74,7,Yes,No,44,Poor
12704,Male,19,3,80,80,5,No,Yes,64,Average
12705,Female,17,5,58,78,3,Yes,No,65,Good
12706,Female,21,6,59,94,0,Yes,No,56,Average
12707,Male,18,10,82,87,1,No,Yes,71,Good
12708,Female,19,1,55,85,2,No,Yes,44,Poor
12709,Male,16,4,76,40,8,Yes,No,64,Average
12710,Female,18,8,95,62,8,No,No,78,Good
12711,Male,22,3,83,93,1,Yes,Yes,59,Average
12712,Male,20,10,75,54,5,No,Yes,68,Good
12713,Female,17,4,71,73,6,Yes,No,70,Good
12714,Female,16,4,84,60,10,Yes,No,66,Good
12715,Male,21,1,56,43,1,No,Yes,29,Poor
12716,Male,16,1,69,83,2,Yes,Yes,57,Average
12717,Male,19,4,62,47,2,No,No,49,Poor
12718,Male,18,3,52,64,2,Yes,No,40,Poor
12719,Male,18,10,87,82,8,Yes,No,83,Excellent
12720,Male,19,2,92,47,5,Yes,Yes,53,Average
12721,Female,17,9,91,92,4,Yes,No,81,Excellent
12722,Male,19,7,72,86,10,No,Yes,78,Good
12723,Female,22,3,67,50,5,No,No,51,Average
12724,Female,19,7,61,59,9,Yes,No,60,Average
12725,Male,18,3,83,75,10,Yes,Yes,74,Good
12726,Female,17,7,58,57,5,No,Yes,53,Average
12727,Female,22,4,55,67,7,Yes,Yes,56,Average
12728,Female,21,7,55,82,0,No,Yes,56,Average
12729,Female,22,6,88,45,9,No,Yes,69,Good
12730,Male,20,5,58,60,0,No,No,52,Average
12731,Male,20,8,71,63,9,Yes,Yes,72,Good
12732,Female,20,7,60,47,9,No,Yes,61,Average
12733,Male,21,4,85,72,4,No,No,64,Average
12734,Female,20,5,79,53,6,No,Yes,65,Good
12735,Male,19,2,57,98,3,Yes,No,62,Average
12736,Female,22,6,97,97,10,No,No,75,Good
12737,Female,21,9,80,43,8,No,Yes,75,Good
12738,Female,16,2,50,67,7,No,No,50,Average
12739,Female,16,6,77,42,2,Yes,Yes,64,Average
12740,Male,17,3,84,92,5,No,No,58,Average
12741,Female,18,4,82,40,5,Yes,No,60,Average
12742,Male,16,4,59,58,0,Yes,Yes,55,Average
12743,Male,21,4,52,75,8,No,No,53,Average
12744,Male,22,5,98,73,9,Yes,No,81,Excellent
12745,Female,20,10,71,80,6,Yes,No,77,Good
12746,Male,18,5,81,68,4,No,Yes,55,Average
12747,Male,21,1,85,57,3,Yes,Yes,56,Average
12748,Male,18,9,81,62,1,No,No,58,Average
12749,Male,17,6,62,41,0,No,No,39,Poor
12750,Male,21,5,69,79,9,Yes,No,69,Good
12751,Female,16,8,79,58,9,No,Yes,68,Good
12752,Female,18,5,89,84,2,No,Yes,59,Average
12753,Male,22,9,97,94,1,Yes,No,87,Excellent
12754,Female,17,7,100,82,4,Yes,Yes,77,Good
12755,Female,18,6,89,90,8,No,Yes,81,Excellent
12756,Female,19,5,62,41,6,No,Yes,57,Average
12757,Male,18,1,59,70,8,No,Yes,53,Average
12758,Female,22,2,85,58,8,Yes,No,65,Good
12759,Female,18,6,83,58,8,Yes,Yes,73,Good
12760,Male,16,8,65,81,4,No,No,65,Good
12761,Female,22,2,87,78,1,No,Yes,50,Average
12762,Male,22,1,93,76,7,Yes,No,58,Average
12763,Female,17,1,98,49,10,Yes,No,57,Average
12764,Female,16,10,94,65,1,Yes,Yes,76,Good
12765,Male,17,9,87,75,1,Yes,Yes,75,Good
12766,Male,22,1,79,72,2,No,Yes,44,Poor
12767,Male,17,5,100,46,9,Yes,Yes,61,Average
12768,Female,17,6,87,84,1,No,Yes,65,Good
12769,Female,18,4,97,59,2,Yes,Yes,65,Good
12770,Male,20,10,56,44,9,Yes,Yes,60,Average
12771,Female,16,6,59,89,7,Yes,Yes,69,Good
12772,Male,21,2,84,80,4,No,Yes,59,Average
12773,Female,20,1,81,97,5,No,No,54,Average
12774,Female,22,6,92,80,5,No,No,72,Good
12775,Male,17,7,68,65,5,Yes,No,62,Average
12776,Female,16,4,67,46,9,Yes,No,52,Average
12777,Female,18,9,64,63,7,No,Yes,62,Average
12778,Male,20,1,83,46,0,Yes,No,40,Poor
12779,Male,21,4,63,49,9,No,Yes,52,Average
12780,Female,16,3,52,68,9,Yes,No,56,Average
12781,Female,17,10,96,60,8,Yes,Yes,78,Good
12782,Male,18,5,54,86,1,No,Yes,62,Average
12783,Female,21,4,51,100,8,No,No,67,Good
12784,Female,17,10,82,44,9,No,Yes,75,Good
12785,Male,17,5,90,45,7,No,No,53,Average
12786,Male,19,1,60,78,1,Yes,Yes,51,Average
12787,Female,17,8,54,78,8,Yes,Yes,79,Good
12788,Female,22,5,76,60,2,No,Yes,60,Average
12789,Male,17,4,67,53,0,No,Yes,50,Average
12790,Male,17,6,96,83,2,No,No,65,Good
12791,Female,17,6,60,58,10,Yes,No,64,Average
12792,Male,19,10,95,85,9,No,Yes,90,Excellent
12793,Female,16,3,51,73,3,Yes,Yes,45,Poor
12794,Male,17,5,81,40,1,No,No,50,Average
12795,Female,20,4,93,80,10,No,Yes,70,Good
12796,Male,22,4,56,70,10,No,Yes,65,Good
12797,Female,16,2,69,81,1,Yes,Yes,47,Poor
12798,Female,21,10,82,76,9,Yes,No,89,Excellent
12799,Female,20,9,71,72,6,No,Yes,78,Good
12800,Male,16,9,69,89,0,No,Yes,65,Good
12801,Female,19,4,63,57,10,Yes,Yes,64,Average
12802,Male,17,4,56,54,9,Yes,Yes,62,Average
12803,Male,19,2,81,76,8,No,No,68,Good
12804,Male,18,9,81,59,10,No,No,72,Good
12805,Female,22,3,67,88,1,No,No,50,Average
12806,Female,18,9,90,83,9,No,Yes,84,Excellent
12807,Male,21,5,96,41,0,Yes,No,51,Average
12808,Female,17,8,53,76,10,No,No,66,Good
12809,Female,17,2,74,92,3,Yes,No,67,Good
12810,Female,22,7,55,62,7,No,Yes,63,Average
12811,Female,21,2,64,64,4,Yes,Yes,45,Poor
12812,Male,22,10,93,58,5,Yes,No,84,Excellent
12813,Male,18,4,68,81,7,Yes,Yes,66,Good
12814,Male,19,10,56,43,2,No,No,58,Average
12815,Male,20,10,51,64,6,Yes,No,74,Good
12816,Female,22,7,68,53,0,No,No,60,Average
12817,Female,21,10,81,99,7,Yes,No,95,Excellent
12818,Male,16,7,81,90,10,Yes,Yes,76,Good
12819,Male,21,9,51,41,2,No,Yes,46,Poor
12820,Female,16,1,89,72,2,No,Yes,51,Average
12821,Male,17,7,71,98,9,No,No,69,Good
12822,Female,20,2,91,66,2,Yes,No,59,Average
12823,Female,19,8,94,79,9,No,Yes,81,Excellent
12824,Male,20,6,78,57,9,No,No,62,Average
12825,Male,18,1,84,89,3,Yes,No,66,Good
12826,Female,21,10,59,50,7,Yes,No,71,Good
12827,Female,20,8,78,49,9,No,Yes,69,Good
12828,Male,20,4,92,84,7,No,No,74,Good
12829,Female,20,9,67,80,0,No,No,65,Good
12830,Female,17,9,73,73,3,Yes,Yes,70,Good
12831,Female,22,1,65,84,6,Yes,No,54,Average
12832,Male,19,2,71,99,0,No,Yes,55,Average
12833,Male,22,7,67,78,0,Yes,Yes,72,Good
12834,Female,19,4,62,74,3,Yes,No,50,Average
12835,Male,19,10,69,87,1,No,Yes,69,Good
12836,Female,19,6,60,74,9,Yes,Yes,66,Good
12837,Female,19,6,97,68,4,No,No,66,Good
12838,Male,21,8,67,50,3,No,No,55,Average
12839,Male,18,4,86,53,4,No,Yes,48,Poor
12840,Female,20,6,56,76,4,No,No,67,Good
12841,Female,21,2,65,79,5,Yes,Yes,64,Average
12842,Male,18,4,62,67,6,No,Yes,54,Average
12843,Female,21,1,88,64,6,No,Yes,49,Poor
12844,Male,17,6,93,67,8,No,No,71,Good
12845,Female,18,8,71,75,5,Yes,Yes,80,Excellent
12846,Male,16,1,70,82,7,Yes,No,60,Average
12847,Female,20,5,75,85,1,No,No,64,Average
12848,Female,17,10,57,87,0,No,Yes,60,Average
12849,Male,18,7,91,73,8,No,No,74,Good
12850,Male,17,7,71,62,10,Yes,Yes,65,Good
12851,Male,20,10,65,47,5,Yes,Yes,59,Average
12852,Female,18,2,77,90,6,No,Yes,59,Average
12853,Female,22,4,54,76,4,No,No,59,Average
12854,Female,20,10,95,73,1,No,No,84,Excellent
12855,Female,22,7,61,57,3,Yes,No,57,Average
12856,Male,19,1,65,56,1,Yes,No,48,Poor
12857,Male,18,10,71,88,4,Yes,Yes,88,Excellent
12858,Female,21,10,67,90,9,Yes,Yes,86,Excellent
12859,Female,17,5,53,81,0,No,No,59,Average
12860,Female,20,1,67,46,1,No,No,43,Poor
12861,Female,22,4,64,77,5,Yes,No,66,Good
12862,Male,22,7,51,66,7,Yes,Yes,57,Average
12863,Male,18,7,91,62,3,Yes,No,65,Good
12864,Male,20,10,73,61,2,Yes,No,76,Good
12865,Female,21,4,56,56,8,No,No,55,Average
12866,Female,20,7,82,56,1,Yes,Yes,71,Good
12867,Male,18,7,87,85,9,Yes,No,85,Excellent
12868,Female,16,3,84,100,10,Yes,No,72,Good
12869,Male,19,8,99,61,6,No,No,72,Good
12870,Female,18,9,96,57,1,No,Yes,69,Good
12871,Female,20,7,85,60,1,Yes,No,69,Good
12872,Male,16,6,59,41,3,No,Yes,56,Average
12873,Female,22,7,83,66,0,No,No,70,Good
12874,Female,18,10,98,66,4,Yes,Yes,80,Excellent
12875,Male,21,9,90,80,9,Yes,No,78,Good
12876,Male,21,7,88,75,2,Yes,Yes,64,Average
12877,Female,18,6,51,68,6,Yes,No,64,Average
12878,Male,18,10,99,83,9,Yes,No,94,Excellent
12879,Male,21,8,80,57,3,No,Yes,60,Average
12880,Female,20,8,53,96,2,Yes,No,69,Good
12881,Male,20,4,60,54,4,No,Yes,48,Poor
12882,Male,18,3,56,53,8,No,No,49,Poor
12883,Male,21,8,57,56,4,No,Yes,64,Average
12884,Male,17,9,66,61,6,No,No,71,Good
12885,Male,19,3,67,94,8,No,Yes,72,Good
12886,Female,21,4,94,42,10,No,No,55,Average
12887,Male,22,9,57,94,2,Yes,No,79,Good
12888,Female,20,8,88,64,0,Yes,No,61,Average
12889,Male,20,1,68,76,9,Yes,Yes,56,Average
12890,Female,21,7,62,46,2,No,Yes,58,Average
12891,Male,19,10,83,53,10,No,No,71,Good
12892,Male,20,1,85,75,5,Yes,No,58,Average
12893,Male,18,1,57,95,2,Yes,No,51,Average
12894,Female,18,5,59,45,2,No,No,39,Poor
12895,Male,18,8,100,43,2,No,No,68,Good
12896,Male,16,10,83,47,4,Yes,No,72,Good
12897,Female,21,6,93,40,0,No,Yes,60,Average
12898,Male,16,6,58,89,9,Yes,No,71,Good
12899,Female,16,8,64,68,2,Yes,Yes,62,Average
12900,Male,19,5,74,99,5,No,No,77,Good
12901,Male,19,4,91,91,4,No,No,77,Good
12902,Female,17,4,68,41,7,Yes,Yes,58,Average
12903,Male,21,3,98,82,6,Yes,Yes,78,Good
12904,Female,22,4,83,94,1,No,No,56,Average
12905,Female,16,8,90,73,2,No,Yes,72,Good
12906,Female,18,2,54,47,6,No,No,41,Poor
12907,Female,21,9,87,82,7,Yes,No,84,Excellent
12908,Male,18,5,73,79,0,Yes,Yes,69,Good
12909,Female,19,4,73,42,1,No,Yes,46,Poor
12910,Male,17,10,100,83,10,Yes,No,100,Excellent
12911,Female,22,10,51,79,0,Yes,No,62,Average
12912,Male,16,3,88,41,2,Yes,Yes,50,Average
12913,Female,22,3,80,73,0,Yes,Yes,51,Average
12914,Female,20,9,62,69,7,Yes,No,77,Good
12915,Male,16,10,68,78,10,No,No,84,Excellent
12916,Female,16,1,76,78,0,No,Yes,47,Poor
12917,Male,18,4,93,63,9,No,No,62,Average
12918,Female,21,6,69,64,7,No,Yes,60,Average
12919,Male,19,10,58,87,9,No,No,78,Good
12920,Male,22,6,78,77,3,No,No,56,Average
12921,Female,20,9,73,63,2,Yes,Yes,64,Average
12922,Male,22,7,54,58,1,Yes,Yes,57,Average
12923,Male,18,9,66,93,9,No,Yes,74,Good
12924,Male,18,6,87,65,7,Yes,No,71,Good
12925,Male,22,9,73,64,7,No,Yes,68,Good
12926,Male,19,3,63,77,2,No,No,58,Average
12927,Female,22,5,66,56,10,Yes,Yes,68,Good
12928,Female,22,5,66,51,1,No,No,42,Poor
12929,Male,21,8,88,56,7,No,No,71,Good
12930,Male,18,1,94,93,7,No,No,64,Average
12931,Female,19,7,58,62,2,No,Yes,60,Average
12932,Male,18,5,60,81,10,No,No,70,Good
12933,Female,18,8,83,58,6,Yes,Yes,69,Good
12934,Male,18,2,95,52,0,Yes,Yes,51,Average
12935,Female,17,8,58,41,9,No,No,56,Average
12936,Female,22,1,72,71,5,Yes,Yes,53,Average
12937,Female,18,3,54,43,6,No,No,47,Poor
12938,Male,19,4,78,93,6,Yes,No,74,Good
12939,Female,19,10,68,48,0,Yes,Yes,60,Average
12940,Female,22,9,83,63,2,Yes,No,66,Good
12941,Male,21,5,86,96,7,No,No,74,Good
12942,Male,16,9,53,70,6,Yes,Yes,60,Average
12943,Male,22,1,64,60,6,Yes,No,49,Poor
12944,Female,17,7,57,47,10,No,No,66,Good
12945,Male,19,8,63,44,3,Yes,No,53,Average
12946,Female,19,1,59,92,7,Yes,Yes,60,Average
12947,Female,20,8,65,49,10,No,No,58,Average
12948,Male,21,8,70,88,0,Yes,No,78,Good
12949,Female,20,10,57,49,0,No,Yes,59,Average
12950,Female,20,9,87,87,2,Yes,No,86,Excellent
12951,Male,17,3,62,95,5,No,No,63,Average
12952,Female,21,6,99,47,9,Yes,No,73,Good
12953,Female,16,1,76,71,5,No,Yes,52,Average
12954,Male,17,6,94,74,0,No,Yes,59,Average
12955,Male,16,7,82,97,8,Yes,Yes,90,Excellent
12956,Female,17,6,87,62,4,Yes,No,60,Average
12957,Female,21,4,69,58,2,No,Yes,42,Poor
12958,Female,19,2,96,94,4,Yes,Yes,69,Good
12959,Male,21,8,87,63,3,No,Yes,67,Good
12960,Male,19,7,77,65,0,No,No,56,Average
12961,Female,19,10,58,53,8,Yes,Yes,62,Average
12962,Female,16,3,72,93,8,Yes,Yes,68,Good
12963,Female,21,9,62,97,0,No,Yes,77,Good
12964,Female,22,1,87,73,6,No,Yes,60,Average
12965,Female,21,9,99,100,6,No,No,93,Excellent
12966,Male,20,4,73,50,3,No,No,45,Poor
12967,Male,16,3,60,82,7,Yes,Yes,55,Average
12968,Male,21,4,98,61,7,Yes,No,66,Good
12969,Female,17,6,98,83,0,Yes,Yes,69,Good
12970,Male,21,2,86,67,7,Yes,Yes,56,Average
12971,Female,18,4,96,71,1,Yes,Yes,56,Average
12972,Male,22,4,92,52,7,No,No,59,Average
12973,Male,17,9,67,93,7,No,Yes,76,Good
12974,Female,18,3,55,65,6,No,No,50,Average
12975,Female,21,1,90,69,10,No,Yes,54,Average
12976,Female,20,8,83,86,3,Yes,Yes,80,Excellent
12977,Male,18,3,71,71,5,Yes,No,59,Average
12978,Male,20,10,75,92,6,Yes,Yes,89,Excellent
12979,Female,16,1,80,91,10,Yes,Yes,64,Average
12980,Male,21,6,65,86,5,Yes,Yes,63,Average
12981,Male,16,9,85,66,4,Yes,No,74,Good
12982,Female,16,5,79,58,9,Yes,No,66,Good
12983,Female,16,1,89,71,5,No,No,60,Average
12984,Female,20,7,51,75,7,Yes,Yes,68,Good
12985,Female,21,3,78,97,6,Yes,Yes,63,Average
12986,Female,21,8,52,71,7,Yes,Yes,60,Average
12987,Male,19,10,68,46,6,Yes,Yes,67,Good
12988,Male,18,10,57,61,7,Yes,Yes,71,Good
12989,Male,16,6,88,65,1,No,Yes,65,Good
12990,Female,18,1,65,61,1,Yes,No,37,Poor
12991,Male,21,1,51,75,1,Yes,Yes,40,Poor
12992,Female,17,9,90,80,10,Yes,Yes,90,Excellent
12993,Male,18,7,69,50,4,No,Yes,63,Average
12994,Male,22,4,86,65,1,Yes,No,56,Average
12995,Female,21,3,77,46,6,No,Yes,49,Poor
12996,Male,22,7,52,63,3,No,No,57,Average
12997,Male,18,10,91,41,10,No,No,69,Good
12998,Female,17,4,78,45,5,Yes,No,61,Average
12999,Female,17,10,94,59,5,No,Yes,71,Good
13000,Female,21,2,99,60,4,No,Yes,61,Average
13001,Male,17,2,86,55,3,No,No,52,Average
13002,Male,21,1,65,60,4,No,Yes,40,Poor
13003,Female,18,5,65,76,1,Yes,Yes,56,Average
13004,Male,21,6,77,88,0,Yes,Yes,60,Average
13005,Male,18,6,69,70,8,Yes,No,68,Good
13006,Male,19,5,82,88,2,No,Yes,64,Average
13007,Female,22,10,92,75,6,Yes,Yes,92,Excellent
13008,Male,17,6,99,78,1,Yes,No,78,Good
13009,Male,18,4,56,80,2,No,Yes,49,Poor
13010,Female,18,1,89,77,1,No,Yes,47,Poor
13011,Male,16,8,56,41,1,Yes,No,54,Average
13012,Male,17,3,99,57,8,Yes,No,65,Good
13013,Male,16,5,94,100,8,No,Yes,77,Good
13014,Male,16,1,95,51,6,Yes,No,48,Poor
13015,Male,19,4,67,76,5,Yes,Yes,53,Average
13016,Female,17,7,55,100,1,No,Yes,69,Good
13017,Female,19,6,74,87,10,No,Yes,71,Good
13018,Female,16,2,53,70,6,No,No,47,Poor
13019,Male,16,4,77,46,10,No,Yes,61,Average
13020,Male,18,9,91,87,5,No,No,74,Good
13021,Male,20,2,54,72,4,No,No,39,Poor
13022,Male,17,1,98,100,7,No,Yes,73,Good
13023,Female,18,7,84,57,9,Yes,Yes,67,Good
13024,Female,19,7,83,85,4,No,Yes,71,Good
13025,Female,20,7,91,95,3,Yes,Yes,87,Excellent
13026,Female,18,6,94,83,0,Yes,No,67,Good
13027,Male,17,2,59,89,9,No,No,57,Average
13028,Male,17,1,65,63,2,No,No,40,Poor
13029,Male,20,1,50,88,6,No,Yes,58,Average
13030,Male,18,3,68,90,4,Yes,Yes,61,Average
13031,Male,21,2,63,51,7,No,Yes,46,Poor
13032,Female,16,8,77,86,9,No,No,71,Good
13033,Female,18,3,58,41,5,No,No,45,Poor
13034,Male,18,3,94,70,3,Yes,No,71,Good
13035,Male,19,4,96,80,0,Yes,Yes,63,Average
13036,Female,18,10,70,69,2,No,No,74,Good
13037,Male,22,10,85,91,7,No,Yes,87,Excellent
13038,Male,21,3,91,68,9,No,Yes,72,Good
13039,Male,18,7,62,62,8,No,Yes,59,Average
13040,Female,16,10,85,61,5,No,No,81,Excellent
13041,Female,20,1,57,71,8,Yes,Yes,57,Average
13042,Male,16,6,72,80,1,No,No,68,Good
13043,Female,19,10,57,89,7,Yes,Yes,74,Good
13044,Male,21,1,66,47,5,Yes,No,45,Poor
13045,Female,17,8,52,51,6,Yes,Yes,52,Average
13046,Female,20,3,53,79,3,No,No,51,Average
13047,Male,16,9,56,58,6,No,Yes,70,Good
13048,Female,21,5,54,90,5,Yes,No,69,Good
13049,Female,19,3,54,46,8,No,Yes,54,Average
13050,Female,17,6,89,69,9,Yes,Yes,77,Good
13051,Female,18,2,54,66,9,No,Yes,57,Average
13052,Female,21,9,95,59,0,Yes,Yes,64,Average
13053,Female,21,10,93,61,3,Yes,No,69,Good
13054,Female,20,1,66,82,2,No,No,45,Poor
13055,Female,20,7,74,75,2,No,No,70,Good
13056,Female,19,10,61,60,9,No,No,66,Good
13057,Male,19,6,83,98,4,Yes,Yes,78,Good
13058,Female,19,3,54,97,2,Yes,No,50,Average
13059,Male,20,5,67,55,7,Yes,Yes,51,Average
13060,Male,16,6,64,79,1,Yes,Yes,62,Average
13061,Male,21,9,52,65,3,No,No,60,Average
13062,Male,18,9,76,90,9,Yes,No,87,Excellent
13063,Male,17,3,89,53,1,Yes,Yes,60,Average
13064,Female,20,4,68,75,10,Yes,Yes,74,Good
13065,Female,21,4,80,43,1,Yes,No,58,Average
13066,Male,16,8,88,57,1,No,Yes,72,Good
13067,Male,18,9,84,55,1,No,No,70,Good
13068,Female,21,1,67,94,0,Yes,Yes,61,Average
13069,Male,20,9,50,83,0,No,No,65,Good
13070,Male,18,8,86,94,5,No,No,81,Excellent
13071,Male,22,4,88,67,0,Yes,Yes,54,Average
13072,Female,17,2,51,71,10,Yes,Yes,52,Average
13073,Female,19,3,79,84,1,Yes,Yes,61,Average
13074,Female,22,4,99,77,4,No,Yes,68,Good
13075,Female,20,4,70,40,2,No,Yes,40,Poor
13076,Female,19,9,89,69,7,Yes,No,78,Good
13077,Female,22,9,77,83,6,No,No,70,Good
13078,Male,21,1,61,100,7,No,No,52,Average
13079,Female,16,8,94,50,4,Yes,No,65,Good
13080,Female,19,1,56,41,3,No,No,37,Poor
13081,Female,18,9,98,67,10,No,No,86,Excellent
13082,Male,21,4,85,92,10,No,Yes,70,Good
13083,Male,20,8,77,65,4,No,Yes,73,Good
13084,Male,20,1,76,57,5,No,Yes,40,Poor
13085,Male,18,7,59,100,9,No,No,78,Good
13086,Female,18,2,54,92,10,No,No,55,Average
13087,Male,21,10,97,58,8,No,No,84,Excellent
13088,Female,17,7,92,99,8,No,Yes,77,Good
13089,Female,21,1,94,89,0,Yes,Yes,59,Average
13090,Female,22,7,80,53,6,Yes,No,60,Average
13091,Female,16,4,74,58,4,No,Yes,53,Average
13092,Female,18,10,88,71,9,No,Yes,78,Good
13093,Female,19,2,95,99,2,No,No,67,Good
13094,Male,20,3,65,44,8,Yes,Yes,51,Average
13095,Female,22,6,74,42,3,No,Yes,51,Average
13096,Female,22,4,65,79,1,No,No,46,Poor
13097,Female,16,6,91,41,4,No,No,67,Good
13098,Male,18,4,87,42,0,Yes,Yes,60,Average
13099,Female,18,1,96,77,6,No,No,64,Average
13100,Female,17,5,86,58,1,Yes,No,62,Average
13101,Female,21,4,52,69,1,No,Yes,53,Average
13102,Female,19,2,98,63,7,No,No,60,Average
13103,Female,17,4,77,99,6,Yes,Yes,78,Good
13104,Female,16,5,81,40,2,No,No,44,Poor
13105,Female,20,9,92,90,6,Yes,Yes,81,Excellent
13106,Female,17,5,100,68,10,Yes,No,81,Excellent
13107,Male,17,5,74,45,9,Yes,No,53,Average
13108,Male,16,3,53,49,9,No,No,48,Poor
13109,Male,22,8,61,65,7,Yes,Yes,64,Average
13110,Female,18,1,66,69,2,Yes,Yes,55,Average
13111,Male,18,7,53,49,6,No,Yes,55,Average
13112,Female,19,3,51,86,9,No,Yes,52,Average
13113,Male,21,9,74,56,8,No,Yes,70,Good
13114,Female,20,7,76,89,10,Yes,Yes,88,Excellent
13115,Male,19,9,50,83,0,Yes,Yes,64,Average
13116,Female,16,4,68,89,9,Yes,Yes,72,Good
13117,Male,18,2,53,85,8,Yes,Yes,50,Average
13118,Female,21,6,69,89,0,No,No,59,Average
13119,Female,20,6,87,63,1,No,No,59,Average
13120,Female,18,8,76,78,10,Yes,No,73,Good
13121,Female,20,7,64,46,9,No,Yes,58,Average
13122,Male,19,10,53,66,2,Yes,No,60,Average
13123,Female,22,10,93,48,9,No,Yes,84,Excellent
13124,Male,17,8,76,60,1,Yes,No,58,Average
13125,Female,22,1,51,87,7,Yes,Yes,46,Poor
13126,Female,21,6,60,64,7,No,No,65,Good
13127,Male,17,10,100,47,7,Yes,Yes,80,Excellent
13128,Female,18,2,52,85,6,Yes,No,55,Average
13129,Male,21,10,61,52,1,No,No,54,Average
13130,Male,18,8,96,93,10,Yes,No,90,Excellent
13131,Female,22,6,77,57,2,No,No,55,Average
13132,Female,20,5,72,78,1,No,Yes,52,Average
13133,Female,16,4,56,93,4,No,Yes,61,Average
13134,Female,16,5,74,51,3,Yes,Yes,54,Average
13135,Female,22,2,85,94,9,Yes,Yes,77,Good
13136,Female,19,6,58,86,6,No,Yes,56,Average
13137,Male,22,5,96,87,4,Yes,Yes,74,Good
13138,Female,19,7,92,56,4,No,Yes,63,Average
13139,Female,21,7,75,66,4,No,Yes,60,Average
13140,Male,16,9,86,54,3,Yes,No,76,Good
13141,Female,17,6,60,98,4,Yes,No,64,Average
13142,Female,17,2,69,49,9,Yes,No,46,Poor
13143,Male,20,7,59,47,2,No,Yes,44,Poor
13144,Male,18,10,92,69,10,Yes,Yes,86,Excellent
13145,Female,21,2,89,45,5,No,Yes,54,Average
13146,Male,18,8,58,77,9,No,Yes,74,Good
13147,Female,19,2,83,71,0,No,No,47,Poor
13148,Female,16,4,58,79,0,No,Yes,50,Average
13149,Male,21,4,85,74,4,No,Yes,62,Average
13150,Male,18,9,68,78,7,Yes,No,82,Excellent
13151,Female,17,5,72,94,0,No,Yes,58,Average
13152,Female,16,7,80,64,4,No,No,72,Good
13153,Female,19,9,73,68,6,No,No,70,Good
13154,Female,16,6,84,49,9,Yes,No,60,Average
13155,Male,21,7,100,73,3,Yes,Yes,81,Excellent
13156,Female,21,6,87,88,4,No,Yes,72,Good
13157,Female,21,6,65,80,4,Yes,Yes,58,Average
13158,Male,21,7,91,86,4,No,Yes,81,Excellent
13159,Female,19,1,94,89,7,No,Yes,64,Average
13160,Female,18,1,51,87,2,Yes,No,51,Average
13161,Female,20,1,68,51,1,No,No,33,Poor
13162,Male,17,6,81,71,2,Yes,No,61,Average
13163,Male,19,2,77,59,5,No,Yes,47,Poor
13164,Male,19,2,57,98,9,No,Yes,60,Average
13165,Male,21,8,91,91,8,Yes,Yes,85,Excellent
13166,Female,16,1,80,93,5,Yes,No,56,Average
13167,Male,17,3,80,65,9,Yes,Yes,68,Good
13168,Female,19,5,67,54,3,Yes,No,63,Average
13169,Female,18,8,66,83,9,Yes,No,73,Good
13170,Male,19,8,63,41,10,Yes,Yes,69,Good
13171,Male,17,2,77,63,0,No,No,50,Average
13172,Female,19,4,86,78,2,Yes,No,58,Average
13173,Female,21,8,55,72,8,No,No,66,Good
13174,Male,21,3,63,47,8,Yes,Yes,52,Average
13175,Female,21,8,65,46,9,Yes,No,68,Good
13176,Female,21,9,64,51,6,No,Yes,63,Average
13177,Female,21,7,87,98,8,No,No,79,Good
13178,Male,20,7,71,56,7,Yes,Yes,64,Average
13179,Female,17,1,98,73,5,Yes,No,55,Average
13180,Female,19,8,77,72,0,Yes,Yes,66,Good
13181,Male,19,3,65,55,1,Yes,Yes,54,Average
13182,Female,20,2,50,75,8,No,Yes,48,Poor
13183,Male,18,5,83,80,0,No,No,59,Average
13184,Female,22,5,72,52,6,No,Yes,58,Average
13185,Male,20,6,95,65,10,Yes,Yes,79,Good
13186,Female,18,3,75,88,8,No,No,71,Good
13187,Male,18,7,67,41,6,Yes,Yes,57,Average
13188,Male,17,8,69,96,0,Yes,No,72,Good
13189,Male,18,10,67,97,8,No,Yes,81,Excellent
13190,Female,17,4,83,52,7,No,No,54,Average
13191,Female,17,9,70,45,7,No,No,69,Good
13192,Female,19,6,84,73,4,No,Yes,60,Average
13193,Female,18,5,77,55,6,Yes,No,58,Average
13194,Female,18,8,98,78,5,Yes,No,74,Good
13195,Female,21,5,86,63,2,No,No,53,Average
13196,Male,18,6,65,48,2,No,No,51,Average
13197,Male,19,6,54,99,9,No,No,66,Good
13198,Female,22,3,75,66,3,No,Yes,55,Average
13199,Female,16,6,86,88,1,No,No,73,Good
13200,Male,21,4,69,51,8,Yes,Yes,53,Average
13201,Female,21,9,65,62,6,Yes,No,68,Good
13202,Male,16,2,86,45,8,Yes,Yes,59,Average
13203,Male,18,6,69,92,0,No,Yes,61,Average
13204,Female,16,2,63,58,8,Yes,No,55,Average
13205,Male,16,3,84,99,10,No,Yes,72,Good
13206,Female,21,10,71,70,1,No,No,67,Good
13207,Male,16,10,50,52,5,No,Yes,67,Good
13208,Female,20,7,71,41,1,No,No,48,Poor
13209,Male,17,4,83,85,3,Yes,No,71,Good
13210,Female,16,4,56,73,8,Yes,Yes,64,Average
13211,Male,21,9,88,98,4,Yes,No,93,Excellent
13212,Female,20,2,76,95,4,No,Yes,67,Good
13213,Female,19,2,66,46,8,Yes,Yes,49,Poor
13214,Female,18,3,73,99,8,No,Yes,62,Average
13215,Female,19,2,69,85,2,Yes,No,59,Average
13216,Female,16,1,87,60,9,No,No,61,Average
13217,Male,21,5,59,41,6,No,No,44,Poor
13218,Male,18,10,67,57,3,No,No,65,Good
13219,Female,16,10,85,80,10,No,Yes,92,Excellent
13220,Male,21,9,62,73,9,Yes,Yes,76,Good
13221,Male,21,9,54,45,2,Yes,No,54,Average
13222,Male,20,3,82,73,7,No,No,68,Good
13223,Female,16,4,70,96,0,Yes,No,70,Good
13224,Female,17,4,87,84,5,Yes,Yes,75,Good
13225,Female,17,1,66,96,0,No,No,46,Poor
13226,Female,19,4,56,94,8,Yes,No,73,Good
13227,Female,19,4,65,82,10,Yes,Yes,68,Good
13228,Male,19,8,99,91,0,Yes,No,84,Excellent
13229,Female,21,7,80,42,4,Yes,Yes,59,Average
13230,Female,22,4,99,87,0,No,Yes,65,Good
13231,Male,21,6,74,57,1,No,No,52,Average
13232,Male,20,1,77,76,1,Yes,Yes,47,Poor
13233,Male,17,3,77,53,1,Yes,Yes,50,Average
13234,Male,20,7,60,78,10,No,No,66,Good
13235,Female,17,2,86,46,10,Yes,Yes,62,Average
13236,Female,19,6,73,62,3,Yes,No,59,Average
13237,Female,19,10,98,86,9,No,Yes,90,Excellent
13238,Male,20,10,100,92,3,Yes,No,85,Excellent
13239,Male,22,5,79,76,5,Yes,No,65,Good
13240,Male,22,1,99,55,8,No,No,63,Average
13241,Male,20,10,73,79,10,No,Yes,76,Good
13242,Female,22,5,97,61,8,No,No,63,Average
13243,Male,20,1,68,96,8,Yes,Yes,59,Average
13244,Female,16,9,98,96,1,Yes,No,78,Good
13245,Male,21,3,86,57,8,Yes,Yes,69,Good
13246,Female,16,1,81,82,0,No,No,50,Average
13247,Male,19,4,62,76,10,No,Yes,61,Average
13248,Male,20,7,54,77,8,No,Yes,62,Average
13249,Male,22,1,62,50,5,No,No,34,Poor
13250,Male,17,8,60,85,7,No,No,70,Good
13251,Female,22,2,93,60,1,Yes,No,59,Average
13252,Female,16,4,51,67,7,Yes,Yes,54,Average
13253,Female,17,5,96,65,3,Yes,No,73,Good
13254,Female,16,3,69,42,6,Yes,Yes,56,Average
13255,Male,21,5,53,93,4,No,No,67,Good
13256,Female,17,1,82,92,2,No,Yes,65,Good
13257,Male,19,10,70,75,10,No,No,74,Good
13258,Male,22,7,91,73,6,No,Yes,78,Good
13259,Male,17,9,54,87,1,No,Yes,60,Average
13260,Female,18,3,93,87,1,No,No,59,Average
13261,Male,20,4,54,90,2,Yes,No,54,Average
13262,Male,19,5,80,64,10,No,No,59,Average
13263,Male,16,2,100,73,5,Yes,No,72,Good
13264,Female,16,10,73,61,10,No,No,70,Good
13265,Male,17,7,86,87,1,No,Yes,72,Good
13266,Female,22,3,53,58,6,No,No,48,Poor
13267,Female,17,8,66,44,3,No,No,61,Average
13268,Female,20,10,100,54,4,No,No,68,Good
13269,Female,21,8,70,50,0,No,Yes,57,Average
13270,Male,17,2,92,98,1,Yes,No,64,Average
13271,Male,22,9,55,52,2,Yes,Yes,65,Good
13272,Male,19,7,59,64,5,Yes,No,63,Average
13273,Male,17,7,84,59,0,No,No,57,Average
13274,Male,18,8,61,55,10,Yes,Yes,63,Average
13275,Female,19,3,98,64,4,Yes,No,60,Average
13276,Female,16,7,52,89,10,No,No,76,Good
13277,Female,16,7,70,53,5,No,Yes,59,Average
13278,Male,20,10,93,59,8,Yes,No,89,Excellent
13279,Male,20,2,85,71,8,Yes,No,69,Good
13280,Male,20,8,75,52,2,Yes,Yes,69,Good
13281,Female,17,4,72,47,4,Yes,Yes,55,Average
13282,Male,18,4,61,58,0,No,Yes,42,Poor
13283,Male,16,7,85,88,2,No,Yes,78,Good
13284,Male,22,9,76,98,10,No,Yes,82,Excellent
13285,Male,21,4,77,43,8,Yes,No,50,Average
13286,Female,22,2,96,85,7,No,Yes,73,Good
13287,Female,18,9,87,78,8,Yes,No,82,Excellent
13288,Female,20,5,60,100,6,Yes,No,62,Average
13289,Female,16,2,85,60,5,No,No,60,Average
13290,Male,16,1,85,97,2,Yes,No,67,Good
13291,Female,20,1,74,96,9,No,No,62,Average
13292,Female,21,7,97,89,3,Yes,No,75,Good
13293,Male,17,7,54,60,9,Yes,No,72,Good
13294,Female,21,1,70,81,6,Yes,No,50,Average
13295,Female,19,9,52,52,10,No,Yes,61,Average
13296,Female,18,2,97,97,6,Yes,No,70,Good
13297,Male,17,3,63,91,4,Yes,Yes,53,Average
13298,Female,21,5,81,66,6,No,No,60,Average
13299,Female,20,1,84,88,7,Yes,Yes,57,Average
13300,Female,17,4,64,64,3,Yes,No,56,Average
13301,Female,21,7,55,63,2,Yes,No,61,Average
13302,Female,16,10,91,65,7,No,No,86,Excellent
13303,Male,16,7,67,86,8,Yes,No,71,Good
13304,Male,22,1,51,80,0,No,Yes,37,Poor
13305,Male,17,6,83,67,3,No,Yes,69,Good
13306,Female,16,5,95,73,9,Yes,No,75,Good
13307,Male,17,7,74,64,4,No,No,56,Average
13308,Male,21,7,92,94,9,Yes,No,93,Excellent
13309,Male,18,1,73,56,1,Yes,No,44,Poor
13310,Male,18,6,53,85,5,No,Yes,64,Average
13311,Female,22,9,68,94,7,No,Yes,76,Good
13312,Male,17,3,83,72,2,No,Yes,62,Average
13313,Male,17,6,80,78,10,No,No,73,Good
13314,Female,18,7,88,90,5,Yes,Yes,80,Excellent
13315,Female,18,10,69,54,4,No,No,72,Good
13316,Male,21,4,79,44,10,No,Yes,64,Average
13317,Female,17,1,91,87,0,No,Yes,63,Average
13318,Female,17,8,55,44,10,Yes,No,67,Good
13319,Male,22,8,94,86,1,Yes,No,85,Excellent
13320,Male,19,6,53,70,3,Yes,Yes,58,Average
13321,Male,19,5,88,100,0,Yes,No,80,Excellent
13322,Male,21,3,77,49,0,Yes,Yes,45,Poor
13323,Male,16,10,50,96,8,No,Yes,74,Good
13324,Female,20,9,71,75,3,Yes,No,74,Good
13325,Female,21,4,64,84,5,Yes,No,70,Good
13326,Female,21,4,52,81,2,No,Yes,57,Average
13327,Female,19,3,64,67,4,Yes,Yes,46,Poor
13328,Female,19,6,53,79,9,Yes,No,69,Good
13329,Female,18,5,94,82,9,Yes,No,84,Excellent
13330,Male,22,7,64,77,0,No,No,63,Average
13331,Male,20,6,61,65,3,No,Yes,56,Average
13332,Female,18,3,51,69,5,No,No,52,Average
13333,Female,16,4,50,54,0,No,Yes,36,Poor
13334,Female,19,8,81,52,1,No,Yes,57,Average
13335,Female,19,9,88,52,0,No,Yes,56,Average
13336,Male,21,6,68,82,3,Yes,Yes,69,Good
13337,Female,20,5,63,95,8,Yes,Yes,68,Good
13338,Male,16,3,75,98,0,Yes,No,63,Average
13339,Male,18,9,72,94,10,No,Yes,76,Good
13340,Male,17,7,67,59,7,Yes,No,72,Good
13341,Male,20,8,91,58,8,No,No,71,Good
13342,Female,17,9,91,63,5,Yes,No,75,Good
13343,Male,19,3,72,59,8,Yes,Yes,51,Average
13344,Male,21,2,79,83,4,No,Yes,59,Average
13345,Female,22,9,93,69,7,No,Yes,70,Good
13346,Male,20,2,83,41,6,No,No,47,Poor
13347,Male,21,9,99,45,4,Yes,No,79,Good
13348,Male,21,4,72,99,1,Yes,No,68,Good
13349,Female,18,2,72,86,7,No,Yes,61,Average
13350,Female,17,1,86,92,2,Yes,No,65,Good
13351,Female,21,9,58,87,10,Yes,Yes,79,Good
13352,Male,22,10,62,51,8,No,No,73,Good
13353,Male,20,1,71,52,3,No,No,37,Poor
13354,Female,17,3,96,76,5,Yes,No,72,Good
13355,Male,19,1,50,93,5,No,Yes,51,Average
13356,Female,22,1,67,93,8,No,No,60,Average
13357,Female,16,5,76,97,8,No,No,69,Good
13358,Male,17,1,84,47,2,Yes,No,53,Average
13359,Female,21,10,80,47,2,No,Yes,72,Good
13360,Female,17,8,62,40,10,Yes,No,56,Average
13361,Female,16,8,52,72,5,Yes,No,69,Good
13362,Female,18,2,92,82,6,Yes,Yes,62,Average
13363,Female,21,8,87,97,8,No,Yes,82,Excellent
13364,Male,16,10,62,83,8,Yes,Yes,86,Excellent
13365,Male,22,9,65,66,7,No,Yes,65,Good
13366,Male,22,8,86,63,9,No,Yes,72,Good
13367,Male,16,5,57,75,1,No,Yes,60,Average
13368,Male,16,8,95,58,0,Yes,No,66,Good
13369,Male,17,5,61,82,10,Yes,No,69,Good
13370,Female,20,1,51,92,7,Yes,Yes,53,Average
13371,Female,18,8,99,78,8,Yes,No,89,Excellent
13372,Male,19,5,88,51,2,No,Yes,56,Average
13373,Female,16,8,59,63,4,Yes,Yes,64,Average
13374,Female,16,3,78,46,3,Yes,No,49,Poor
13375,Male,17,7,54,68,7,Yes,Yes,66,Good
13376,Female,20,10,88,43,9,No,No,74,Good
13377,Male,20,7,59,76,2,No,Yes,62,Average
13378,Male,21,8,65,96,6,No,No,68,Good
13379,Male,20,8,97,88,4,Yes,No,82,Excellent
13380,Female,22,2,73,93,5,Yes,Yes,58,Average
13381,Male,20,10,78,52,6,No,Yes,72,Good
13382,Female,21,8,52,87,1,Yes,No,58,Average
13383,Female,22,1,83,66,6,Yes,Yes,51,Average
13384,Male,18,1,68,80,10,Yes,Yes,63,Average
13385,Male,18,5,60,45,8,No,Yes,48,Poor
13386,Female,17,7,59,67,5,Yes,Yes,67,Good
13387,Female,19,5,65,67,9,No,Yes,53,Average
13388,Female,18,5,59,94,5,No,Yes,62,Average
13389,Female,21,10,65,85,2,No,Yes,74,Good
13390,Female,20,9,52,88,10,No,Yes,76,Good
13391,Male,16,1,81,54,8,No,Yes,46,Poor
13392,Male,21,6,55,40,5,Yes,Yes,50,Average
13393,Male,22,5,70,40,4,Yes,Yes,56,Average
13394,Male,17,9,59,60,8,No,No,72,Good
13395,Female,17,10,85,80,0,No,Yes,78,Good
13396,Female,16,6,58,72,5,No,Yes,61,Average
13397,Male,21,9,54,84,3,No,No,72,Good
13398,Female,22,9,85,42,0,No,Yes,61,Average
13399,Male,22,10,73,97,5,Yes,Yes,80,Excellent
13400,Female,16,6,73,65,10,Yes,Yes,69,Good
13401,Female,21,1,67,60,10,No,No,58,Average
13402,Male,18,7,60,64,9,Yes,No,64,Average
13403,Female,21,10,59,69,1,Yes,No,74,Good
13404,Male,22,8,70,86,5,Yes,Yes,69,Good
13405,Female,20,2,60,52,4,Yes,Yes,44,Poor
13406,Male,18,6,55,83,1,No,No,65,Good
13407,Female,19,7,50,75,10,Yes,No,69,Good
13408,Female,19,2,64,43,3,Yes,Yes,46,Poor
13409,Female,17,3,55,52,5,Yes,No,48,Poor
13410,Male,17,1,92,80,9,No,No,67,Good
13411,Male,21,2,94,80,2,Yes,Yes,61,Average
13412,Male,21,6,79,82,1,No,Yes,67,Good
13413,Male,17,8,58,63,1,Yes,Yes,65,Good
13414,Female,20,10,78,62,4,No,Yes,69,Good
13415,Female,19,4,57,48,5,No,Yes,46,Poor
13416,Female,16,6,62,55,9,Yes,Yes,67,Good
13417,Male,20,3,77,65,5,Yes,Yes,65,Good
13418,Female,22,1,53,46,6,Yes,Yes,48,Poor
13419,Male,17,3,50,91,1,Yes,Yes,51,Average
13420,Female,16,2,54,100,0,Yes,No,55,Average
13421,Male,17,10,73,67,4,No,No,78,Good
13422,Male,17,1,79,91,2,Yes,No,54,Average
13423,Male,17,9,100,55,4,No,Yes,77,Good
13424,Male,19,5,94,75,3,Yes,Yes,67,Good
13425,Male,19,9,54,51,5,No,Yes,53,Average
13426,Male,22,3,71,51,7,Yes,No,49,Poor
13427,Female,17,7,52,83,6,Yes,No,64,Average
13428,Male,18,9,77,57,1,No,No,72,Good
13429,Male,17,2,62,96,8,No,Yes,66,Good
13430,Male,17,4,51,68,7,Yes,No,59,Average
13431,Male,18,8,67,69,4,No,No,57,Average
13432,Male,17,1,72,92,5,No,Yes,53,Average
13433,Male,17,5,59,73,3,No,No,59,Average
13434,Male,16,7,50,97,10,Yes,No,68,Good
13435,Female,17,7,81,67,9,Yes,Yes,73,Good
13436,Male,21,8,86,46,0,Yes,Yes,61,Average
13437,Male,19,8,95,89,5,Yes,No,80,Excellent
13438,Male,19,1,86,100,8,No,No,68,Good
13439,Female,18,4,95,44,6,No,No,60,Average
13440,Female,22,8,72,59,4,Yes,No,59,Average
13441,Male,16,8,60,87,1,No,No,70,Good
13442,Male,20,7,61,69,9,No,No,64,Average
13443,Male,18,1,92,67,4,No,Yes,46,Poor
13444,Male,19,1,67,79,3,No,No,44,Poor
13445,Male,19,8,91,56,4,No,Yes,63,Average
13446,Male,19,2,76,93,0,No,No,51,Average
13447,Female,22,1,53,85,0,Yes,Yes,45,Poor
13448,Male,16,3,72,86,6,Yes,Yes,60,Average
13449,Female,22,6,75,48,10,Yes,No,64,Average
13450,Female,16,1,71,57,1,Yes,Yes,49,Poor
13451,Male,20,8,100,47,2,Yes,No,62,Average
13452,Male,17,3,92,53,2,No,Yes,52,Average
13453,Male,16,10,53,88,4,No,No,66,Good
13454,Male,20,7,65,44,1,No,No,58,Average
13455,Male,21,8,94,44,6,Yes,No,77,Good
13456,Female,22,2,67,62,10,No,No,55,Average
13457,Female,22,6,52,50,6,Yes,No,63,Average
13458,Male,16,9,90,64,1,Yes,No,79,Good
13459,Female,19,7,90,45,10,Yes,No,76,Good
13460,Female,22,5,66,90,9,No,No,66,Good
13461,Female,20,7,92,50,6,No,Yes,61,Average
13462,Male,20,10,74,52,9,Yes,Yes,82,Excellent
13463,Male,21,4,95,74,8,Yes,No,64,Average
13464,Female,21,6,82,64,2,No,Yes,53,Average
13465,Female,20,3,79,55,2,Yes,Yes,61,Average
13466,Male,17,8,78,90,4,Yes,No,78,Good
13467,Female,22,6,77,59,8,Yes,No,75,Good
13468,Female,16,7,58,68,9,Yes,Yes,69,Good
13469,Female,20,7,69,54,8,No,Yes,60,Average
13470,Male,21,7,60,50,4,No,No,54,Average
13471,Male,20,8,99,89,2,Yes,Yes,76,Good
13472,Female,16,5,50,40,10,No,Yes,46,Poor
13473,Male,20,7,89,52,5,Yes,No,71,Good
13474,Male,19,5,53,55,5,Yes,No,46,Poor
13475,Male,21,3,50,52,6,Yes,Yes,51,Average
13476,Male,19,4,86,74,3,No,Yes,62,Average
13477,Male,17,1,50,75,9,No,No,43,Poor
13478,Male,18,3,76,48,2,Yes,Yes,53,Average
13479,Female,22,1,52,86,9,Yes,No,60,Average
13480,Male,19,10,68,47,0,No,Yes,58,Average
13481,Female,20,8,97,45,1,Yes,No,59,Average
13482,Female,20,3,59,94,3,No,No,57,Average
13483,Female,19,9,66,69,6,No,No,62,Average
13484,Male,17,5,66,69,0,No,No,54,Average
13485,Female,19,5,53,70,6,No,No,56,Average
13486,Female,16,1,74,47,9,Yes,Yes,59,Average
13487,Female,22,2,95,48,2,Yes,Yes,52,Average
13488,Female,21,7,78,53,10,No,Yes,61,Average
13489,Male,22,7,98,46,2,Yes,Yes,61,Average
13490,Female,18,6,92,86,1,No,Yes,74,Good
13491,Female,17,5,52,50,9,Yes,No,59,Average
13492,Male,22,4,56,67,7,No,Yes,55,Average
13493,Male,19,5,68,55,1,No,No,50,Average
13494,Male,17,10,79,98,2,Yes,Yes,90,Excellent
13495,Male,22,6,97,51,8,No,No,66,Good
13496,Female,16,6,99,73,7,Yes,No,71,Good
13497,Female,20,2,94,83,3,Yes,Yes,56,Average
13498,Female,16,5,67,80,1,No,Yes,66,Good
13499,Female,16,10,84,44,8,Yes,No,78,Good
13500,Female,18,6,63,55,7,Yes,No,67,Good
13501,Male,22,4,64,52,4,Yes,No,46,Poor
13502,Female,22,9,61,80,5,Yes,No,77,Good
13503,Male,16,3,60,77,4,Yes,Yes,52,Average
13504,Female,16,5,83,68,2,No,No,59,Average
13505,Female,17,6,85,64,2,Yes,Yes,60,Average
13506,Female,16,9,52,86,7,Yes,No,67,Good
13507,Male,22,6,86,73,5,No,Yes,75,Good
13508,Female,17,4,68,81,2,No,Yes,55,Average
13509,Female,16,8,70,81,5,No,No,64,Average
13510,Female,17,10,66,99,2,No,Yes,70,Good
13511,Female,22,2,86,97,4,Yes,No,75,Good
13512,Female,17,1,99,62,8,No,No,51,Average
13513,Female,18,2,93,100,2,No,No,72,Good
13514,Male,17,1,51,83,10,No,Yes,59,Average
13515,Male,18,4,70,52,2,No,No,49,Poor
13516,Male,20,6,92,70,9,No,No,68,Good
13517,Male,20,7,50,43,3,No,Yes,45,Poor
13518,Female,18,7,58,92,4,No,No,74,Good
13519,Male,16,7,75,85,6,Yes,Yes,74,Good
13520,Female,19,3,57,92,1,No,Yes,54,Average
13521,Female,17,2,76,87,10,No,Yes,70,Good
13522,Female,16,1,50,80,4,Yes,Yes,46,Poor
13523,Male,21,7,93,66,6,No,Yes,75,Good
13524,Male,20,10,71,84,5,Yes,No,74,Good
13525,Female,17,6,90,61,8,No,No,66,Good
13526,Male,19,10,80,55,4,Yes,No,74,Good
13527,Male,18,8,55,99,5,Yes,Yes,70,Good
13528,Male,17,6,82,74,7,Yes,No,70,Good
13529,Female,22,1,84,41,4,No,Yes,37,Poor
13530,Female,18,7,80,88,3,Yes,No,77,Good
13531,Female,16,8,56,89,7,No,Yes,72,Good
13532,Male,21,7,88,54,8,No,Yes,64,Average
13533,Female,16,6,61,77,5,No,No,58,Average
13534,Male,21,3,68,90,10,No,No,60,Average
13535,Male,18,8,74,44,5,No,Yes,52,Average
13536,Female,17,9,99,72,0,Yes,No,76,Good
13537,Male,16,9,93,51,4,No,Yes,78,Good
13538,Male,19,8,80,95,2,Yes,No,76,Good
13539,Male,20,1,75,76,5,No,Yes,50,Average
13540,Male,16,1,55,51,5,Yes,Yes,41,Poor
13541,Male,19,1,95,68,9,Yes,Yes,61,Average
13542,Female,17,3,67,80,2,No,Yes,49,Poor
13543,Male,19,4,96,84,2,No,Yes,74,Good
13544,Female,20,2,99,97,4,No,No,62,Average
13545,Male,17,4,72,72,8,Yes,Yes,62,Average
13546,Female,17,5,63,73,7,Yes,Yes,69,Good
13547,Male,20,4,57,58,0,Yes,No,48,Poor
13548,Female,20,3,87,52,3,No,Yes,58,Average
13549,Female,18,10,64,62,5,Yes,No,67,Good
13550,Male,17,1,67,80,7,No,Yes,53,Average
13551,Female,22,2,100,44,2,Yes,No,48,Poor
13552,Female,18,10,83,57,2,No,No,72,Good
13553,Female,16,1,57,48,7,Yes,No,49,Poor
13554,Male,18,2,75,71,8,No,Yes,60,Average
13555,Male,20,1,89,96,7,Yes,Yes,67,Good
13556,Male,18,1,92,74,0,No,Yes,58,Average
13557,Male,20,8,69,44,2,No,Yes,53,Average
13558,Female,17,5,61,54,2,Yes,Yes,45,Poor
13559,Male,21,1,94,45,2,No,Yes,41,Poor
13560,Female,17,5,58,92,3,No,No,59,Average
13561,Male,21,3,98,48,3,Yes,No,50,Average
13562,Female,19,7,59,79,4,Yes,No,63,Average
13563,Male,17,3,78,76,3,No,No,54,Average
13564,Female,19,6,59,50,7,No,No,63,Average
13565,Female,16,5,64,84,6,No,Yes,61,Average
13566,Female,19,10,80,43,3,Yes,No,61,Average
13567,Male,22,5,77,95,5,No,No,70,Good
13568,Female,22,7,97,70,9,Yes,Yes,81,Excellent
13569,Female,19,2,94,49,1,Yes,No,54,Average
13570,Male,22,10,54,80,8,Yes,No,81,Excellent
13571,Male,19,1,55,80,3,No,Yes,49,Poor
13572,Female,16,1,66,81,6,No,Yes,50,Average
13573,Female,20,3,85,41,7,No,Yes,55,Average
13574,Male,20,3,81,44,10,No,Yes,49,Poor
13575,Female,17,9,72,46,6,No,Yes,59,Average
13576,Female,20,9,64,58,1,Yes,No,66,Good
13577,Female,22,1,85,46,7,No,No,47,Poor
13578,Male,17,4,80,58,7,No,No,61,Average
13579,Male,16,10,73,49,10,No,No,67,Good
13580,Female,20,1,53,85,5,No,Yes,49,Poor
13581,Female,18,4,84,95,2,Yes,No,76,Good
13582,Female,18,6,100,62,5,Yes,No,67,Good
13583,Male,20,8,91,78,0,No,Yes,75,Good
13584,Male,22,7,79,92,10,Yes,No,82,Excellent
13585,Male,20,3,62,45,8,Yes,Yes,53,Average
13586,Female,18,7,84,96,4,Yes,No,70,Good
13587,Male,17,5,81,92,4,No,No,75,Good
13588,Female,19,9,77,49,4,No,Yes,58,Average
13589,Female,16,10,57,83,10,No,Yes,77,Good
13590,Male,17,8,52,55,9,Yes,No,64,Average
13591,Female,18,4,64,66,2,Yes,No,61,Average
13592,Female,18,1,77,52,7,Yes,Yes,53,Average
13593,Female,18,10,52,56,1,No,No,66,Good
13594,Female,17,4,86,44,3,No,No,58,Average
13595,Female,17,5,93,94,10,Yes,No,86,Excellent
13596,Male,16,8,91,40,1,No,No,62,Average
13597,Male,22,8,63,62,2,Yes,Yes,61,Average
13598,Female,18,4,96,64,9,No,No,68,Good
13599,Male,20,5,66,63,0,Yes,No,46,Poor
13600,Male,19,8,94,100,6,No,No,80,Excellent
13601,Female,16,4,69,76,9,No,Yes,58,Average
13602,Female,17,10,86,50,6,No,No,65,Good
13603,Male,16,1,96,74,6,No,Yes,60,Average
13604,Female,21,4,51,61,10,No,No,57,Average
13605,Female,20,8,100,58,10,No,No,85,Excellent
13606,Female,16,10,65,92,2,No,Yes,71,Good
13607,Male,17,2,57,80,2,Yes,Yes,59,Average
13608,Female,22,5,57,66,9,Yes,No,66,Good
13609,Female,16,9,77,54,2,No,No,71,Good
13610,Female,20,5,87,54,1,No,No,55,Average
13611,Male,17,8,100,96,1,No,Yes,87,Excellent
13612,Male,17,3,85,55,0,No,No,56,Average
13613,Female,20,9,71,53,7,Yes,Yes,71,Good
13614,Female,17,4,90,58,10,Yes,Yes,61,Average
13615,Female,18,7,100,67,10,No,Yes,77,Good
13616,Male,22,3,88,100,8,No,Yes,73,Good
13617,Female,20,3,61,76,4,Yes,Yes,53,Average
13618,Male,22,2,54,60,2,Yes,No,51,Average
13619,Female,18,9,57,94,8,Yes,Yes,72,Good
13620,Female,21,5,99,40,5,Yes,No,56,Average
13621,Female,16,5,57,86,8,No,Yes,66,Good
13622,Female,22,4,82,41,4,Yes,Yes,55,Average
13623,Female,18,3,73,98,2,No,No,61,Average
13624,Female,16,7,81,78,2,No,Yes,66,Good
13625,Male,21,6,83,99,0,No,No,69,Good
13626,Male,20,6,97,65,7,No,No,64,Average
13627,Male,19,7,92,91,4,No,Yes,75,Good
13628,Female,20,1,50,70,4,No,Yes,50,Average
13629,Female,20,2,57,43,5,Yes,No,41,Poor
13630,Male,20,8,81,64,6,Yes,Yes,78,Good
13631,Male,21,10,85,84,6,No,Yes,85,Excellent
13632,Male,19,7,78,42,4,Yes,No,56,Average
13633,Female,19,2,61,95,10,No,Yes,55,Average
13634,Male,16,6,78,78,9,Yes,No,69,Good
13635,Female,16,5,82,98,8,No,Yes,74,Good
13636,Female,22,8,94,76,5,No,Yes,79,Good
13637,Male,22,1,80,55,7,No,Yes,45,Poor
13638,Male,21,5,60,41,5,Yes,Yes,54,Average
13639,Female,17,3,50,65,10,Yes,No,50,Average
13640,Male,22,4,80,88,1,No,No,58,Average
13641,Male,18,1,60,42,9,Yes,Yes,38,Poor
13642,Female,21,9,65,85,4,No,Yes,74,Good
13643,Female,19,8,97,60,4,Yes,No,71,Good
13644,Male,18,2,95,82,2,No,Yes,55,Average
13645,Female,21,2,97,98,6,No,Yes,74,Good
13646,Male,18,5,50,87,10,Yes,Yes,67,Good
13647,Female,20,7,99,61,2,No,No,62,Average
13648,Female,21,1,70,52,9,Yes,Yes,43,Poor
13649,Female,20,5,83,89,1,Yes,No,71,Good
13650,Male,22,6,76,61,6,No,No,61,Average
13651,Male,16,9,50,50,5,No,Yes,64,Average
13652,Female,16,7,78,66,9,No,No,65,Good
13653,Male,21,7,66,65,0,No,Yes,59,Average
13654,Female,16,5,84,99,2,Yes,Yes,78,Good
13655,Female,18,5,77,78,6,No,Yes,70,Good
13656,Male,20,10,90,70,3,Yes,Yes,76,Good
13657,Male,22,2,95,79,10,No,No,71,Good
13658,Male,19,10,80,78,5,No,Yes,81,Excellent
13659,Female,19,5,86,65,10,Yes,Yes,78,Good
13660,Female,18,9,83,65,10,Yes,Yes,77,Good
13661,Female,16,2,63,54,9,No,No,46,Poor
13662,Male,16,10,66,44,6,No,Yes,68,Good
13663,Female,22,6,80,83,3,No,Yes,70,Good
13664,Female,16,10,98,83,0,No,Yes,77,Good
13665,Male,16,1,75,91,5,Yes,Yes,65,Good
13666,Male,21,4,56,56,1,Yes,No,51,Average
13667,Female,19,2,91,86,2,No,No,53,Average
13668,Male,16,8,87,75,2,Yes,No,72,Good
13669,Female,16,6,92,43,6,No,Yes,66,Good
13670,Male,17,1,93,68,1,Yes,Yes,50,Average
13671,Male,22,9,79,96,1,Yes,No,71,Good
13672,Female,20,8,96,47,10,No,Yes,74,Good
13673,Female,16,4,69,100,10,Yes,Yes,80,Excellent
13674,Male,21,8,90,45,3,No,No,66,Good
13675,Female,17,6,81,67,5,Yes,Yes,73,Good
13676,Female,18,10,56,58,2,Yes,Yes,64,Average
13677,Male,16,10,94,95,0,No,No,82,Excellent
13678,Female,22,8,89,92,3,Yes,Yes,83,Excellent
13679,Male,22,5,52,77,8,No,No,54,Average
13680,Female,19,2,88,78,8,Yes,No,62,Average
13681,Female,20,9,97,46,4,No,Yes,61,Average
13682,Female,20,6,95,93,6,Yes,No,74,Good
13683,Male,19,6,98,73,9,Yes,No,82,Excellent
13684,Female,16,8,80,69,1,Yes,Yes,61,Average
13685,Male,16,3,55,51,6,Yes,No,45,Poor
13686,Female,21,2,86,88,6,No,Yes,56,Average
13687,Male,21,9,81,88,10,No,No,86,Excellent
13688,Female,16,2,51,49,9,Yes,Yes,51,Average
13689,Female,20,5,50,91,7,No,Yes,61,Average
13690,Male,22,8,99,55,1,No,No,61,Average
13691,Male,16,4,61,92,7,No,Yes,57,Average
13692,Male,19,3,76,45,2,No,Yes,47,Poor
13693,Male,20,10,60,83,6,Yes,Yes,81,Excellent
13694,Male,18,10,91,74,7,Yes,No,86,Excellent
13695,Male,19,10,98,63,3,Yes,Yes,72,Good
13696,Female,17,2,93,61,4,Yes,Yes,56,Average
13697,Female,16,4,79,76,7,Yes,Yes,68,Good
13698,Female,22,10,56,88,5,No,No,68,Good
13699,Female,21,1,67,56,4,No,Yes,50,Average
13700,Female,16,1,76,70,7,Yes,Yes,48,Poor
13701,Male,19,6,72,66,2,Yes,Yes,65,Good
13702,Female,17,8,55,65,4,Yes,Yes,59,Average
13703,Male,20,8,90,87,3,No,No,68,Good
13704,Female,22,1,100,69,1,Yes,No,51,Average
13705,Female,18,2,85,68,8,No,Yes,59,Average
13706,Male,21,4,55,58,10,No,Yes,49,Poor
13707,Male,18,8,73,71,5,Yes,Yes,72,Good
13708,Female,16,2,80,88,1,Yes,Yes,63,Average
13709,Male,20,4,83,62,2,No,No,52,Average
13710,Male,20,10,81,90,5,No,No,76,Good
13711,Male,21,3,96,57,4,No,No,50,Average
13712,Male,18,7,78,58,10,No,No,73,Good
13713,Male,20,4,91,89,6,Yes,No,77,Good
13714,Female,16,6,78,87,0,No,Yes,70,Good
13715,Male,19,2,96,44,2,No,Yes,53,Average
13716,Male,17,2,74,72,8,Yes,Yes,53,Average
13717,Female,21,8,82,63,5,No,No,70,Good
13718,Male,17,1,51,68,1,Yes,Yes,50,Average
13719,Female,17,4,93,51,4,Yes,Yes,62,Average
13720,Male,20,7,50,46,3,Yes,No,55,Average
13721,Female,19,9,56,76,0,No,No,67,Good
13722,Male,18,10,76,68,1,No,No,63,Average
13723,Male,18,1,94,76,3,No,Yes,50,Average
13724,Female,16,2,76,86,5,Yes,No,69,Good
13725,Female,18,7,61,75,4,Yes,No,60,Average
13726,Female,21,4,96,51,8,Yes,No,72,Good
13727,Female,18,8,61,98,9,No,No,69,Good
13728,Male,21,2,69,76,9,Yes,Yes,66,Good
13729,Male,16,6,59,99,9,Yes,Yes,73,Good
13730,Female,18,2,96,40,4,No,No,45,Poor
13731,Female,22,7,55,49,2,Yes,No,59,Average
13732,Female,16,6,73,83,5,No,No,59,Average
13733,Female,21,7,78,64,5,No,Yes,68,Good
13734,Female,16,6,94,69,2,Yes,No,70,Good
13735,Female,18,9,65,40,9,Yes,Yes,73,Good
13736,Male,19,2,94,59,6,Yes,Yes,62,Average
13737,Female,16,9,60,81,2,Yes,No,71,Good
13738,Male,20,2,88,89,5,Yes,No,72,Good
13739,Female,22,2,65,44,5,Yes,No,51,Average
13740,Female,20,9,59,55,5,No,Yes,61,Average
13741,Male,17,3,79,62,9,Yes,Yes,65,Good
13742,Female,21,10,87,58,0,Yes,Yes,78,Good
13743,Female,20,6,54,82,4,No,Yes,68,Good
13744,Male,17,9,63,73,6,No,No,75,Good
13745,Female,21,10,82,92,6,Yes,No,92,Excellent
13746,Male,17,4,86,60,10,No,No,64,Average
13747,Male,17,4,54,59,4,Yes,Yes,57,Average
13748,Male,17,6,83,43,3,No,Yes,63,Average
13749,Female,20,7,61,53,10,No,No,64,Average
13750,Male,20,2,79,60,7,No,Yes,48,Poor
13751,Male,21,7,77,48,2,Yes,No,58,Average
13752,Female,19,1,75,97,6,Yes,Yes,70,Good
13753,Male,20,5,96,100,5,No,Yes,79,Good
13754,Male,21,4,90,92,7,Yes,No,74,Good
13755,Female,22,9,92,83,1,No,No,83,Excellent
13756,Male,17,4,51,69,4,No,No,58,Average
13757,Female,16,6,56,96,10,Yes,Yes,66,Good
13758,Male,17,9,78,43,7,Yes,No,66,Good
13759,Female,20,2,74,78,7,No,No,54,Average
13760,Female,21,8,68,65,4,Yes,No,73,Good
13761,Female,20,1,82,64,6,Yes,Yes,60,Average
13762,Female,20,10,92,63,9,Yes,No,82,Excellent
13763,Female,16,1,65,74,7,No,No,46,Poor
13764,Male,18,5,72,65,10,Yes,Yes,60,Average
13765,Male,22,6,63,55,1,No,No,43,Poor
13766,Female,22,8,86,97,6,No,Yes,82,Excellent
13767,Female,19,6,93,45,9,Yes,Yes,75,Good
13768,Female,20,10,90,97,3,Yes,No,93,Excellent
13769,Female,19,1,82,56,7,Yes,No,60,Average
13770,Female,21,1,51,58,2,No,Yes,43,Poor
13771,Male,20,6,87,84,5,Yes,No,69,Good
13772,Male,19,5,69,54,0,Yes,Yes,44,Poor
13773,Female,21,5,51,95,1,No,Yes,61,Average
13774,Male,17,3,62,99,5,No,Yes,64,Average
13775,Female,21,10,76,89,2,No,No,78,Good
13776,Male,22,9,60,99,9,No,No,74,Good
13777,Male,19,4,100,100,4,Yes,No,83,Excellent
13778,Male,18,4,80,45,10,No,Yes,66,Good
13779,Male,22,9,95,66,6,Yes,Yes,77,Good
13780,Male,16,6,99,56,4,Yes,Yes,70,Good
13781,Male,16,6,58,84,5,Yes,Yes,59,Average
13782,Male,21,7,90,56,6,No,Yes,74,Good
13783,Female,22,2,92,52,5,Yes,No,58,Average
13784,Male,19,3,96,64,8,Yes,Yes,62,Average
13785,Female,18,2,66,61,1,No,No,37,Poor
13786,Male,18,7,62,62,1,Yes,No,51,Average
13787,Male,20,1,83,93,4,No,Yes,58,Average
13788,Female,17,9,87,60,5,No,Yes,78,Good
13789,Female,17,7,71,60,3,Yes,Yes,59,Average
13790,Male,17,4,79,78,1,Yes,Yes,63,Average
13791,Male,21,3,96,82,2,No,No,66,Good
13792,Male,20,3,75,58,8,Yes,Yes,53,Average
13793,Female,22,3,66,53,0,No,No,51,Average
13794,Male,19,5,90,58,10,Yes,Yes,66,Good
13795,Female,21,1,80,44,0,No,Yes,43,Poor
13796,Male,18,9,87,99,2,No,Yes,83,Excellent
13797,Male,22,7,96,44,9,Yes,Yes,68,Good
13798,Female,18,3,75,59,8,No,No,61,Average
13799,Female,16,8,65,45,4,Yes,Yes,68,Good
13800,Female,20,4,69,65,1,No,No,48,Poor
13801,Female,17,5,93,83,5,Yes,No,72,Good
13802,Male,20,1,55,71,0,Yes,No,50,Average
13803,Male,16,5,94,40,8,No,Yes,58,Average
13804,Female,21,8,72,69,5,Yes,No,74,Good
13805,Female,18,7,50,71,6,Yes,Yes,58,Average
13806,Male,22,6,78,67,1,Yes,Yes,58,Average
13807,Male,18,2,68,58,6,No,No,43,Poor
13808,Male,22,3,77,78,7,Yes,No,63,Average
13809,Female,20,6,82,65,4,Yes,No,60,Average
13810,Female,22,8,52,47,6,Yes,No,58,Average
13811,Female,19,6,56,45,2,Yes,No,51,Average
13812,Male,17,2,88,73,7,No,Yes,64,Average
13813,Female,16,6,58,83,7,Yes,Yes,70,Good
13814,Female,19,10,71,88,4,No,No,72,Good
13815,Female,18,3,75,45,4,Yes,Yes,44,Poor
13816,Male,20,9,61,96,7,Yes,Yes,86,Excellent
13817,Male,17,1,79,41,5,Yes,No,44,Poor
13818,Female,22,3,77,90,3,No,No,54,Average
13819,Male,16,9,100,81,5,Yes,No,79,Good
13820,Male,16,1,99,93,3,Yes,No,68,Good
13821,Male,20,4,57,64,1,No,Yes,40,Poor
13822,Female,16,3,60,53,7,No,No,49,Poor
13823,Male,22,4,89,83,10,Yes,Yes,67,Good
13824,Female,17,8,100,96,1,No,Yes,79,Good
13825,Female,18,9,50,70,1,Yes,Yes,66,Good
13826,Female,16,8,74,41,1,No,Yes,48,Poor
13827,Male,22,4,83,63,2,No,Yes,56,Average
13828,Male,17,3,94,83,7,Yes,No,70,Good
13829,Male,19,10,85,96,3,Yes,Yes,81,Excellent
13830,Male,22,2,57,43,9,Yes,No,41,Poor
13831,Female,21,10,73,64,5,No,Yes,74,Good
13832,Male,17,10,63,83,1,Yes,Yes,78,Good
13833,Male,20,8,91,61,6,No,No,79,Good
13834,Male,21,5,91,78,4,No,No,71,Good
13835,Female,17,8,99,93,6,Yes,Yes,94,Excellent
13836,Male,17,5,64,89,3,No,Yes,61,Average
13837,Female,19,3,88,89,3,Yes,Yes,63,Average
13838,Female,20,4,70,45,2,Yes,No,46,Poor
13839,Female,19,4,69,59,3,Yes,Yes,49,Poor
13840,Male,21,10,51,77,0,No,Yes,67,Good
13841,Female,19,9,92,99,2,No,Yes,74,Good
13842,Female,19,3,71,76,9,No,Yes,56,Average
13843,Male,20,3,74,99,1,No,Yes,63,Average
13844,Male,20,5,91,72,6,No,No,71,Good
13845,Male,19,4,62,55,1,Yes,Yes,48,Poor
13846,Male,22,5,74,64,0,Yes,No,56,Average
13847,Male,22,9,60,94,0,Yes,No,75,Good
13848,Female,19,8,72,81,2,Yes,Yes,79,Good
13849,Female,16,4,91,49,1,No,No,57,Average
13850,Female,18,5,88,78,8,No,Yes,74,Good
13851,Male,17,3,80,50,0,No,Yes,54,Average
13852,Female,18,2,59,44,4,No,No,45,Poor
13853,Male,18,5,96,63,7,No,Yes,60,Average
13854,Female,20,1,73,41,10,Yes,No,53,Average
13855,Male,18,3,82,61,2,Yes,Yes,57,Average
13856,Female,21,3,59,59,2,No,No,43,Poor
13857,Female,19,7,54,66,0,Yes,Yes,62,Average
13858,Female,21,6,50,79,10,No,No,58,Average
13859,Male,19,10,96,62,6,Yes,No,88,Excellent
13860,Female,16,8,83,88,9,No,Yes,76,Good
13861,Male,21,7,92,89,7,No,No,79,Good
13862,Male,20,9,70,52,8,Yes,No,68,Good
13863,Male,18,4,59,64,5,Yes,No,60,Average
13864,Male,22,6,50,89,10,No,Yes,60,Average
13865,Female,22,10,89,79,0,No,No,80,Excellent
13866,Male,20,3,84,43,10,No,Yes,63,Average
13867,Female,18,9,77,68,4,Yes,Yes,75,Good
13868,Female,20,2,71,42,3,Yes,Yes,44,Poor
13869,Male,16,3,84,55,7,Yes,Yes,51,Average
13870,Female,19,4,96,96,6,Yes,No,76,Good
13871,Male,21,9,98,77,4,No,Yes,79,Good
13872,Male,19,3,71,78,8,No,No,55,Average
13873,Female,17,9,86,49,8,No,Yes,68,Good
13874,Male,18,10,66,43,6,Yes,No,73,Good
13875,Female,19,1,64,79,3,No,No,53,Average
13876,Male,16,3,59,52,7,Yes,Yes,48,Poor
13877,Male,17,1,79,98,5,Yes,No,71,Good
13878,Male,17,7,77,42,7,Yes,Yes,71,Good
13879,Female,19,9,55,50,10,Yes,No,59,Average
13880,Male,22,10,52,47,8,Yes,No,68,Good
13881,Female,16,4,89,76,1,No,No,58,Average
13882,Male,17,5,78,46,10,Yes,Yes,65,Good
13883,Female,17,10,72,95,9,Yes,No,87,Excellent
13884,Male,20,2,77,49,0,Yes,No,54,Average
13885,Male,19,2,72,70,1,No,Yes,53,Average
13886,Male,22,5,81,47,1,Yes,Yes,57,Average
13887,Female,19,4,71,76,5,No,Yes,60,Average
13888,Male,22,10,62,90,7,No,Yes,72,Good
13889,Female,16,1,84,63,10,No,No,50,Average
13890,Male,20,10,55,71,6,No,No,70,Good
13891,Female,19,8,78,63,8,Yes,Yes,68,Good
13892,Male,18,9,76,57,7,Yes,Yes,77,Good
13893,Female,16,7,85,42,4,No,No,58,Average
13894,Female,20,5,94,64,8,Yes,No,72,Good
13895,Female,17,6,95,57,1,No,Yes,55,Average
13896,Male,17,9,77,55,7,No,Yes,72,Good
13897,Female,21,10,91,93,2,Yes,No,90,Excellent
13898,Female,20,6,54,49,6,No,Yes,44,Poor
13899,Male,20,5,92,54,10,Yes,No,69,Good
13900,Male,21,3,73,84,5,Yes,No,56,Average
13901,Female,22,4,90,63,3,Yes,No,63,Average
13902,Female,19,7,82,74,3,Yes,No,64,Average
13903,Male,19,1,81,70,3,No,No,57,Average
13904,Female,22,8,82,74,6,No,No,68,Good
13905,Female,16,4,61,40,9,Yes,Yes,49,Poor
13906,Male,19,8,61,50,7,No,No,56,Average
13907,Female,17,4,60,94,9,Yes,No,70,Good
13908,Female,20,2,85,92,8,Yes,No,71,Good
13909,Male,19,5,66,68,6,No,Yes,52,Average
13910,Male,19,10,61,95,1,Yes,Yes,69,Good
13911,Male,18,6,52,99,0,No,No,67,Good
13912,Male,20,10,64,67,1,No,Yes,62,Average
13913,Female,19,1,52,87,2,No,Yes,51,Average
13914,Male,20,6,63,88,4,Yes,Yes,69,Good
13915,Female,21,7,92,56,6,Yes,Yes,65,Good
13916,Female,22,6,57,65,6,Yes,No,58,Average
13917,Female,18,9,64,43,9,Yes,No,72,Good
13918,Female,22,2,76,63,0,No,No,50,Average
13919,Female,19,4,84,89,5,No,No,61,Average
13920,Male,16,5,72,50,2,No,Yes,51,Average
13921,Female,21,1,86,90,0,No,Yes,47,Poor
13922,Female,16,1,67,86,4,No,Yes,47,Poor
13923,Male,19,10,64,61,0,Yes,No,58,Average
13924,Female,22,7,70,72,6,Yes,Yes,68,Good
13925,Female,20,3,51,65,3,Yes,No,52,Average
13926,Male,20,8,59,78,0,Yes,No,64,Average
13927,Female,21,9,92,97,4,Yes,Yes,85,Excellent
13928,Male,17,10,57,65,3,No,Yes,67,Good
13929,Female,19,7,82,52,7,Yes,No,68,Good
13930,Male,19,10,56,58,2,No,No,62,Average
13931,Male,18,6,72,83,9,Yes,No,72,Good
13932,Female,22,9,81,65,5,No,No,67,Good
13933,Male,16,9,64,56,1,No,No,58,Average
13934,Male,19,7,53,61,5,Yes,No,68,Good
13935,Male,22,10,56,97,5,No,Yes,82,Excellent
13936,Male,19,3,79,72,5,No,No,58,Average
13937,Female,20,1,73,70,8,No,No,49,Poor
13938,Male,17,5,89,66,7,Yes,No,73,Good
13939,Male,20,2,61,52,8,Yes,No,43,Poor
13940,Female,17,6,51,59,2,No,No,48,Poor
13941,Male,20,4,71,47,1,Yes,Yes,52,Average
13942,Male,19,6,75,55,8,No,No,65,Good
13943,Female,21,2,97,78,3,No,No,66,Good
13944,Female,21,3,89,48,7,No,Yes,54,Average
13945,Male,20,2,65,91,1,No,Yes,54,Average
13946,Female,16,5,60,91,4,Yes,No,70,Good
13947,Male,21,9,66,79,0,Yes,Yes,73,Good
13948,Female,21,4,59,86,2,No,Yes,50,Average
13949,Male,18,7,94,67,2,No,Yes,76,Good
13950,Male,21,6,56,80,6,No,No,64,Average
13951,Female,21,1,55,79,3,No,No,38,Poor
13952,Female,19,8,95,62,1,No,Yes,70,Good
13953,Male,19,3,85,73,5,Yes,No,62,Average
13954,Female,17,2,76,70,3,Yes,No,61,Average
13955,Male,19,8,84,81,3,Yes,Yes,84,Excellent
13956,Male,21,9,68,87,4,Yes,Yes,69,Good
13957,Female,16,4,90,58,9,Yes,Yes,63,Average
13958,Male,18,10,53,87,6,Yes,No,72,Good
13959,Female,17,6,91,54,0,Yes,Yes,66,Good
13960,Male,20,9,65,50,8,Yes,No,73,Good
13961,Male,17,7,91,73,1,Yes,Yes,72,Good
13962,Female,21,3,85,87,10,Yes,Yes,74,Good
13963,Male,19,5,68,59,5,No,Yes,59,Average
13964,Female,18,5,54,43,3,Yes,No,54,Average
13965,Male,22,10,77,94,6,Yes,Yes,84,Excellent
13966,Female,16,5,68,59,4,Yes,Yes,59,Average
13967,Male,20,10,51,67,3,No,No,67,Good
13968,Male,21,5,66,100,8,Yes,No,75,Good
13969,Male,19,10,64,93,0,Yes,Yes,70,Good
13970,Female,18,8,56,67,9,No,Yes,60,Average
13971,Female,22,7,85,67,7,No,No,76,Good
13972,Male,20,7,96,49,1,No,No,63,Average
13973,Female,21,7,98,60,7,Yes,Yes,71,Good
13974,Male,18,9,72,49,7,No,Yes,65,Good
13975,Male,21,6,89,88,7,No,Yes,68,Good
13976,Male,18,6,57,98,3,Yes,No,62,Average
13977,Female,17,2,72,43,10,Yes,Yes,60,Average
13978,Male,19,5,96,90,7,No,No,82,Excellent
13979,Male,21,9,88,66,0,Yes,Yes,70,Good
13980,Male,16,7,75,97,3,Yes,No,81,Excellent
13981,Male,21,3,100,49,8,Yes,No,64,Average
13982,Female,18,2,74,66,0,No,Yes,55,Average
13983,Male,18,4,98,58,5,No,No,66,Good
13984,Male,18,9,61,81,2,No,No,75,Good
13985,Female,18,9,66,80,3,Yes,Yes,70,Good
13986,Male,17,5,99,72,9,Yes,Yes,68,Good
13987,Female,20,1,86,99,3,No,No,55,Average
13988,Male,19,4,63,51,2,Yes,No,47,Poor
13989,Male,20,10,73,82,3,No,Yes,66,Good
13990,Male,22,5,96,95,5,No,No,68,Good
13991,Male,18,6,63,43,10,No,Yes,50,Average
13992,Female,17,3,87,40,0,No,No,45,Poor
13993,Female,21,7,70,63,5,Yes,No,66,Good
13994,Female,22,3,61,97,0,Yes,No,60,Average
13995,Male,21,6,65,93,8,Yes,Yes,68,Good
13996,Male,21,1,58,73,0,Yes,Yes,44,Poor
13997,Female,21,7,67,85,0,Yes,Yes,70,Good
13998,Male,17,9,89,89,2,No,Yes,71,Good
13999,Male,22,6,70,62,0,No,No,50,Average
14000,Male,21,1,83,60,8,No,Yes,46,Poor
14001,Female,21,8,77,99,9,Yes,Yes,78,Good
14002,Female,17,8,84,98,0,Yes,No,74,Good
14003,Female,22,10,68,66,3,Yes,No,72,Good
14004,Male,20,7,61,94,4,Yes,No,66,Good
14005,Female,18,10,86,78,2,No,No,77,Good
14006,Female,20,6,61,75,9,Yes,Yes,73,Good
14007,Female,17,3,94,87,3,No,Yes,62,Average
14008,Female,20,6,79,52,6,Yes,No,65,Good
14009,Female,17,3,67,88,6,No,No,67,Good
14010,Female,21,2,63,66,1,No,Yes,50,Average
14011,Female,18,5,53,80,3,No,No,63,Average
14012,Male,22,5,95,48,9,Yes,Yes,65,Good
14013,Male,18,4,55,45,10,Yes,Yes,47,Poor
14014,Male,22,2,100,96,5,No,Yes,62,Average
14015,Male,19,10,60,48,5,No,No,62,Average
14016,Female,20,8,100,56,2,No,Yes,73,Good
14017,Male,21,1,75,73,5,Yes,No,55,Average
14018,Male,18,10,73,78,7,No,Yes,76,Good
14019,Female,22,5,80,44,1,No,No,47,Poor
14020,Male,19,3,50,74,10,Yes,No,59,Average
14021,Female,18,6,62,74,1,Yes,No,65,Good
14022,Male,16,3,85,90,1,No,No,56,Average
14023,Female,17,1,86,84,10,No,Yes,66,Good
14024,Female,22,10,59,93,1,Yes,No,69,Good
14025,Male,16,4,86,78,8,Yes,No,67,Good
14026,Male,18,3,73,86,7,No,Yes,59,Average
14027,Male,22,10,55,60,3,No,No,56,Average
14028,Male,20,9,78,73,7,No,Yes,81,Excellent
14029,Male,18,7,61,53,2,No,Yes,47,Poor
14030,Female,17,8,52,52,1,No,No,49,Poor
14031,Male,22,2,53,87,1,Yes,Yes,43,Poor
14032,Female,22,6,63,80,7,Yes,No,63,Average
14033,Male,17,10,61,98,8,Yes,Yes,80,Excellent
14034,Female,22,8,68,66,1,Yes,Yes,56,Average
14035,Female,16,8,63,44,9,No,Yes,68,Good
14036,Female,21,8,75,51,8,Yes,No,73,Good
14037,Male,18,7,75,54,7,No,Yes,69,Good
14038,Male,22,4,71,56,7,Yes,No,50,Average
14039,Female,20,10,54,63,9,Yes,Yes,74,Good
14040,Female,21,9,99,73,6,Yes,No,86,Excellent
14041,Male,22,4,70,99,1,Yes,No,62,Average
14042,Female,19,7,76,71,9,No,No,67,Good
14043,Male,18,9,100,58,10,No,No,76,Good
14044,Female,18,5,88,65,2,Yes,No,70,Good
14045,Male,22,2,99,73,7,Yes,No,74,Good
14046,Female,20,2,53,77,1,Yes,No,46,Poor
14047,Male,17,10,76,66,4,Yes,Yes,71,Good
14048,Female,20,9,70,47,8,Yes,Yes,73,Good
14049,Female,22,3,53,92,0,Yes,Yes,60,Average
14050,Male,22,10,78,50,8,Yes,No,80,Excellent
14051,Male,22,1,56,95,0,Yes,No,50,Average
14052,Male,18,9,66,70,6,No,Yes,76,Good
14053,Male,22,7,68,71,9,Yes,No,72,Good
14054,Male,21,3,65,96,5,Yes,Yes,59,Average
14055,Male,21,10,64,81,10,Yes,Yes,80,Excellent
14056,Male,21,10,54,59,9,No,No,67,Good
14057,Female,16,1,75,41,0,No,Yes,31,Poor
14058,Female,20,5,98,74,0,No,No,59,Average
14059,Female,19,4,86,88,3,No,No,60,Average
14060,Female,16,5,84,80,6,Yes,Yes,64,Average
14061,Female,18,9,61,74,2,Yes,Yes,67,Good
14062,Female,20,2,90,65,1,Yes,No,58,Average
14063,Female,16,6,98,77,4,Yes,Yes,82,Excellent
14064,Male,19,9,62,61,0,Yes,No,61,Average
14065,Female,17,7,56,60,9,Yes,No,61,Average
14066,Female,19,8,54,66,2,No,No,54,Average
14067,Female,22,7,97,62,7,Yes,No,78,Good
14068,Male,22,5,73,91,8,Yes,Yes,81,Excellent
14069,Male,22,5,52,86,10,Yes,Yes,60,Average
14070,Female,20,3,62,86,7,Yes,Yes,67,Good
14071,Female,20,2,88,96,1,No,No,58,Average
14072,Male,18,3,92,80,1,Yes,No,66,Good
14073,Female,21,5,63,76,4,Yes,No,66,Good
14074,Female,21,1,52,65,5,No,Yes,45,Poor
14075,Male,22,4,71,75,10,Yes,No,61,Average
14076,Female,18,4,77,90,7,No,Yes,60,Average
14077,Male,19,3,60,71,7,Yes,Yes,52,Average
14078,Male,17,1,91,71,4,Yes,Yes,52,Average
14079,Female,18,7,89,85,0,Yes,No,68,Good
14080,Female,22,5,73,57,4,Yes,Yes,56,Average
14081,Female,16,8,63,90,8,No,Yes,81,Excellent
14082,Female,16,3,59,70,8,Yes,Yes,52,Average
14083,Male,20,6,59,55,5,Yes,Yes,54,Average
14084,Male,20,1,64,50,4,Yes,Yes,50,Average
14085,Male,21,2,58,46,8,No,No,45,Poor
14086,Female,19,1,61,41,9,No,No,44,Poor
14087,Male,18,7,62,96,9,Yes,No,76,Good
14088,Female,16,7,85,49,0,No,No,66,Good
14089,Male,17,8,71,55,2,Yes,No,58,Average
14090,Male,18,2,98,78,2,No,Yes,58,Average
14091,Female,20,8,92,56,5,Yes,Yes,67,Good
14092,Female,18,4,56,45,5,No,No,52,Average
14093,Female,22,7,68,52,9,Yes,Yes,62,Average
14094,Male,16,5,73,61,0,Yes,No,56,Average
14095,Female,20,4,69,97,5,Yes,Yes,63,Average
14096,Male,22,9,90,70,0,No,Yes,76,Good
14097,Male,19,3,78,57,2,Yes,No,55,Average
14098,Male,20,7,65,97,5,Yes,Yes,82,Excellent
14099,Female,21,6,71,70,0,No,No,63,Average
14100,Male,18,3,83,65,8,Yes,No,61,Average
14101,Male,18,8,91,90,6,Yes,Yes,84,Excellent
14102,Female,18,4,82,54,3,No,Yes,59,Average
14103,Female,21,5,68,83,4,No,No,57,Average
14104,Male,18,10,50,79,10,No,No,71,Good
14105,Male,19,2,81,97,9,No,No,65,Good
14106,Female,16,8,90,40,9,Yes,Yes,78,Good
14107,Female,21,9,76,87,10,No,No,82,Excellent
14108,Female,21,6,83,82,8,No,Yes,66,Good
14109,Male,19,6,84,60,7,Yes,No,60,Average
14110,Female,19,5,90,53,6,Yes,Yes,67,Good
14111,Male,22,6,98,51,5,Yes,No,63,Average
14112,Female,22,10,70,96,4,Yes,Yes,88,Excellent
14113,Female,18,10,83,92,10,Yes,No,88,Excellent
14114,Male,16,3,68,95,1,Yes,No,57,Average
14115,Male,18,10,76,86,3,Yes,Yes,73,Good
14116,Female,22,8,66,47,7,Yes,No,58,Average
14117,Male,22,8,79,75,0,No,Yes,63,Average
14118,Female,16,6,85,46,2,No,Yes,57,Average
14119,Female,20,4,58,41,0,Yes,No,39,Poor
14120,Female,21,4,75,55,2,No,Yes,59,Average
14121,Male,19,7,97,90,0,No,Yes,81,Excellent
14122,Male,21,3,56,75,3,No,Yes,50,Average
14123,Female,17,8,64,47,0,No,Yes,48,Poor
14124,Female,16,9,99,40,4,No,Yes,75,Good
14125,Male,16,3,81,43,0,Yes,Yes,40,Poor
14126,Female,21,6,85,41,9,Yes,No,62,Average
14127,Female,19,6,76,93,8,Yes,No,73,Good
14128,Male,16,4,84,74,5,Yes,No,72,Good
14129,Male,19,7,70,53,4,No,Yes,66,Good
14130,Female,18,3,91,46,4,Yes,Yes,56,Average
14131,Male,16,9,84,54,0,Yes,Yes,60,Average
14132,Male,16,3,79,56,7,Yes,No,59,Average
14133,Female,21,10,83,60,10,No,No,71,Good
14134,Female,21,3,55,63,4,No,No,48,Poor
14135,Male,20,8,75,46,8,No,No,65,Good
14136,Female,20,7,76,100,2,No,Yes,69,Good
14137,Male,22,6,55,74,10,Yes,No,66,Good
14138,Female,21,3,66,55,8,Yes,Yes,50,Average
14139,Male,16,1,52,78,5,No,Yes,46,Poor
14140,Female,21,10,88,70,6,No,Yes,71,Good
14141,Male,20,3,79,84,2,Yes,No,64,Average
14142,Female,22,4,87,80,6,Yes,Yes,63,Average
14143,Female,20,3,54,74,7,No,Yes,57,Average
14144,Female,20,3,96,50,0,No,Yes,54,Average
14145,Female,19,3,52,48,10,Yes,No,52,Average
14146,Male,16,4,90,44,9,No,No,66,Good
14147,Male,21,8,54,85,7,Yes,Yes,69,Good
14148,Female,18,7,96,41,1,Yes,No,70,Good
14149,Male,18,10,82,57,5,No,No,69,Good
14150,Male,21,1,91,60,2,Yes,No,48,Poor
14151,Male,22,7,87,92,6,Yes,Yes,86,Excellent
14152,Male,21,5,64,60,7,Yes,Yes,52,Average
14153,Male,21,4,69,68,7,Yes,No,68,Good
14154,Male,21,10,53,91,2,Yes,Yes,71,Good
14155,Male,19,3,86,78,8,Yes,No,72,Good
14156,Male,17,3,91,46,0,Yes,No,52,Average
14157,Female,22,10,63,96,0,No,No,70,Good
14158,Female,22,3,92,45,4,No,No,52,Average
14159,Female,19,3,78,90,7,Yes,No,65,Good
14160,Male,18,7,93,94,3,Yes,Yes,87,Excellent
14161,Male,19,4,54,48,5,No,No,50,Average
14162,Female,21,5,75,97,9,No,No,68,Good
14163,Male,17,7,76,81,10,Yes,No,77,Good
14164,Male,21,10,60,86,0,Yes,Yes,64,Average
14165,Female,20,9,88,90,8,Yes,No,82,Excellent
14166,Female,19,5,68,54,4,Yes,Yes,51,Average
14167,Male,19,3,87,72,10,Yes,Yes,63,Average
14168,Female,19,3,61,82,8,No,Yes,52,Average
14169,Male,18,9,83,81,7,Yes,Yes,89,Excellent
14170,Male,22,3,51,91,2,No,Yes,54,Average
14171,Female,20,7,70,88,10,No,Yes,72,Good
14172,Male,20,7,71,83,6,Yes,No,73,Good
14173,Female,19,9,83,45,10,Yes,Yes,75,Good
14174,Male,20,9,67,45,9,No,No,63,Average
14175,Male,22,2,93,91,10,No,No,63,Average
14176,Male,22,10,71,66,10,Yes,No,71,Good
14177,Female,20,4,89,57,3,No,Yes,65,Good
14178,Male,16,4,98,56,4,Yes,Yes,65,Good
14179,Female,21,7,81,62,3,No,No,68,Good
14180,Male,18,8,72,51,6,Yes,Yes,64,Average
14181,Male,22,9,92,93,7,No,Yes,81,Excellent
14182,Male,18,2,70,61,10,Yes,Yes,52,Average
14183,Male,21,7,68,91,6,Yes,Yes,71,Good
14184,Male,21,3,84,55,10,Yes,Yes,54,Average
14185,Female,21,7,87,49,9,No,Yes,63,Average
14186,Male,21,10,50,77,2,Yes,Yes,61,Average
14187,Male,20,2,65,89,2,No,Yes,47,Poor
14188,Male,17,10,96,43,4,No,Yes,77,Good
14189,Male,16,4,94,81,1,No,Yes,62,Average
14190,Female,18,1,73,55,0,Yes,No,48,Poor
14191,Female,20,6,73,63,0,Yes,No,58,Average
14192,Male,16,5,56,46,0,Yes,No,46,Poor
14193,Male,20,7,99,90,0,Yes,No,79,Good
14194,Male,17,7,95,67,4,No,No,71,Good
14195,Female,19,7,57,42,9,Yes,No,59,Average
14196,Male,18,3,84,91,7,Yes,No,78,Good
14197,Male,21,4,69,90,1,No,No,54,Average
14198,Female,20,2,61,67,8,No,No,46,Poor
14199,Male,21,8,56,44,0,Yes,No,56,Average
14200,Male,20,3,99,95,10,Yes,Yes,79,Good
14201,Female,20,10,77,77,2,No,Yes,79,Good
14202,Male,20,4,66,53,1,No,No,43,Poor
14203,Male,16,4,96,99,5,Yes,No,68,Good
14204,Female,22,5,82,67,9,No,No,65,Good
14205,Male,19,4,98,59,6,Yes,Yes,63,Average
14206,Male,19,9,100,50,4,Yes,No,76,Good
14207,Male,17,3,85,90,4,Yes,Yes,67,Good
14208,Female,22,4,73,92,0,Yes,Yes,60,Average
14209,Male,18,7,67,45,8,Yes,No,58,Average
14210,Male,16,10,60,68,0,No,No,57,Average
14211,Male,22,1,85,90,7,Yes,Yes,65,Good
14212,Female,20,10,87,85,0,No,Yes,82,Excellent
14213,Male,19,4,88,95,2,Yes,Yes,72,Good
14214,Female,16,3,76,89,8,Yes,Yes,62,Average
14215,Male,22,5,64,42,1,No,Yes,39,Poor
14216,Female,19,6,54,87,7,No,No,57,Average
14217,Male,18,2,77,58,9,Yes,No,56,Average
14218,Male,18,6,87,53,1,No,Yes,63,Average
14219,Female,21,3,56,75,1,Yes,No,57,Average
14220,Male,20,10,50,42,10,Yes,No,72,Good
14221,Male,22,8,63,78,5,No,Yes,66,Good
14222,Male,22,3,80,88,10,No,No,61,Average
14223,Female,19,9,82,84,9,No,Yes,87,Excellent
14224,Female,20,6,74,45,3,No,No,51,Average
14225,Male,17,9,78,52,4,No,No,70,Good
14226,Male,16,10,93,73,2,Yes,Yes,76,Good
14227,Male,19,9,71,77,0,Yes,Yes,74,Good
14228,Male,17,6,63,50,4,No,Yes,56,Average
14229,Female,18,8,51,77,2,No,No,53,Average
14230,Male,18,9,59,99,3,No,No,68,Good
14231,Female,18,8,83,51,6,Yes,Yes,66,Good
14232,Male,16,2,55,85,6,No,No,61,Average
14233,Male,20,5,88,94,5,Yes,No,83,Excellent
14234,Female,22,5,51,62,0,Yes,Yes,56,Average
14235,Male,17,9,75,67,3,No,No,67,Good
14236,Female,16,5,81,42,3,Yes,No,50,Average
14237,Male,18,5,66,100,3,Yes,No,69,Good
14238,Female,18,7,78,87,0,No,No,59,Average
14239,Female,17,8,62,98,7,Yes,Yes,80,Excellent
14240,Female,22,10,96,97,8,Yes,Yes,86,Excellent
14241,Male,19,5,84,92,5,Yes,Yes,81,Excellent
14242,Male,18,7,100,84,7,Yes,Yes,89,Excellent
14243,Male,17,6,90,56,3,Yes,Yes,59,Average
14244,Female,19,5,57,62,0,No,No,53,Average
14245,Male,22,6,90,80,7,No,Yes,70,Good
14246,Male,16,4,71,72,3,No,Yes,52,Average
14247,Female,19,10,76,46,9,No,Yes,73,Good
14248,Male,18,9,78,48,8,Yes,Yes,76,Good
14249,Female,17,8,77,69,9,Yes,No,69,Good
14250,Female,18,2,63,96,3,Yes,No,60,Average
14251,Male,17,4,83,55,10,No,Yes,66,Good
14252,Male,18,1,81,54,1,No,No,39,Poor
14253,Female,16,5,78,59,6,Yes,No,60,Average
14254,Female,22,7,90,81,6,Yes,Yes,72,Good
14255,Female,16,4,82,40,8,Yes,No,56,Average
14256,Female,21,6,56,45,3,Yes,Yes,57,Average
14257,Male,18,10,80,80,5,Yes,Yes,82,Excellent
14258,Male,22,2,97,72,8,Yes,No,60,Average
14259,Male,18,4,81,55,5,No,No,48,Poor
14260,Male,21,2,58,49,6,Yes,Yes,39,Poor
14261,Male,22,2,88,89,2,Yes,Yes,71,Good
14262,Female,16,1,72,61,0,No,No,36,Poor
14263,Female,22,6,98,79,10,No,No,75,Good
14264,Male,16,4,60,49,1,No,Yes,36,Poor
14265,Female,19,3,56,70,3,Yes,Yes,48,Poor
14266,Female,16,4,68,88,6,Yes,No,65,Good
14267,Male,18,4,77,67,5,Yes,Yes,61,Average
14268,Male,16,3,75,96,8,Yes,Yes,69,Good
14269,Female,21,8,98,64,9,No,Yes,70,Good
14270,Male,17,4,63,98,9,No,Yes,74,Good
14271,Male,21,2,66,94,3,Yes,Yes,55,Average
14272,Male,22,9,82,47,9,Yes,No,74,Good
14273,Female,18,9,59,67,2,No,No,70,Good
14274,Female,17,10,90,100,8,No,No,85,Excellent
14275,Female,19,6,57,43,0,Yes,Yes,47,Poor
14276,Female,19,8,94,86,2,Yes,No,76,Good
14277,Female,16,10,64,85,8,Yes,No,77,Good
14278,Female,22,6,75,45,7,Yes,Yes,67,Good
14279,Male,19,3,98,69,7,Yes,No,62,Average
14280,Female,18,7,59,88,4,No,Yes,64,Average
14281,Male,22,8,60,91,5,No,Yes,77,Good
14282,Female,16,9,59,60,1,Yes,Yes,56,Average
14283,Male,17,7,96,52,10,Yes,No,78,Good
14284,Male,21,9,99,57,7,No,No,75,Good
14285,Female,21,7,60,53,4,Yes,No,54,Average
14286,Female,19,1,75,56,7,No,Yes,45,Poor
14287,Female,21,6,99,69,3,Yes,No,63,Average
14288,Female,20,4,74,61,2,No,No,46,Poor
14289,Female,22,10,60,83,0,No,Yes,67,Good
14290,Male,16,7,91,99,7,Yes,Yes,84,Excellent
14291,Male,20,6,70,91,7,No,Yes,66,Good
14292,Male,21,7,59,88,8,Yes,Yes,65,Good
14293,Male,21,4,73,63,9,No,Yes,60,Average
14294,Female,16,10,60,54,6,No,No,69,Good
14295,Male,16,5,94,63,8,No,No,67,Good
14296,Female,20,5,96,96,3,No,No,81,Excellent
14297,Male,19,2,73,84,4,Yes,No,66,Good
14298,Male,21,6,66,89,1,Yes,No,68,Good
14299,Female,16,5,96,62,10,Yes,Yes,75,Good
14300,Female,19,6,79,89,2,No,Yes,70,Good
14301,Female,17,7,100,62,8,No,No,70,Good
14302,Male,19,1,82,45,0,No,No,49,Poor
14303,Female,16,5,72,98,9,Yes,No,70,Good
14304,Male,22,2,78,82,6,No,No,58,Average
14305,Female,20,1,80,66,5,Yes,No,55,Average
14306,Male,19,5,86,97,8,No,No,78,Good
14307,Female,19,8,92,72,1,No,No,75,Good
14308,Male,22,10,68,81,5,Yes,No,81,Excellent
14309,Male,16,7,55,62,10,Yes,No,65,Good
14310,Female,19,7,80,94,1,Yes,Yes,67,Good
14311,Male,22,10,54,41,8,No,Yes,62,Average
14312,Female,19,10,68,64,10,No,Yes,72,Good
14313,Female,19,7,60,79,5,Yes,Yes,59,Average
14314,Female,17,1,72,45,3,Yes,No,36,Poor
14315,Male,22,3,70,83,10,No,No,67,Good
14316,Male,17,4,52,74,8,No,Yes,58,Average
14317,Female,18,1,80,45,3,Yes,Yes,48,Poor
14318,Male,18,3,63,94,5,No,No,63,Average
14319,Female,16,5,88,45,7,Yes,No,69,Good
14320,Male,21,8,96,57,0,Yes,No,61,Average
14321,Female,18,3,52,44,1,No,Yes,33,Poor
14322,Male,22,7,59,53,6,No,Yes,62,Average
14323,Female,20,7,63,67,0,No,No,57,Average
14324,Male,22,1,99,92,7,No,No,60,Average
14325,Male,16,1,52,84,5,Yes,Yes,45,Poor
14326,Male,19,8,77,89,1,Yes,No,80,Excellent
14327,Female,20,4,90,75,10,Yes,No,78,Good
14328,Male,18,9,95,44,2,No,No,68,Good
14329,Female,18,7,65,63,3,Yes,No,68,Good
14330,Female,17,9,68,44,1,Yes,No,58,Average
14331,Female,17,10,67,90,6,No,Yes,72,Good
14332,Female,22,2,64,76,3,No,Yes,43,Poor
14333,Male,20,3,97,91,5,Yes,Yes,80,Excellent
14334,Male,17,3,83,44,6,Yes,Yes,53,Average
14335,Male,22,3,86,56,10,Yes,No,67,Good
14336,Male,21,1,80,75,10,No,Yes,67,Good
14337,Male,18,8,96,71,5,Yes,No,72,Good
14338,Female,20,1,70,40,7,Yes,Yes,42,Poor
14339,Male,20,3,58,86,3,No,No,61,Average
14340,Male,20,4,76,55,1,No,No,43,Poor
14341,Male,21,4,89,94,0,Yes,No,64,Average
14342,Female,17,9,86,50,4,Yes,Yes,73,Good
14343,Male,17,8,66,70,6,Yes,No,75,Good
14344,Male,20,5,96,42,10,No,Yes,71,Good
14345,Male,19,2,56,64,1,No,No,37,Poor
14346,Male,18,3,78,40,0,No,Yes,41,Poor
14347,Male,18,1,93,100,9,No,Yes,74,Good
14348,Male,20,4,67,100,7,No,No,59,Average
14349,Female,22,3,89,45,4,No,No,49,Poor
14350,Female,16,9,85,66,0,Yes,No,63,Average
14351,Male,17,3,63,72,9,No,Yes,59,Average
14352,Male,21,1,90,97,10,Yes,Yes,73,Good
14353,Male,22,1,55,86,8,No,Yes,46,Poor
14354,Male,17,7,96,81,7,No,Yes,73,Good
14355,Male,20,4,92,45,0,Yes,Yes,52,Average
14356,Male,16,4,70,70,4,Yes,Yes,57,Average
14357,Male,18,8,78,40,7,Yes,Yes,57,Average
14358,Male,21,10,61,75,7,Yes,Yes,75,Good
14359,Female,21,1,64,96,1,No,Yes,44,Poor
14360,Female,21,1,82,67,3,Yes,Yes,57,Average
14361,Female,21,6,85,91,8,No,No,74,Good
14362,Male,18,1,78,72,8,No,No,50,Average
14363,Male,22,2,86,49,9,Yes,Yes,66,Good
14364,Male,19,4,52,52,5,No,Yes,41,Poor
14365,Male,17,7,56,91,6,No,Yes,66,Good
14366,Female,17,10,78,83,9,Yes,No,93,Excellent
14367,Male,16,6,76,85,5,Yes,Yes,67,Good
14368,Female,18,2,71,71,7,No,Yes,50,Average
14369,Female,21,5,57,93,6,Yes,Yes,72,Good
14370,Female,21,2,60,52,2,Yes,Yes,50,Average
14371,Female,21,1,86,88,2,No,No,65,Good
14372,Male,21,4,80,51,2,No,No,44,Poor
14373,Female,22,6,73,79,0,Yes,No,62,Average
14374,Female,19,2,64,42,8,Yes,No,54,Average
14375,Male,21,3,95,84,0,Yes,No,64,Average
14376,Male,21,8,56,64,7,Yes,No,61,Average
14377,Male,22,7,53,76,5,Yes,Yes,64,Average
14378,Male,17,1,75,70,9,No,No,61,Average
14379,Male,17,2,74,70,1,No,No,54,Average
14380,Male,22,4,65,87,9,Yes,No,64,Average
14381,Female,21,9,62,86,7,No,Yes,78,Good
14382,Female,20,3,91,85,5,No,No,62,Average
14383,Female,17,5,54,64,1,No,No,48,Poor
14384,Male,17,4,86,62,1,No,No,57,Average
14385,Female,22,9,67,73,1,Yes,Yes,74,Good
14386,Female,21,4,63,56,4,Yes,No,51,Average
14387,Female,20,10,59,65,5,No,No,64,Average
14388,Male,22,10,81,47,10,Yes,Yes,68,Good
14389,Male,16,4,64,47,0,Yes,Yes,52,Average
14390,Male,21,4,99,64,1,Yes,Yes,64,Average
14391,Male,16,7,88,47,7,Yes,Yes,67,Good
14392,Female,18,6,53,46,1,No,Yes,52,Average
14393,Female,19,4,82,48,5,Yes,Yes,64,Average
14394,Male,21,7,50,46,3,Yes,No,52,Average
14395,Female,16,2,90,57,9,Yes,No,54,Average
14396,Female,19,8,100,79,3,Yes,Yes,85,Excellent
14397,Male,16,6,65,100,6,Yes,Yes,76,Good
14398,Male,21,6,55,86,3,No,Yes,66,Good
14399,Male,20,3,72,61,10,Yes,No,64,Average
14400,Male,21,7,55,98,5,Yes,Yes,75,Good
14401,Female,17,4,56,69,2,No,Yes,48,Poor
14402,Male,21,2,86,99,0,Yes,Yes,62,Average
14403,Female,17,5,84,56,10,No,Yes,58,Average
14404,Female,16,4,50,90,0,No,Yes,60,Average
14405,Female,18,10,90,79,9,Yes,No,84,Excellent
14406,Male,17,9,93,78,8,Yes,No,89,Excellent
14407,Male,20,2,93,74,9,No,No,61,Average
14408,Male,19,10,58,80,5,No,No,67,Good
14409,Female,20,4,50,63,6,No,No,45,Poor
14410,Female,21,8,61,88,6,No,Yes,71,Good
14411,Male,17,3,50,79,7,No,No,61,Average
14412,Male,20,1,62,53,1,No,Yes,46,Poor
14413,Female,17,6,97,91,1,No,No,75,Good
14414,Male,19,6,100,54,3,Yes,No,59,Average
14415,Female,22,8,91,84,3,Yes,Yes,76,Good
14416,Female,21,2,55,84,7,Yes,No,55,Average
14417,Female,19,8,95,45,2,No,Yes,57,Average
14418,Male,18,6,69,62,9,No,Yes,64,Average
14419,Male,20,2,52,82,10,No,No,55,Average
14420,Male,20,8,94,40,9,Yes,No,70,Good
14421,Male,16,10,84,97,0,Yes,Yes,88,Excellent
14422,Male,20,1,65,55,8,Yes,No,44,Poor
14423,Female,17,8,86,42,3,Yes,Yes,61,Average
14424,Male,21,4,90,90,0,No,Yes,57,Average
14425,Male,20,10,57,58,10,No,Yes,68,Good
14426,Female,21,9,74,93,0,No,No,69,Good
14427,Female,19,3,73,76,4,No,Yes,50,Average
14428,Female,16,3,98,71,0,Yes,Yes,64,Average
14429,Female,22,3,84,64,5,No,Yes,54,Average
14430,Male,21,7,78,93,1,No,No,78,Good
14431,Female,20,5,94,91,8,Yes,No,75,Good
14432,Male,18,6,72,45,8,Yes,No,59,Average
14433,Female,17,4,60,89,8,Yes,Yes,60,Average
14434,Female,16,1,78,52,0,No,No,44,Poor
14435,Female,22,2,90,96,3,Yes,No,62,Average
14436,Male,22,7,67,50,1,Yes,No,58,Average
14437,Male,22,5,72,72,8,Yes,Yes,73,Good
14438,Male,21,8,64,56,3,Yes,Yes,69,Good
14439,Female,17,3,52,92,3,Yes,No,61,Average
14440,Male,17,6,68,83,4,Yes,No,64,Average
14441,Male,20,1,63,63,1,No,No,45,Poor
14442,Male,18,8,70,87,7,No,Yes,79,Good
14443,Female,19,9,74,51,7,No,No,72,Good
14444,Female,17,5,74,75,2,Yes,No,59,Average
14445,Female,16,1,66,53,4,No,No,45,Poor
14446,Female,22,9,75,41,10,Yes,No,66,Good
14447,Female,18,10,86,75,6,Yes,Yes,81,Excellent
14448,Female,16,9,85,84,0,No,Yes,73,Good
14449,Female,16,7,93,70,3,No,Yes,66,Good
14450,Female,21,3,50,53,6,No,No,39,Poor
14451,Male,20,3,52,44,6,No,No,47,Poor
14452,Male,22,9,94,60,7,No,No,74,Good
14453,Female,21,4,100,58,1,No,No,55,Average
14454,Male,16,7,99,62,10,No,Yes,74,Good
14455,Female,22,9,92,92,4,No,Yes,78,Good
14456,Female,20,6,92,93,9,No,Yes,74,Good
14457,Female,18,9,60,71,6,Yes,Yes,65,Good
14458,Female,20,9,100,88,2,Yes,Yes,81,Excellent
14459,Male,21,1,78,73,9,No,No,60,Average
14460,Male,22,9,73,44,6,No,Yes,64,Average
14461,Male,18,6,66,52,9,No,Yes,66,Good
14462,Male,22,6,61,98,8,No,Yes,63,Average
14463,Female,22,5,96,64,8,Yes,Yes,68,Good
14464,Female,21,4,92,87,2,Yes,Yes,63,Average
14465,Female,17,9,95,75,0,Yes,Yes,72,Good
14466,Male,20,7,86,48,2,Yes,Yes,56,Average
14467,Female,17,2,88,45,0,Yes,No,51,Average
14468,Female,17,2,69,64,7,No,Yes,56,Average
14469,Male,19,3,100,79,5,Yes,Yes,69,Good
14470,Female,19,5,53,42,8,No,Yes,55,Average
14471,Female,17,1,80,63,2,No,No,46,Poor
14472,Male,17,9,92,40,3,Yes,Yes,73,Good
14473,Male,22,2,64,84,10,Yes,No,66,Good
14474,Male,17,10,50,66,3,No,No,55,Average
14475,Female,21,4,75,54,5,Yes,No,64,Average
14476,Male,18,3,77,57,9,Yes,Yes,66,Good
14477,Male,17,3,88,86,10,No,No,69,Good
14478,Male,18,8,63,83,6,Yes,Yes,76,Good
14479,Male,20,5,94,56,0,No,No,58,Average
14480,Male,18,2,52,75,6,Yes,No,55,Average
14481,Male,17,10,89,41,6,No,Yes,63,Average
14482,Male,18,10,71,75,9,Yes,No,86,Excellent
14483,Female,20,6,74,51,5,Yes,No,64,Average
14484,Female,19,7,63,70,2,No,Yes,52,Average
14485,Female,21,9,52,81,3,No,No,70,Good
14486,Male,21,1,80,72,3,No,Yes,51,Average
14487,Female,20,4,67,87,8,Yes,Yes,66,Good
14488,Male,16,3,71,90,8,No,No,65,Good
14489,Male,16,4,81,89,4,Yes,Yes,64,Average
14490,Male,20,2,90,98,0,No,Yes,60,Average
14491,Male,21,2,99,99,3,Yes,Yes,69,Good
14492,Female,20,2,51,80,7,No,Yes,58,Average
14493,Female,17,9,84,58,7,Yes,No,83,Excellent
14494,Female,20,6,88,56,2,Yes,No,60,Average
14495,Male,21,1,82,50,1,Yes,No,40,Poor
14496,Female,22,10,96,87,2,Yes,Yes,77,Good
14497,Female,22,9,68,66,6,No,No,64,Average
14498,Male,21,2,84,50,3,Yes,No,49,Poor
14499,Female,21,8,95,76,7,No,Yes,77,Good
14500,Female,17,2,90,93,7,No,Yes,71,Good
14501,Female,18,7,56,59,9,Yes,No,72,Good
14502,Female,20,5,73,82,2,Yes,Yes,61,Average
14503,Male,18,4,72,57,0,Yes,No,49,Poor
14504,Male,21,8,67,88,8,Yes,Yes,82,Excellent
14505,Female,19,7,99,87,0,No,No,78,Good
14506,Male,16,2,74,55,8,No,No,51,Average
14507,Male,20,7,98,97,8,No,No,76,Good
14508,Female,18,6,52,72,2,Yes,No,56,Average
14509,Male,22,3,100,95,6,Yes,No,73,Good
14510,Male,18,7,71,74,9,Yes,Yes,79,Good
14511,Female,22,1,87,40,1,Yes,Yes,46,Poor
14512,Female,20,1,53,83,3,No,Yes,49,Poor
14513,Female,18,3,99,67,0,Yes,No,67,Good
14514,Male,21,2,71,45,8,Yes,Yes,50,Average
14515,Female,21,1,67,54,4,No,No,47,Poor
14516,Female,20,2,63,45,6,Yes,Yes,43,Poor
14517,Female,16,5,87,74,0,Yes,No,72,Good
14518,Male,22,5,72,71,4,No,No,58,Average
14519,Male,21,3,72,59,4,No,Yes,56,Average
14520,Female,20,8,100,91,7,No,No,86,Excellent
14521,Female,22,8,98,70,9,No,Yes,71,Good
14522,Female,20,1,87,40,9,No,No,51,Average
14523,Female,18,1,73,67,5,No,No,44,Poor
14524,Male,22,2,81,46,8,Yes,Yes,49,Poor
14525,Female,21,1,52,71,8,Yes,No,46,Poor
14526,Female,19,9,81,89,0,Yes,Yes,80,Excellent
14527,Male,18,1,58,71,7,Yes,Yes,51,Average
14528,Female,21,3,74,82,2,Yes,Yes,56,Average
14529,Male,16,8,81,74,6,No,Yes,76,Good
14530,Female,22,7,69,60,8,No,No,69,Good
14531,Female,16,7,51,73,9,Yes,No,67,Good
14532,Male,22,3,69,82,2,Yes,Yes,57,Average
14533,Male,21,6,71,41,9,Yes,Yes,59,Average
14534,Male,19,6,50,91,4,Yes,No,65,Good
14535,Male,19,1,66,40,8,No,No,41,Poor
14536,Male,22,7,72,76,8,No,No,69,Good
14537,Female,17,5,100,76,0,Yes,No,66,Good
14538,Male,17,6,99,89,4,No,Yes,76,Good
14539,Male,20,1,76,55,9,Yes,Yes,53,Average
14540,Male,22,7,77,89,4,No,Yes,65,Good
14541,Female,20,10,90,76,4,No,No,72,Good
14542,Female,21,9,66,82,9,Yes,Yes,83,Excellent
14543,Female,20,2,80,98,6,Yes,Yes,62,Average
14544,Female,17,1,50,90,2,Yes,Yes,54,Average
14545,Female,21,9,76,84,2,Yes,Yes,72,Good
14546,Male,19,6,84,59,3,Yes,Yes,64,Average
14547,Female,18,2,64,67,9,No,Yes,53,Average
14548,Male,21,5,77,58,3,No,Yes,64,Average
14549,Female,19,8,68,71,10,No,Yes,79,Good
14550,Male,20,6,95,61,1,No,No,58,Average
14551,Female,21,5,68,91,6,No,Yes,74,Good
14552,Male,20,3,57,65,10,Yes,Yes,59,Average
14553,Male,22,7,69,49,5,Yes,No,62,Average
14554,Male,17,10,80,56,8,Yes,No,83,Excellent
14555,Female,21,1,75,79,1,No,Yes,51,Average
14556,Female,22,2,81,76,10,Yes,No,72,Good
14557,Female,21,3,86,44,8,No,No,52,Average
14558,Female,19,7,98,49,7,No,Yes,77,Good
14559,Male,18,1,90,89,9,Yes,Yes,65,Good
14560,Male,18,10,98,49,6,Yes,Yes,74,Good
14561,Female,18,2,56,75,10,Yes,Yes,58,Average
14562,Female,17,7,71,64,2,No,Yes,68,Good
14563,Female,19,5,81,59,9,No,No,66,Good
14564,Male,20,4,53,43,6,No,No,40,Poor
14565,Male,20,2,56,46,8,No,No,41,Poor
14566,Male,17,7,70,98,5,Yes,Yes,79,Good
14567,Female,18,2,63,42,1,No,No,34,Poor
14568,Male,16,8,64,80,9,Yes,Yes,83,Excellent
14569,Female,19,6,56,87,5,No,Yes,61,Average
14570,Male,16,8,92,90,0,Yes,Yes,83,Excellent
14571,Female,17,5,94,96,9,No,No,74,Good
14572,Male,18,1,57,81,8,No,Yes,55,Average
14573,Male,18,5,73,50,5,No,Yes,58,Average
14574,Male,21,3,85,41,9,Yes,No,60,Average
14575,Female,18,2,50,60,8,No,Yes,49,Poor
14576,Male,17,10,52,89,7,No,Yes,73,Good
14577,Male,22,7,70,81,6,Yes,Yes,67,Good
14578,Female,20,10,59,87,0,Yes,No,65,Good
14579,Male,16,3,94,45,5,Yes,No,58,Average
14580,Male,21,2,69,77,5,Yes,Yes,57,Average
14581,Female,17,7,76,89,9,Yes,No,76,Good
14582,Female,18,1,71,81,10,Yes,Yes,66,Good
14583,Male,18,1,92,99,9,Yes,No,80,Excellent
14584,Male,19,2,82,59,6,No,Yes,60,Average
14585,Male,19,3,88,89,7,No,No,61,Average
14586,Female,17,2,77,44,0,No,Yes,46,Poor
14587,Female,18,9,87,83,8,No,Yes,86,Excellent
14588,Male,17,3,54,74,1,Yes,No,44,Poor
14589,Female,18,10,81,41,8,Yes,Yes,71,Good
14590,Female,17,5,73,48,7,No,Yes,48,Poor
14591,Male,21,6,51,94,10,No,Yes,76,Good
14592,Female,22,1,85,73,3,Yes,No,57,Average
14593,Female,21,3,88,84,9,Yes,Yes,69,Good
14594,Male,17,7,66,55,8,No,Yes,55,Average
14595,Female,17,3,70,66,4,Yes,No,63,Average
14596,Male,17,8,54,84,6,No,Yes,71,Good
14597,Female,17,10,66,89,5,Yes,Yes,82,Excellent
14598,Male,16,8,96,70,10,No,No,82,Excellent
14599,Male,22,6,57,61,6,No,No,50,Average
14600,Male,17,3,93,74,1,Yes,No,61,Average
14601,Male,19,8,62,86,3,Yes,Yes,66,Good
14602,Male,21,3,69,64,2,No,Yes,44,Poor
14603,Female,16,1,100,80,7,Yes,No,60,Average
14604,Male,16,8,89,63,10,Yes,No,85,Excellent
14605,Female,17,9,96,74,9,No,No,90,Excellent
14606,Female,21,7,80,63,0,No,No,67,Good
14607,Female,21,4,90,78,5,Yes,No,69,Good
14608,Male,16,4,74,53,5,Yes,Yes,57,Average
14609,Female,20,5,70,69,1,Yes,No,56,Average
14610,Male,21,1,91,93,3,No,No,69,Good
14611,Male,17,5,86,49,3,No,No,48,Poor
14612,Female,16,2,61,68,2,Yes,No,44,Poor
14613,Male,19,3,78,66,0,Yes,Yes,55,Average
14614,Female,21,1,75,87,6,Yes,Yes,67,Good
14615,Female,20,2,80,97,0,Yes,Yes,61,Average
14616,Female,22,2,82,80,9,Yes,No,71,Good
14617,Female,21,10,74,71,1,Yes,Yes,76,Good
14618,Male,17,10,59,84,8,Yes,Yes,86,Excellent
14619,Male,21,1,75,40,3,No,Yes,42,Poor
14620,Male,22,10,57,73,0,No,Yes,60,Average
14621,Female,20,10,85,97,0,No,Yes,80,Excellent
14622,Male,21,7,77,41,6,Yes,Yes,62,Average
14623,Female,18,7,82,69,6,Yes,No,79,Good
14624,Male,17,4,92,40,6,No,No,61,Average
14625,Female,21,10,74,40,10,No,No,65,Good
14626,Male,18,3,54,59,2,No,No,38,Poor
14627,Male,18,10,50,42,7,Yes,Yes,70,Good
14628,Male,20,5,55,71,3,No,Yes,61,Average
14629,Male,18,4,93,97,2,No,Yes,77,Good
14630,Male,16,5,75,80,0,No,No,66,Good
14631,Female,20,7,95,74,6,Yes,No,82,Excellent
14632,Female,16,5,64,79,10,Yes,Yes,64,Average
14633,Female,22,7,81,90,6,No,Yes,81,Excellent
14634,Female,20,10,89,60,4,No,No,82,Excellent
14635,Male,21,10,99,49,5,Yes,Yes,78,Good
14636,Female,21,2,58,90,4,No,No,53,Average
14637,Male,20,7,78,48,10,Yes,No,76,Good
14638,Female,16,5,54,83,1,Yes,No,53,Average
14639,Female,16,7,63,60,0,No,No,60,Average
14640,Female,20,10,72,54,10,No,No,75,Good
14641,Male,16,6,88,88,3,Yes,Yes,66,Good
14642,Female,19,8,76,41,7,Yes,No,62,Average
14643,Male,16,4,75,83,8,Yes,No,72,Good
14644,Male,19,3,78,54,10,Yes,Yes,54,Average
14645,Female,21,1,99,95,9,No,No,64,Average
14646,Male,18,3,78,54,2,No,Yes,49,Poor
14647,Female,16,3,65,67,3,No,Yes,51,Average
14648,Male,22,3,80,43,6,Yes,No,52,Average
14649,Female,19,6,65,99,3,Yes,Yes,67,Good
14650,Female,18,2,69,67,2,Yes,Yes,50,Average
14651,Female,22,3,57,91,6,No,No,60,Average
14652,Male,17,10,98,40,3,Yes,No,80,Excellent
14653,Female,19,5,71,91,2,No,Yes,55,Average
14654,Male,19,4,94,62,7,Yes,No,69,Good
14655,Female,19,1,79,79,5,Yes,No,55,Average
14656,Female,16,10,82,50,10,Yes,Yes,84,Excellent
14657,Female,17,6,85,57,6,No,No,67,Good
14658,Female,19,1,98,47,8,No,No,51,Average
14659,Male,18,2,73,40,10,No,Yes,52,Average
14660,Female,20,4,89,69,1,Yes,No,67,Good
14661,Female,19,7,83,93,4,No,No,71,Good
14662,Male,19,3,95,51,1,No,No,53,Average
14663,Female,20,8,69,71,5,Yes,No,67,Good
14664,Female,18,8,90,46,2,Yes,Yes,61,Average
14665,Male,20,6,94,51,9,Yes,No,78,Good
14666,Female,20,7,50,86,4,Yes,No,70,Good
14667,Female,16,6,54,68,0,Yes,Yes,60,Average
14668,Female,21,3,77,72,5,No,Yes,65,Good
14669,Male,18,2,50,47,6,No,Yes,37,Poor
14670,Female,16,7,77,61,4,No,No,63,Average
14671,Male,18,9,55,81,5,No,No,69,Good
14672,Female,19,1,96,63,6,Yes,Yes,61,Average
14673,Male,19,1,78,88,10,No,Yes,64,Average
14674,Male,22,6,79,74,9,Yes,No,78,Good
14675,Male,18,10,91,61,8,Yes,Yes,82,Excellent
14676,Female,16,9,97,67,6,Yes,No,75,Good
14677,Female,18,3,79,76,7,Yes,No,59,Average
14678,Male,21,3,79,75,6,Yes,Yes,65,Good
14679,Female,18,8,69,60,7,Yes,No,69,Good
14680,Male,17,8,72,44,3,Yes,Yes,56,Average
14681,Male,22,2,53,40,7,Yes,No,42,Poor
14682,Female,17,2,57,52,5,No,No,49,Poor
14683,Female,16,2,95,99,3,Yes,Yes,62,Average
14684,Male,17,9,78,40,3,No,No,60,Average
14685,Female,17,7,76,49,0,No,Yes,58,Average
14686,Male,17,3,97,76,6,No,Yes,67,Good
14687,Female,22,10,81,49,8,Yes,No,69,Good
14688,Female,20,2,74,75,6,No,Yes,52,Average
14689,Female,21,6,100,83,0,Yes,No,66,Good
14690,Female,17,9,88,83,8,Yes,No,78,Good
14691,Female,17,6,95,96,1,No,No,73,Good
14692,Female,17,5,86,69,5,Yes,No,66,Good
14693,Female,18,10,71,96,2,No,Yes,79,Good
14694,Male,16,9,82,58,7,Yes,No,68,Good
14695,Male,19,7,63,90,3,No,No,61,Average
14696,Male,18,2,71,77,4,No,Yes,53,Average
14697,Male,17,10,70,97,8,No,No,81,Excellent
14698,Female,16,2,86,75,3,No,Yes,62,Average
14699,Male,22,1,52,61,8,No,No,47,Poor
14700,Male,19,1,86,44,1,No,No,40,Poor
14701,Female,17,3,95,75,7,Yes,No,72,Good
14702,Male,18,8,57,71,5,No,No,56,Average
14703,Male,20,8,83,91,8,Yes,Yes,76,Good
14704,Female,21,10,50,88,10,No,Yes,75,Good
14705,Male,16,7,54,92,9,No,No,67,Good
14706,Female,21,2,79,58,7,No,Yes,52,Average
14707,Female,19,7,55,47,10,No,No,53,Average
14708,Male,21,8,77,64,7,Yes,No,79,Good
14709,Female,22,9,79,47,8,Yes,Yes,66,Good
14710,Female,20,9,64,71,5,No,No,69,Good
14711,Female,20,7,55,96,10,Yes,Yes,73,Good
14712,Female,20,4,69,85,6,No,No,70,Good
14713,Female,16,9,82,62,1,Yes,No,69,Good
14714,Male,17,2,63,71,9,No,Yes,49,Poor
14715,Male,19,8,100,52,5,No,No,76,Good
14716,Male,19,10,63,56,7,No,No,61,Average
14717,Male,17,4,76,96,7,Yes,Yes,76,Good
14718,Male,21,4,81,65,1,Yes,Yes,60,Average
14719,Male,17,4,55,78,0,No,Yes,56,Average
14720,Male,16,1,65,89,10,Yes,No,54,Average
14721,Female,19,4,75,44,0,Yes,Yes,44,Poor
14722,Male,17,3,76,97,0,Yes,No,65,Good
14723,Female,20,7,100,68,6,No,No,75,Good
14724,Male,16,4,67,87,9,No,Yes,71,Good
14725,Female,17,4,79,68,6,Yes,Yes,67,Good
14726,Male,17,2,95,76,4,No,Yes,54,Average
14727,Male,19,6,50,81,8,Yes,No,71,Good
14728,Female,21,7,89,67,7,No,No,73,Good
14729,Male,18,9,100,93,9,No,Yes,88,Excellent
14730,Male,18,7,62,100,4,Yes,No,76,Good
14731,Female,17,4,77,77,9,No,Yes,71,Good
14732,Female,18,1,64,54,5,No,Yes,50,Average
14733,Male,17,7,74,79,1,No,No,68,Good
14734,Male,17,1,71,80,6,Yes,No,65,Good
14735,Male,21,4,81,63,2,Yes,Yes,57,Average
14736,Male,22,2,56,41,2,No,No,34,Poor
14737,Male,19,10,92,63,10,Yes,No,80,Excellent
14738,Male,17,10,86,44,1,No,Yes,57,Average
14739,Female,22,6,59,42,7,No,Yes,53,Average
14740,Female,18,9,91,47,8,No,No,68,Good
14741,Female,19,4,78,85,9,No,Yes,60,Average
14742,Female,17,9,71,95,0,No,No,76,Good
14743,Male,18,2,84,79,0,Yes,No,63,Average
14744,Male,17,3,64,73,8,No,No,62,Average
14745,Male,20,10,83,43,6,Yes,Yes,70,Good
14746,Male,18,6,54,95,7,Yes,Yes,73,Good
14747,Female,16,7,68,78,10,Yes,No,67,Good
14748,Female,16,8,88,99,0,Yes,No,73,Good
14749,Male,19,3,59,100,1,No,Yes,51,Average
14750,Male,17,2,51,50,5,Yes,No,51,Average
14751,Female,22,4,80,78,1,No,No,63,Average
14752,Male,20,5,61,89,7,Yes,Yes,74,Good
14753,Female,18,1,79,61,3,Yes,Yes,44,Poor
14754,Male,22,10,64,80,7,Yes,No,71,Good
14755,Female,21,4,96,54,5,No,No,65,Good
14756,Female,17,7,73,50,0,No,Yes,47,Poor
14757,Male,16,5,92,61,8,Yes,No,75,Good
14758,Female,20,3,84,74,9,Yes,Yes,69,Good
14759,Male,18,6,87,62,10,Yes,Yes,67,Good
14760,Female,20,7,92,77,8,Yes,Yes,76,Good
14761,Female,18,3,52,41,3,Yes,No,33,Poor
14762,Female,20,1,55,88,5,No,Yes,54,Average
14763,Male,21,2,63,45,10,No,Yes,45,Poor
14764,Male,20,3,57,96,4,Yes,No,67,Good
14765,Male,16,9,68,98,6,No,Yes,80,Excellent
14766,Female,19,9,63,97,1,Yes,No,78,Good
14767,Female,19,5,90,85,2,Yes,Yes,71,Good
14768,Female,18,6,66,45,9,Yes,Yes,62,Average
14769,Male,18,5,61,51,7,Yes,No,51,Average
14770,Female,17,9,69,86,8,Yes,No,88,Excellent
14771,Female,16,1,98,45,7,No,Yes,47,Poor
14772,Female,19,8,59,94,6,No,No,70,Good
14773,Female,17,2,85,87,7,No,Yes,67,Good
14774,Female,21,1,82,57,9,Yes,No,57,Average
14775,Female,19,10,75,42,1,No,No,53,Average
14776,Male,22,7,77,51,2,Yes,No,66,Good
14777,Male,20,8,88,47,5,Yes,No,66,Good
14778,Male,20,2,81,87,7,No,Yes,54,Average
14779,Male,20,2,90,67,1,No,No,48,Poor
14780,Male,19,5,87,62,4,No,Yes,66,Good
14781,Male,22,4,92,73,1,Yes,Yes,64,Average
14782,Female,21,2,68,85,0,Yes,Yes,60,Average
14783,Male,20,4,83,100,3,No,Yes,64,Average
14784,Male,17,3,79,81,4,Yes,No,60,Average
14785,Male,18,7,95,54,7,No,No,72,Good
14786,Male,18,4,70,71,6,Yes,No,61,Average
14787,Male,22,2,73,41,3,No,Yes,42,Poor
14788,Female,22,4,83,89,10,No,Yes,73,Good
14789,Female,19,4,98,71,8,Yes,No,73,Good
14790,Male,16,6,90,98,9,No,No,86,Excellent
14791,Female,22,2,79,90,9,No,Yes,66,Good
14792,Male,19,3,56,50,2,No,No,43,Poor
14793,Female,19,2,76,66,0,Yes,Yes,44,Poor
14794,Male,17,7,51,52,0,No,Yes,42,Poor
14795,Female,17,4,74,92,8,Yes,Yes,78,Good
14796,Male,18,8,87,40,10,No,Yes,66,Good
14797,Female,16,10,88,45,5,Yes,Yes,75,Good
14798,Female,19,5,74,100,0,Yes,Yes,76,Good
14799,Female,18,4,61,74,10,Yes,Yes,72,Good
14800,Female,18,5,95,82,1,No,Yes,65,Good
14801,Female,19,7,86,61,10,Yes,No,70,Good
14802,Male,21,4,74,85,0,No,No,56,Average
14803,Male,20,4,58,68,4,Yes,No,47,Poor
14804,Male,18,1,50,95,3,Yes,Yes,44,Poor
14805,Female,22,5,96,43,9,No,No,59,Average
14806,Female,22,9,89,96,4,No,No,84,Excellent
14807,Female,17,2,89,42,5,No,Yes,57,Average
14808,Female,17,5,66,92,4,No,Yes,56,Average
14809,Female,17,8,90,57,9,No,Yes,78,Good
14810,Male,16,9,69,46,1,Yes,No,61,Average
14811,Female,21,8,69,41,5,Yes,Yes,64,Average
14812,Male,22,3,72,77,1,Yes,Yes,48,Poor
14813,Female,21,4,92,85,7,No,Yes,71,Good
14814,Male,18,9,59,68,5,Yes,Yes,74,Good
14815,Male,17,8,95,90,1,Yes,No,82,Excellent
14816,Female,20,10,89,83,3,No,No,88,Excellent
14817,Female,16,7,99,53,5,No,No,71,Good
14818,Male,16,6,55,42,9,Yes,Yes,49,Poor
14819,Female,17,9,66,99,8,No,Yes,72,Good
14820,Male,18,9,63,70,10,No,No,67,Good
14821,Female,17,3,67,70,1,No,Yes,52,Average
14822,Female,18,9,76,93,0,Yes,Yes,74,Good
14823,Female,16,7,81,43,9,Yes,No,73,Good
14824,Female,22,4,69,71,5,Yes,No,55,Average
14825,Male,17,4,91,71,1,Yes,Yes,65,Good
14826,Female,20,1,86,74,7,No,Yes,64,Average
14827,Female,20,8,100,96,0,No,No,76,Good
14828,Male,20,7,56,49,4,Yes,Yes,48,Poor
14829,Male,21,10,58,99,1,Yes,Yes,80,Excellent
14830,Female,18,9,98,98,1,Yes,No,89,Excellent
14831,Female,18,3,81,65,10,Yes,Yes,69,Good
14832,Female,16,1,69,89,0,Yes,Yes,58,Average
14833,Female,18,9,56,91,7,No,Yes,70,Good
14834,Male,21,2,67,41,6,Yes,Yes,44,Poor
14835,Female,18,3,66,99,1,Yes,Yes,60,Average
14836,Male,19,4,100,46,2,No,No,48,Poor
14837,Male,19,6,68,42,6,Yes,Yes,53,Average
14838,Female,18,6,90,61,1,Yes,No,61,Average
14839,Female,17,2,78,82,2,No,Yes,47,Poor
14840,Male,22,6,91,97,5,Yes,No,86,Excellent
14841,Male,20,7,62,67,2,Yes,Yes,66,Good
14842,Male,17,9,75,70,10,Yes,No,76,Good
14843,Male,16,9,78,93,0,No,No,67,Good
14844,Female,22,8,94,97,4,Yes,Yes,84,Excellent
14845,Male,19,4,62,87,4,No,No,60,Average
14846,Male,17,4,54,96,6,No,No,53,Average
14847,Male,20,3,92,41,5,Yes,No,48,Poor
14848,Female,21,1,84,65,7,No,No,53,Average
14849,Male,20,5,96,87,10,Yes,No,83,Excellent
14850,Male,22,10,56,83,1,Yes,No,66,Good
14851,Male,16,6,86,92,3,Yes,No,82,Excellent
14852,Female,21,1,56,65,2,No,No,48,Poor
14853,Female,18,9,96,53,0,No,No,70,Good
14854,Male,21,9,99,61,9,Yes,Yes,78,Good
14855,Female,20,8,51,56,10,Yes,No,60,Average
14856,Male,20,8,52,85,9,No,No,66,Good
14857,Female,17,6,82,76,1,No,Yes,60,Average
14858,Female,22,6,55,44,9,Yes,Yes,58,Average
14859,Male,17,2,71,85,7,Yes,Yes,61,Average
14860,Female,16,5,75,86,4,No,No,72,Good
14861,Female,18,5,75,59,0,Yes,Yes,55,Average
14862,Female,22,3,78,66,6,Yes,No,62,Average
14863,Male,17,3,93,81,0,No,No,66,Good
14864,Female,20,5,50,100,5,No,No,60,Average
14865,Male,18,6,100,79,1,Yes,Yes,69,Good
14866,Female,16,10,57,57,9,Yes,No,78,Good
14867,Male,21,8,66,86,9,Yes,Yes,74,Good
14868,Female,16,9,66,56,1,No,No,60,Average
14869,Male,22,8,66,81,6,No,No,67,Good
14870,Male,22,6,73,57,8,No,Yes,70,Good
14871,Female,22,5,92,67,7,Yes,No,73,Good
14872,Male,19,10,98,75,4,No,No,73,Good
14873,Female,22,5,74,99,2,Yes,No,71,Good
14874,Male,16,1,90,74,3,Yes,Yes,57,Average
14875,Male,19,3,61,55,1,No,No,45,Poor
14876,Female,17,5,85,50,7,No,No,65,Good
14877,Female,16,8,50,70,0,No,Yes,62,Average
14878,Female,18,1,81,72,2,Yes,No,57,Average
14879,Male,22,2,65,80,4,Yes,No,48,Poor
14880,Female,19,5,93,44,8,No,Yes,61,Average
14881,Male,21,10,100,67,10,No,Yes,88,Excellent
14882,Male,22,1,76,100,4,Yes,Yes,59,Average
14883,Male,20,1,85,47,10,Yes,No,60,Average
14884,Male,20,7,91,92,4,No,Yes,75,Good
14885,Male,17,3,62,59,9,No,Yes,59,Average
14886,Male,20,4,66,83,7,Yes,Yes,66,Good
14887,Female,20,9,74,99,0,Yes,Yes,76,Good
14888,Female,22,10,65,58,2,Yes,Yes,60,Average
14889,Male,21,7,82,86,2,Yes,Yes,66,Good
14890,Male,17,2,52,90,3,Yes,No,48,Poor
14891,Male,19,5,87,47,3,Yes,No,60,Average
14892,Male,21,3,60,43,8,Yes,No,56,Average
14893,Male,16,1,91,50,6,Yes,Yes,48,Poor
14894,Female,19,8,100,84,5,Yes,No,79,Good
14895,Male,20,8,82,98,4,No,No,73,Good
14896,Male,20,8,68,77,9,Yes,No,80,Excellent
14897,Male,19,7,62,60,5,No,Yes,51,Average
14898,Female,16,8,92,53,8,Yes,Yes,74,Good
14899,Female,22,2,55,77,1,Yes,Yes,47,Poor
14900,Male,17,4,57,60,3,Yes,No,46,Poor
14901,Male,20,5,90,87,3,Yes,Yes,67,Good
14902,Female,16,2,69,97,8,No,Yes,66,Good
14903,Male,18,7,59,63,9,No,No,55,Average
14904,Female,21,6,56,71,10,Yes,No,64,Average
14905,Male,19,3,82,50,5,Yes,No,55,Average
14906,Female,20,4,71,67,3,Yes,Yes,58,Average
14907,Female,16,7,66,79,8,No,No,75,Good
14908,Female,19,9,67,69,10,Yes,No,72,Good
14909,Female,21,2,68,63,9,Yes,Yes,50,Average
14910,Male,22,9,82,50,4,Yes,Yes,63,Average
14911,Female,19,1,58,74,8,Yes,No,48,Poor
14912,Female,19,4,64,84,6,No,No,60,Average
14913,Female,16,10,58,58,3,Yes,No,60,Average
14914,Female,18,6,90,81,10,Yes,No,76,Good
14915,Female,16,1,66,44,2,Yes,No,48,Poor
14916,Male,16,5,68,40,2,Yes,Yes,45,Poor
14917,Male,20,2,57,47,9,Yes,Yes,51,Average
14918,Female,16,1,50,77,1,No,No,47,Poor
14919,Female,18,7,96,73,3,No,No,78,Good
14920,Female,16,3,80,95,7,No,No,64,Average
14921,Female,16,1,90,67,7,No,Yes,63,Average
14922,Male,20,4,98,65,1,No,No,64,Average
14923,Female,17,1,80,81,6,Yes,No,66,Good
14924,Female,18,5,97,49,0,No,Yes,55,Average
14925,Female,21,6,82,68,8,No,No,74,Good
14926,Female,21,10,56,55,4,Yes,Yes,61,Average
14927,Male,16,1,86,100,0,Yes,Yes,55,Average
14928,Male,19,1,53,61,7,Yes,No,40,Poor
14929,Male,19,5,92,92,0,No,Yes,75,Good
14930,Female,16,5,81,88,6,No,Yes,66,Good
14931,Female,16,7,75,42,9,No,No,66,Good
14932,Male,20,3,75,72,0,Yes,No,55,Average
14933,Female,22,8,98,56,5,No,Yes,69,Good
14934,Female,18,9,86,45,4,Yes,Yes,75,Good
14935,Female,16,6,91,68,2,Yes,Yes,64,Average
14936,Male,18,8,83,68,4,No,No,67,Good
14937,Male,22,10,66,89,2,No,No,74,Good
14938,Male,21,9,85,49,7,No,Yes,64,Average
14939,Female,16,3,64,58,3,No,No,44,Poor
14940,Female,22,10,72,62,9,Yes,No,78,Good
14941,Male,20,5,76,74,3,Yes,No,58,Average
14942,Female,16,2,76,78,1,Yes,No,49,Poor
14943,Female,19,6,89,74,1,No,No,58,Average
14944,Male,16,1,99,73,5,No,No,59,Average
14945,Male,22,8,67,52,4,No,No,54,Average
14946,Male,20,7,65,89,10,No,Yes,78,Good
14947,Male,22,8,94,64,2,Yes,No,79,Good
14948,Male,22,2,90,96,6,No,Yes,75,Good
14949,Female,21,2,55,68,10,No,Yes,44,Poor
14950,Female,17,4,99,76,2,No,Yes,72,Good
14951,Male,17,3,76,82,7,No,Yes,54,Average
14952,Male,21,1,85,45,6,Yes,No,44,Poor
14953,Male,18,3,98,59,10,Yes,Yes,71,Good
14954,Female,20,1,63,72,2,Yes,No,56,Average
14955,Female,17,6,56,43,1,Yes,Yes,44,Poor
14956,Male,18,8,90,52,2,No,Yes,72,Good
14957,Male,22,8,56,57,5,Yes,Yes,60,Average
14958,Male,19,1,63,98,9,Yes,No,56,Average
14959,Female,22,8,56,94,10,Yes,Yes,81,Excellent
14960,Male,18,10,56,77,8,No,No,66,Good
14961,Male,19,3,57,81,10,No,Yes,67,Good
14962,Female,22,10,72,82,9,No,No,72,Good
14963,Female,22,5,57,77,3,Yes,No,61,Average
14964,Male,17,2,73,63,0,Yes,No,55,Average
14965,Female,17,7,89,81,10,No,Yes,86,Excellent
14966,Female,20,6,54,53,4,Yes,Yes,47,Poor
14967,Male,17,4,75,89,8,Yes,Yes,74,Good
14968,Female,22,1,99,94,4,No,No,58,Average
14969,Male,18,7,63,71,0,Yes,No,68,Good
14970,Female,17,6,65,72,1,No,Yes,63,Average
14971,Female,16,9,67,70,4,No,Yes,65,Good
14972,Male,18,1,71,41,10,Yes,No,42,Poor
14973,Female,19,2,60,52,0,Yes,No,47,Poor
14974,Male,16,2,61,73,10,Yes,No,64,Average
14975,Male,16,3,55,49,2,No,No,41,Poor
14976,Male,18,2,61,59,2,No,No,42,Poor
14977,Female,21,5,100,47,3,Yes,Yes,59,Average
14978,Female,19,2,80,58,6,No,No,46,Poor
14979,Female,16,4,94,61,6,No,No,56,Average
14980,Male,18,7,58,50,8,No,Yes,59,Average
14981,Female,17,10,97,49,7,No,No,79,Good
14982,Male,16,2,89,92,9,No,No,61,Average
14983,Female,17,4,90,62,10,Yes,No,76,Good
14984,Female,18,3,62,89,5,Yes,Yes,64,Average
14985,Female,19,9,80,97,7,Yes,No,82,Excellent
14986,Female,20,8,64,43,7,Yes,No,69,Good
14987,Female,17,7,88,83,6,Yes,No,79,Good
14988,Male,21,4,74,86,1,Yes,No,56,Average
14989,Male,20,2,51,46,5,No,Yes,43,Poor
14990,Male,18,2,90,61,5,No,Yes,51,Average
14991,Male,22,5,60,91,2,No,No,57,Average
14992,Female,16,7,71,44,6,Yes,No,53,Average
14993,Male,22,5,55,85,5,Yes,No,60,Average
14994,Male,20,10,71,98,4,Yes,No,85,Excellent
14995,Female,20,4,97,41,10,No,Yes,54,Average
14996,Male,21,2,50,55,1,No,Yes,32,Poor
14997,Female,19,6,64,89,9,Yes,Yes,67,Good
14998,Female,20,6,89,65,0,Yes,No,65,Good
14999,Female,19,1,95,60,5,Yes,No,51,Average
15000,Female,19,6,51,43,4,No,No,41,Poor
15001,Female,19,5,85,69,3,No,Yes,58,Average
15002,Male,20,3,95,91,3,Yes,No,61,Average
15003,Male,21,1,50,59,6,Yes,No,50,Average
15004,Male,21,5,71,94,10,No,No,71,Good
15005,Female,22,1,77,69,7,Yes,No,48,Poor
15006,Male,22,2,76,85,2,No,Yes,52,Average
15007,Male,21,6,70,52,9,Yes,Yes,67,Good
15008,Male,16,8,98,80,7,No,Yes,75,Good
15009,Female,16,5,61,64,2,No,No,51,Average
15010,Female,18,7,82,84,4,No,No,67,Good
15011,Male,16,3,54,73,10,Yes,Yes,60,Average
15012,Female,18,2,77,97,2,No,Yes,55,Average
15013,Male,22,2,88,63,9,Yes,Yes,57,Average
15014,Male,22,5,75,66,0,Yes,No,50,Average
15015,Female,17,2,66,76,9,No,Yes,63,Average
15016,Female,18,7,73,70,0,Yes,Yes,57,Average
15017,Male,17,9,64,83,2,Yes,Yes,69,Good
15018,Male,18,9,93,97,5,Yes,Yes,82,Excellent
15019,Male,20,8,89,70,5,Yes,No,78,Good
15020,Male,20,6,88,83,9,No,Yes,78,Good
15021,Male,21,5,90,58,10,Yes,No,77,Good
15022,Male,20,9,94,44,3,No,Yes,69,Good
15023,Male,18,8,61,48,5,No,No,54,Average
15024,Male,19,8,73,91,8,Yes,No,82,Excellent
15025,Female,16,5,97,85,1,No,No,70,Good
15026,Male,19,1,57,44,10,Yes,No,42,Poor
15027,Male,20,5,74,80,5,No,Yes,60,Average
15028,Male,22,7,54,57,10,Yes,No,56,Average
15029,Female,17,6,74,77,10,No,Yes,72,Good
15030,Male,17,2,81,66,1,No,No,51,Average
15031,Male,21,5,83,98,3,Yes,No,79,Good
15032,Female,22,6,96,48,6,Yes,No,68,Good
15033,Female,20,1,52,54,8,Yes,Yes,51,Average
15034,Female,18,7,78,79,5,No,Yes,71,Good
15035,Male,21,8,84,95,1,No,No,67,Good
15036,Female,17,4,50,99,5,Yes,Yes,70,Good
15037,Female,21,9,63,99,2,Yes,Yes,82,Excellent
15038,Female,22,8,96,58,8,Yes,Yes,73,Good
15039,Female,19,1,60,64,5,Yes,Yes,54,Average
15040,Male,21,9,76,53,8,No,No,67,Good
15041,Female,19,8,86,48,4,Yes,No,72,Good
15042,Male,21,3,88,98,2,Yes,Yes,65,Good
15043,Female,17,6,75,53,0,No,No,56,Average
15044,Female,20,1,75,91,3,Yes,No,52,Average
15045,Female,17,4,86,45,1,Yes,Yes,50,Average
15046,Male,21,9,95,81,2,Yes,No,88,Excellent
15047,Female,16,3,82,72,2,Yes,Yes,51,Average
15048,Female,18,1,83,92,3,No,No,65,Good
15049,Male,18,9,77,74,9,No,Yes,74,Good
15050,Female,19,8,57,85,3,No,Yes,67,Good
15051,Male,18,3,63,56,10,Yes,Yes,54,Average
15052,Female,19,8,53,91,0,Yes,No,58,Average
15053,Male,21,3,74,43,5,Yes,No,58,Average
15054,Male,18,2,100,66,8,No,No,69,Good
15055,Male,16,5,76,95,8,Yes,No,82,Excellent
15056,Female,19,6,76,55,2,Yes,Yes,57,Average
15057,Male,18,6,59,89,0,Yes,No,69,Good
15058,Male,20,2,72,72,10,Yes,Yes,54,Average
15059,Male,17,8,55,68,2,No,No,55,Average
15060,Male,17,3,92,86,3,No,Yes,70,Good
15061,Female,19,1,53,62,3,Yes,Yes,35,Poor
15062,Female,18,7,64,83,0,Yes,Yes,73,Good
15063,Female,21,1,87,77,2,Yes,Yes,49,Poor
15064,Female,20,7,93,82,7,Yes,No,76,Good
15065,Female,22,3,86,45,8,No,No,53,Average
15066,Male,17,3,53,53,7,No,Yes,45,Poor
15067,Female,20,6,55,70,0,No,No,58,Average
15068,Male,18,10,73,71,7,Yes,No,86,Excellent
15069,Female,17,2,73,80,6,Yes,Yes,59,Average
15070,Male,17,10,54,51,6,No,Yes,66,Good
15071,Male,19,3,74,89,3,Yes,Yes,67,Good
15072,Female,21,6,97,59,4,No,No,66,Good
15073,Female,21,3,91,80,10,Yes,No,77,Good
15074,Female,19,9,64,46,8,No,Yes,60,Average
15075,Female,22,2,75,92,5,No,No,59,Average
15076,Male,22,5,66,95,0,Yes,Yes,56,Average
15077,Male,22,4,60,85,10,No,Yes,72,Good
15078,Female,16,1,78,45,4,Yes,No,47,Poor
15079,Female,19,2,79,95,7,Yes,No,69,Good
15080,Male,18,10,90,87,2,No,No,84,Excellent
15081,Male,17,7,51,77,3,Yes,No,70,Good
15082,Female,16,4,63,56,7,Yes,No,63,Average
15083,Female,20,4,69,76,1,No,No,60,Average
15084,Male,22,8,67,92,9,Yes,No,86,Excellent
15085,Female,21,4,61,79,0,No,Yes,55,Average
15086,Male,16,9,64,59,2,No,Yes,55,Average
15087,Female,22,6,85,73,8,Yes,No,69,Good
15088,Female,20,1,76,96,10,No,No,69,Good
15089,Male,22,7,85,100,4,Yes,Yes,72,Good
15090,Female,21,3,77,66,0,Yes,Yes,53,Average
15091,Male,16,10,62,50,5,Yes,No,70,Good
15092,Female,17,1,88,41,10,No,No,48,Poor
15093,Male,17,2,50,69,0,Yes,No,39,Poor
15094,Male,21,8,82,41,9,No,Yes,74,Good
15095,Male,16,10,53,89,6,Yes,Yes,76,Good
15096,Female,19,4,53,67,3,No,No,48,Poor
15097,Male,22,3,86,77,0,Yes,No,54,Average
15098,Female,21,2,60,76,7,No,No,45,Poor
15099,Male,17,1,91,61,1,No,No,48,Poor
15100,Female,22,2,93,60,4,Yes,No,59,Average
15101,Male,20,9,55,52,0,Yes,Yes,51,Average
15102,Male,16,9,76,74,9,Yes,Yes,84,Excellent
15103,Male,21,8,51,53,10,No,Yes,66,Good
15104,Male,17,4,71,76,3,No,No,53,Average
15105,Male,20,10,92,80,8,No,No,77,Good
15106,Female,17,1,82,94,5,Yes,No,64,Average
15107,Female,22,7,83,58,7,Yes,No,67,Good
15108,Male,21,9,95,41,2,No,Yes,65,Good
15109,Male,22,10,83,94,7,No,No,81,Excellent
15110,Female,18,7,80,93,3,No,Yes,66,Good
15111,Male,17,7,80,71,4,No,Yes,61,Average
15112,Male,18,8,78,55,0,No,Yes,60,Average
15113,Male,16,6,73,83,8,Yes,No,71,Good
15114,Male,18,5,62,65,5,No,No,51,Average
15115,Female,19,6,74,48,6,Yes,Yes,65,Good
15116,Female,17,1,88,94,2,Yes,Yes,61,Average
15117,Male,16,6,80,82,9,No,Yes,80,Excellent
15118,Male,17,4,81,80,2,No,Yes,60,Average
15119,Male,22,3,59,87,0,No,No,56,Average
15120,Male,20,5,67,63,7,Yes,Yes,66,Good
15121,Male,20,7,80,77,6,No,Yes,78,Good
15122,Male,18,10,86,94,8,No,No,79,Good
15123,Male,19,8,72,81,5,No,Yes,68,Good
15124,Male,21,8,54,58,6,No,No,55,Average
15125,Male,18,1,71,73,3,Yes,No,56,Average
15126,Female,16,9,89,58,1,No,No,75,Good
15127,Male,20,2,90,46,8,No,Yes,59,Average
15128,Female,19,7,76,81,9,Yes,No,72,Good
15129,Female,21,4,59,87,10,No,Yes,65,Good
15130,Female,20,4,86,92,1,No,Yes,60,Average
15131,Male,16,5,70,97,4,No,Yes,72,Good
15132,Male,19,7,66,99,10,Yes,Yes,87,Excellent
15133,Male,20,10,69,59,9,No,Yes,78,Good
15134,Female,18,6,95,57,8,Yes,Yes,71,Good
15135,Female,21,5,93,100,9,No,No,77,Good
15136,Female,17,9,69,76,6,Yes,Yes,77,Good
15137,Male,18,10,61,51,1,No,No,58,Average
15138,Male,22,9,80,92,8,Yes,Yes,90,Excellent
15139,Male,18,10,84,81,3,Yes,Yes,84,Excellent
15140,Female,20,4,60,98,10,Yes,Yes,69,Good
15141,Female,20,2,96,66,10,No,Yes,57,Average
15142,Female,18,7,68,88,4,Yes,Yes,63,Average
15143,Male,16,2,53,57,10,No,No,55,Average
15144,Male,20,6,79,74,7,No,No,70,Good
15145,Female,19,2,82,44,10,Yes,Yes,59,Average
15146,Female,21,1,84,59,3,Yes,Yes,52,Average
15147,Female,20,8,100,50,7,No,No,74,Good
15148,Female,19,1,80,91,0,Yes,No,51,Average
15149,Female,16,9,97,57,6,Yes,No,81,Excellent
15150,Male,19,6,85,41,10,No,Yes,55,Average
15151,Female,17,4,88,94,5,Yes,No,75,Good
15152,Male,22,2,54,97,8,Yes,Yes,62,Average
15153,Male,16,3,98,57,6,No,Yes,64,Average
15154,Male,18,10,83,92,10,Yes,No,84,Excellent
15155,Female,21,3,73,45,1,Yes,Yes,48,Poor
15156,Female,22,2,62,65,1,No,No,40,Poor
15157,Male,20,8,80,94,2,Yes,No,76,Good
15158,Male,18,9,63,62,6,Yes,Yes,73,Good
15159,Male,19,4,64,81,8,No,Yes,56,Average
15160,Female,20,8,85,55,3,Yes,No,76,Good
15161,Male,21,7,63,68,7,Yes,Yes,71,Good
15162,Female,21,4,75,84,1,No,Yes,67,Good
15163,Male,16,5,78,69,3,Yes,No,66,Good
15164,Female,20,9,59,89,0,No,Yes,73,Good
15165,Male,22,10,89,84,0,No,Yes,84,Excellent
15166,Male,21,8,99,89,9,Yes,Yes,91,Excellent
15167,Female,22,5,72,51,4,No,No,58,Average
15168,Male,21,8,71,95,2,Yes,Yes,83,Excellent
15169,Male,22,2,87,46,4,Yes,Yes,49,Poor
15170,Female,20,10,99,66,7,Yes,Yes,80,Excellent
15171,Male,16,10,57,90,2,No,No,73,Good
15172,Female,20,6,63,48,2,No,Yes,55,Average
15173,Female,20,3,79,45,3,Yes,No,58,Average
15174,Female,22,10,73,98,1,No,Yes,82,Excellent
15175,Female,21,9,57,89,9,Yes,No,85,Excellent
15176,Female,20,2,96,56,6,No,No,55,Average
15177,Male,18,1,79,41,0,No,Yes,46,Poor
15178,Female,20,8,71,78,9,Yes,Yes,69,Good
15179,Male,19,6,97,96,8,No,Yes,80,Excellent
15180,Male,17,5,84,68,10,Yes,No,68,Good
15181,Female,22,7,83,74,1,No,No,74,Good
15182,Male,22,4,56,81,2,No,No,60,Average
15183,Male,20,7,83,72,0,Yes,Yes,72,Good
15184,Female,20,1,79,76,0,Yes,No,58,Average
15185,Female,20,6,56,91,10,Yes,Yes,78,Good
15186,Female,16,7,79,64,10,Yes,No,69,Good
15187,Male,20,1,65,63,9,Yes,Yes,46,Poor
15188,Female,18,2,70,50,0,Yes,Yes,41,Poor
15189,Male,18,8,57,99,6,Yes,Yes,74,Good
15190,Female,18,5,53,58,8,No,No,58,Average
15191,Female,16,1,91,60,9,Yes,Yes,59,Average
15192,Female,19,8,80,48,7,Yes,No,74,Good
15193,Male,18,6,94,91,2,Yes,No,76,Good
15194,Female,19,5,75,98,9,Yes,No,77,Good
15195,Male,22,7,66,43,5,Yes,No,58,Average
15196,Male,21,9,65,52,6,Yes,Yes,69,Good
15197,Male,19,1,91,65,4,No,Yes,58,Average
15198,Female,17,1,62,56,6,No,Yes,52,Average
15199,Male,18,8,78,86,1,No,Yes,70,Good
15200,Female,18,8,65,60,8,No,No,68,Good
15201,Male,20,2,58,59,6,Yes,No,55,Average
15202,Male,20,9,58,70,2,Yes,Yes,58,Average
15203,Male,16,9,84,46,3,No,No,60,Average
15204,Female,21,4,99,76,0,Yes,Yes,62,Average
15205,Female,18,3,82,67,4,No,No,57,Average
15206,Male,22,7,92,97,10,No,Yes,85,Excellent
15207,Male,18,9,71,71,9,Yes,No,83,Excellent
15208,Female,20,8,72,45,2,No,Yes,63,Average
15209,Male,17,5,71,42,9,Yes,Yes,57,Average
15210,Female,16,10,72,50,2,No,Yes,60,Average
15211,Female,19,2,73,50,7,No,Yes,53,Average
15212,Male,22,9,80,41,9,Yes,No,74,Good
15213,Female,20,4,89,100,4,No,Yes,64,Average
15214,Male,19,10,73,97,3,No,Yes,76,Good
15215,Female,20,10,93,72,7,Yes,Yes,88,Excellent
15216,Female,16,4,100,65,7,No,Yes,64,Average
15217,Female,17,9,93,99,5,Yes,No,93,Excellent
15218,Female,20,6,70,76,0,Yes,No,60,Average
15219,Female,21,10,80,40,4,No,Yes,64,Average
15220,Female,16,6,58,83,9,No,Yes,61,Average
15221,Male,18,9,89,51,9,No,Yes,70,Good
15222,Female,22,7,100,100,8,Yes,No,86,Excellent
15223,Male,19,3,95,81,1,Yes,Yes,63,Average
15224,Female,19,2,97,66,9,No,Yes,57,Average
15225,Male,19,1,72,64,9,No,Yes,54,Average
15226,Female,19,10,53,76,0,Yes,No,75,Good
15227,Female,22,6,68,72,4,Yes,Yes,65,Good
15228,Male,18,7,64,85,3,No,Yes,63,Average
15229,Male,17,6,75,79,9,Yes,Yes,79,Good
15230,Male,16,8,59,80,6,No,No,72,Good
15231,Male,20,3,98,98,1,Yes,Yes,64,Average
15232,Male,19,10,68,53,7,No,Yes,74,Good
15233,Female,18,7,67,96,8,No,Yes,80,Excellent
15234,Female,17,6,84,83,6,No,Yes,69,Good
15235,Male,17,1,76,48,7,No,No,55,Average
15236,Male,20,4,85,74,1,Yes,No,66,Good
15237,Male,17,2,96,45,6,No,No,56,Average
15238,Male,17,3,76,71,9,No,Yes,67,Good
15239,Male,22,7,96,56,6,No,No,64,Average
15240,Female,17,6,75,91,7,Yes,No,71,Good
15241,Female,19,5,62,62,7,No,No,56,Average
15242,Female,17,2,82,54,5,Yes,No,48,Poor
15243,Male,21,2,74,45,2,No,No,51,Average
15244,Female,20,3,64,79,2,No,No,58,Average
15245,Female,18,10,60,81,10,Yes,Yes,73,Good
15246,Female,19,10,98,90,3,No,No,82,Excellent
15247,Female,22,10,91,88,4,Yes,No,85,Excellent
15248,Male,22,6,72,61,1,Yes,No,54,Average
15249,Male,19,4,85,76,4,No,No,57,Average
15250,Female,21,1,61,58,9,Yes,No,46,Poor
15251,Female,16,3,91,75,10,Yes,Yes,77,Good
15252,Male,17,3,95,82,6,Yes,No,64,Average
15253,Female,16,6,77,77,0,No,No,62,Average
15254,Female,19,8,58,95,10,Yes,No,82,Excellent
15255,Male,20,5,75,67,3,Yes,No,69,Good
15256,Male,16,2,62,49,1,No,Yes,37,Poor
15257,Male,18,6,92,90,3,No,No,65,Good
15258,Male,21,2,89,40,3,Yes,No,50,Average
15259,Female,22,4,64,49,10,Yes,No,59,Average
15260,Female,19,9,63,53,7,Yes,No,59,Average
15261,Female,17,9,97,49,9,No,Yes,76,Good
15262,Male,22,8,96,51,1,Yes,Yes,66,Good
15263,Male,16,9,56,60,4,Yes,No,67,Good
15264,Male,16,2,89,84,6,No,No,70,Good
15265,Male,19,6,77,92,1,No,Yes,68,Good
15266,Male,21,8,91,62,4,No,No,62,Average
15267,Male,21,5,53,63,10,Yes,No,60,Average
15268,Female,17,7,64,63,0,Yes,No,57,Average
15269,Female,20,1,65,99,6,Yes,No,68,Good
15270,Female,17,1,98,84,3,Yes,No,58,Average
15271,Female,17,9,96,55,2,No,No,62,Average
15272,Male,21,1,85,91,6,Yes,No,65,Good
15273,Male,20,8,75,40,3,No,No,52,Average
15274,Male,19,4,84,65,3,No,No,63,Average
15275,Male,16,6,70,94,10,Yes,Yes,78,Good
15276,Male,22,9,74,45,0,No,No,64,Average
15277,Female,20,1,89,81,5,Yes,No,60,Average
15278,Male,16,2,93,49,9,Yes,No,59,Average
15279,Female,18,8,86,44,4,Yes,No,62,Average
15280,Male,21,8,81,81,5,Yes,Yes,85,Excellent
15281,Female,22,5,68,59,2,Yes,No,58,Average
15282,Female,22,7,60,89,6,No,No,75,Good
15283,Male,18,1,55,69,2,Yes,No,46,Poor
15284,Male,17,1,59,93,0,No,No,49,Poor
15285,Male,16,5,56,40,6,No,No,46,Poor
15286,Female,17,1,64,47,10,Yes,Yes,53,Average
15287,Male,17,4,59,44,1,Yes,Yes,44,Poor
15288,Male,18,3,69,59,1,No,Yes,53,Average
15289,Female,19,10,61,80,3,Yes,Yes,69,Good
15290,Male,17,6,98,75,1,No,Yes,65,Good
15291,Female,22,4,76,63,8,No,Yes,53,Average
15292,Female,18,3,83,79,1,Yes,No,56,Average
15293,Male,16,2,80,45,10,Yes,Yes,52,Average
15294,Female,17,2,77,72,8,No,Yes,53,Average
15295,Female,17,3,79,46,5,No,Yes,57,Average
15296,Male,21,6,57,65,0,Yes,No,47,Poor
15297,Female,20,7,86,70,4,No,No,64,Average
15298,Female,19,6,62,48,0,Yes,No,49,Poor
15299,Male,18,1,86,68,4,Yes,No,57,Average
15300,Male,19,9,82,87,10,Yes,Yes,93,Excellent
15301,Male,21,10,61,44,0,No,Yes,56,Average
15302,Male,22,9,59,86,3,No,Yes,69,Good
15303,Female,21,1,54,98,9,Yes,Yes,65,Good
15304,Male,21,5,81,90,3,No,Yes,71,Good
15305,Male,19,5,83,100,1,No,No,67,Good
15306,Male,18,8,79,82,10,Yes,Yes,84,Excellent
15307,Female,22,2,62,51,9,Yes,Yes,55,Average
15308,Female,20,10,69,70,5,Yes,No,82,Excellent
15309,Male,18,8,62,43,5,No,Yes,50,Average
15310,Male,18,8,80,46,6,No,Yes,69,Good
15311,Male,17,3,99,99,4,Yes,No,70,Good
15312,Male,16,6,83,65,8,Yes,Yes,78,Good
15313,Male,19,1,56,97,5,No,No,46,Poor
15314,Male,18,6,98,53,8,No,Yes,63,Average
15315,Male,18,9,74,82,4,No,No,77,Good
15316,Female,22,5,95,47,7,Yes,Yes,59,Average
15317,Female,22,9,78,84,9,Yes,Yes,75,Good
15318,Female,20,8,60,65,4,Yes,No,60,Average
15319,Male,21,5,63,67,10,Yes,No,58,Average
15320,Male,16,4,80,46,4,No,Yes,50,Average
15321,Female,17,8,87,72,5,No,Yes,77,Good
15322,Male,22,2,60,89,1,No,No,46,Poor
15323,Female,21,9,71,46,10,Yes,No,76,Good
15324,Male,21,5,89,65,7,Yes,Yes,74,Good
15325,Male,18,1,95,43,4,No,No,56,Average
15326,Female,18,8,90,59,3,No,No,63,Average
15327,Male,17,9,97,53,10,Yes,No,82,Excellent
15328,Male,19,10,59,51,6,No,No,56,Average
15329,Female,20,2,66,99,1,No,No,52,Average
15330,Female,19,4,59,40,1,Yes,Yes,37,Poor
15331,Female,18,10,74,71,6,No,Yes,78,Good
15332,Female,19,2,67,87,9,No,Yes,66,Good
15333,Female,20,5,71,71,4,No,Yes,55,Average
15334,Male,16,8,64,40,7,Yes,No,64,Average
15335,Male,18,7,65,96,3,Yes,Yes,64,Average
15336,Male,22,7,97,88,5,Yes,Yes,74,Good
15337,Female,18,6,85,83,9,No,No,73,Good
15338,Female,22,6,62,73,7,Yes,Yes,66,Good
15339,Male,19,1,51,97,8,Yes,No,56,Average
15340,Female,16,1,63,66,10,No,No,57,Average
15341,Female,19,9,60,44,2,Yes,No,65,Good
15342,Female,22,6,99,85,3,Yes,Yes,83,Excellent
15343,Female,16,1,93,78,10,Yes,No,70,Good
15344,Male,18,7,70,50,3,Yes,Yes,52,Average
15345,Female,21,6,77,47,3,Yes,Yes,57,Average
15346,Female,18,8,77,44,0,No,Yes,58,Average
15347,Male,16,6,91,47,3,Yes,Yes,63,Average
15348,Female,20,7,84,67,7,No,Yes,70,Good
15349,Female,20,1,70,65,10,No,Yes,58,Average
15350,Female,16,6,78,44,10,No,Yes,69,Good
15351,Male,20,4,61,49,10,No,No,55,Average
15352,Female,20,1,50,64,9,No,No,50,Average
15353,Female,19,1,69,40,5,No,Yes,48,Poor
15354,Female,19,9,88,99,2,No,No,89,Excellent
15355,Male,16,8,97,50,5,Yes,Yes,69,Good
15356,Female,19,7,56,77,1,Yes,Yes,69,Good
15357,Male,19,10,83,74,2,No,No,72,Good
15358,Male,21,3,63,71,2,Yes,No,47,Poor
15359,Male,19,4,62,64,4,No,Yes,48,Poor
15360,Male,18,4,64,87,9,Yes,Yes,75,Good
15361,Male,18,10,70,85,3,No,No,68,Good
15362,Male,17,10,87,46,4,Yes,Yes,72,Good
15363,Female,21,4,97,79,5,Yes,No,75,Good
15364,Male,21,6,83,100,1,Yes,Yes,74,Good
15365,Male,17,7,71,71,1,No,No,59,Average
15366,Female,21,4,60,71,3,Yes,Yes,61,Average
15367,Female,21,2,98,95,8,Yes,No,66,Good
15368,Male,21,9,71,88,9,Yes,Yes,77,Good
15369,Female,16,4,83,97,8,No,No,75,Good
15370,Male,19,8,88,47,0,No,Yes,52,Average
15371,Female,22,7,68,65,0,Yes,No,67,Good
15372,Female,17,6,76,89,4,No,No,74,Good
15373,Female,20,9,76,43,3,No,Yes,66,Good
15374,Female,21,6,91,86,4,No,No,64,Average
15375,Female,18,9,66,92,7,No,No,72,Good
15376,Female,19,7,96,96,0,Yes,No,85,Excellent
15377,Female,21,4,79,81,3,Yes,No,57,Average
15378,Female,22,8,85,64,10,No,Yes,67,Good
15379,Male,17,8,92,74,6,Yes,No,73,Good
15380,Female,16,6,79,78,6,No,Yes,68,Good
15381,Female,16,2,98,57,3,Yes,No,62,Average
15382,Male,19,10,95,85,9,Yes,No,97,Excellent
15383,Male,22,3,67,52,9,No,No,49,Poor
15384,Male,20,8,85,55,1,Yes,Yes,68,Good
15385,Female,17,4,83,100,1,No,No,70,Good
15386,Male,22,6,65,53,4,Yes,No,57,Average
15387,Female,22,2,57,50,10,No,Yes,54,Average
15388,Female,20,2,67,68,6,Yes,No,52,Average
15389,Male,19,2,81,74,8,Yes,No,58,Average
15390,Male,22,4,80,96,8,Yes,Yes,74,Good
15391,Female,21,6,71,61,0,No,No,56,Average
15392,Male,18,10,87,61,2,No,No,72,Good
15393,Female,18,5,88,75,3,Yes,Yes,65,Good
15394,Male,18,7,76,56,8,No,No,58,Average
15395,Female,21,3,73,76,4,Yes,No,52,Average
15396,Female,19,6,89,89,9,No,No,81,Excellent
15397,Male,16,4,57,51,8,Yes,Yes,56,Average
15398,Male,16,6,63,73,5,Yes,No,57,Average
15399,Male,20,5,76,90,7,No,No,69,Good
15400,Male,20,3,66,64,5,No,Yes,54,Average
15401,Female,20,2,59,49,2,Yes,Yes,44,Poor
15402,Female,18,1,60,50,7,Yes,No,48,Poor
15403,Male,21,1,89,53,3,No,No,47,Poor
15404,Male,20,7,69,68,8,No,Yes,73,Good
15405,Male,17,9,66,41,5,No,No,60,Average
15406,Male,17,3,96,87,7,Yes,No,64,Average
15407,Male,19,9,75,57,9,Yes,Yes,73,Good
15408,Female,22,7,100,44,4,No,Yes,71,Good
15409,Male,19,2,70,61,8,Yes,No,55,Average
15410,Female,17,7,68,87,2,No,Yes,74,Good
15411,Male,18,2,68,97,5,Yes,No,60,Average
15412,Male,19,9,74,43,2,Yes,No,55,Average
15413,Female,18,2,65,57,5,No,No,47,Poor
15414,Male,16,10,88,46,9,No,Yes,69,Good
15415,Female,21,2,98,57,5,Yes,No,54,Average
15416,Male,22,2,71,42,7,Yes,Yes,54,Average
15417,Male,21,7,56,57,4,No,Yes,51,Average
15418,Male,17,8,79,63,4,No,Yes,60,Average
15419,Female,18,9,73,49,2,No,No,56,Average
15420,Male,18,8,54,100,9,Yes,Yes,74,Good
15421,Male,21,9,93,100,5,No,Yes,89,Excellent
15422,Male,22,2,52,54,0,Yes,Yes,38,Poor
15423,Female,21,10,91,89,9,No,Yes,87,Excellent
15424,Female,22,2,73,63,7,No,Yes,57,Average
15425,Female,21,3,54,86,3,No,Yes,48,Poor
15426,Female,19,10,88,95,7,Yes,No,83,Excellent
15427,Male,16,8,76,66,9,No,Yes,79,Good
15428,Female,19,5,75,82,4,Yes,Yes,65,Good
15429,Male,21,8,91,49,3,Yes,Yes,74,Good
15430,Male,18,5,74,98,10,Yes,No,69,Good
15431,Male,18,5,93,72,2,No,Yes,61,Average
15432,Male,16,7,93,79,7,No,No,69,Good
15433,Male,21,9,96,65,4,No,No,78,Good
15434,Female,20,1,79,60,4,Yes,Yes,46,Poor
15435,Male,17,10,99,66,9,No,No,82,Excellent
15436,Male,18,2,64,75,1,Yes,Yes,52,Average
15437,Female,18,5,72,67,8,Yes,Yes,67,Good
15438,Male,16,2,98,74,9,Yes,No,67,Good
15439,Female,22,10,81,48,3,No,Yes,62,Average
15440,Female,19,8,100,71,9,No,Yes,77,Good
15441,Male,16,8,93,79,10,No,Yes,80,Excellent
15442,Female,16,1,69,85,1,Yes,Yes,53,Average
15443,Female,16,7,66,57,2,Yes,No,54,Average
15444,Female,20,8,52,50,8,Yes,Yes,66,Good
15445,Male,18,1,58,49,0,Yes,No,42,Poor
15446,Female,19,7,61,94,6,Yes,Yes,79,Good
15447,Male,20,3,97,62,6,Yes,Yes,66,Good
15448,Male,20,4,63,47,1,Yes,Yes,40,Poor
15449,Female,20,3,52,97,5,Yes,Yes,66,Good
15450,Male,20,4,84,45,10,Yes,No,55,Average
15451,Male,20,2,100,93,9,No,Yes,77,Good
15452,Female,20,6,79,64,2,No,No,56,Average
15453,Female,21,6,92,75,1,Yes,Yes,71,Good
15454,Male,20,6,100,90,0,Yes,Yes,69,Good
15455,Female,20,3,78,87,7,Yes,Yes,71,Good
15456,Male,16,10,81,60,5,No,Yes,73,Good
15457,Female,16,1,62,58,0,No,No,40,Poor
15458,Male,21,8,64,45,9,No,No,64,Average
15459,Male,17,10,72,67,8,Yes,Yes,84,Excellent
15460,Male,16,8,73,95,7,No,Yes,80,Excellent
15461,Male,21,3,96,45,1,No,Yes,49,Poor
15462,Female,22,3,80,59,6,No,No,57,Average
15463,Female,19,3,82,69,5,Yes,No,60,Average
15464,Male,17,9,96,67,6,Yes,Yes,75,Good
15465,Male,22,3,89,86,9,No,No,65,Good
15466,Female,20,4,70,61,3,Yes,No,47,Poor
15467,Female,17,7,90,94,9,No,No,75,Good
15468,Female,17,1,91,48,10,Yes,No,58,Average
15469,Male,16,5,83,44,8,Yes,No,68,Good
15470,Male,21,3,57,67,0,Yes,Yes,41,Poor
15471,Male,21,4,79,71,3,Yes,No,55,Average
15472,Female,18,2,61,63,10,Yes,Yes,62,Average
15473,Female,19,10,73,78,6,Yes,Yes,86,Excellent
15474,Male,18,9,58,50,0,No,Yes,56,Average
15475,Male,19,5,85,54,0,Yes,No,56,Average
15476,Female,20,4,51,63,10,Yes,No,56,Average
15477,Female,19,10,56,72,9,Yes,Yes,71,Good
15478,Female,21,9,68,76,3,No,Yes,75,Good
15479,Female,18,5,58,82,0,No,No,55,Average
15480,Female,16,4,79,45,0,Yes,No,52,Average
15481,Male,22,2,92,89,2,Yes,Yes,71,Good
15482,Female,22,6,62,93,4,No,Yes,60,Average
15483,Male,19,6,79,79,2,No,Yes,59,Average
15484,Male,19,5,64,76,5,No,Yes,56,Average
15485,Female,19,7,94,50,3,No,No,57,Average
15486,Female,16,7,86,81,4,No,No,74,Good
15487,Male,16,6,91,74,10,No,No,66,Good
15488,Male,22,7,87,53,5,Yes,No,68,Good
15489,Female,17,7,84,55,1,Yes,Yes,62,Average
15490,Female,16,3,95,74,3,No,Yes,55,Average
15491,Male,18,8,78,63,1,No,No,69,Good
15492,Male,20,3,66,88,8,No,Yes,65,Good
15493,Female,19,3,64,89,1,No,No,46,Poor
15494,Female,16,2,93,95,10,Yes,Yes,75,Good
15495,Female,20,4,93,92,10,No,Yes,68,Good
15496,Female,16,8,78,73,5,Yes,No,71,Good
15497,Female,17,1,59,54,5,No,Yes,39,Poor
15498,Female,17,4,55,60,7,Yes,Yes,62,Average
15499,Male,16,6,99,40,9,Yes,Yes,74,Good
15500,Female,16,4,63,71,3,Yes,Yes,51,Average
15501,Female,16,2,66,88,0,No,Yes,44,Poor
15502,Male,18,6,93,98,7,No,Yes,77,Good
15503,Male,17,3,74,84,0,Yes,No,57,Average
15504,Male,22,1,98,73,0,No,No,47,Poor
15505,Male,18,5,85,50,9,No,No,67,Good
15506,Male,18,6,91,84,3,No,No,66,Good
15507,Male,17,1,57,86,10,Yes,Yes,60,Average
15508,Female,22,3,79,80,1,No,No,63,Average
15509,Female,20,7,100,52,5,No,Yes,67,Good
15510,Male,17,5,52,74,9,No,Yes,58,Average
15511,Male,17,8,99,96,1,No,Yes,74,Good
15512,Male,16,9,58,90,2,No,No,61,Average
15513,Female,21,6,88,45,2,No,Yes,65,Good
15514,Female,18,6,55,57,9,Yes,Yes,69,Good
15515,Female,19,2,74,86,9,No,Yes,59,Average
15516,Female,18,5,64,54,8,Yes,No,60,Average
15517,Male,20,3,92,65,2,No,Yes,59,Average
15518,Male,22,10,93,66,1,Yes,No,69,Good
15519,Female,16,8,81,43,3,Yes,No,63,Average
15520,Female,22,6,91,76,4,Yes,No,73,Good
15521,Female,16,3,70,75,1,No,No,54,Average
15522,Male,17,3,53,55,4,Yes,No,39,Poor
15523,Male,16,4,98,97,4,No,No,70,Good
15524,Female,18,6,95,64,8,No,Yes,63,Average
15525,Male,18,1,68,68,8,No,Yes,48,Poor
15526,Male,22,10,58,72,5,Yes,No,64,Average
15527,Female,19,6,50,96,10,No,No,66,Good
15528,Male,20,10,50,93,8,Yes,Yes,74,Good
15529,Male,22,8,75,48,10,No,Yes,74,Good
15530,Male,21,1,52,46,10,Yes,Yes,46,Poor
15531,Female,20,4,99,96,6,No,Yes,74,Good
15532,Female,20,9,60,71,3,No,Yes,66,Good
15533,Male,19,5,93,53,9,No,No,72,Good
15534,Female,22,5,84,96,1,Yes,Yes,74,Good
15535,Female,18,5,74,54,6,No,Yes,62,Average
15536,Female,21,5,73,63,10,No,Yes,68,Good
15537,Male,16,1,81,70,0,Yes,No,57,Average
15538,Female,16,9,56,86,2,Yes,No,71,Good
15539,Male,19,6,85,76,1,Yes,Yes,74,Good
15540,Female,20,8,61,69,6,No,No,72,Good
15541,Male,22,2,92,49,3,Yes,No,57,Average
15542,Male,16,10,94,54,3,No,No,76,Good
15543,Female,22,8,53,98,10,Yes,No,78,Good
15544,Female,18,2,87,74,10,Yes,Yes,69,Good
15545,Male,22,5,65,92,9,Yes,Yes,67,Good
15546,Female,16,4,64,43,9,Yes,Yes,58,Average
15547,Female,19,5,74,72,0,Yes,Yes,66,Good
15548,Female,19,2,55,54,8,Yes,No,42,Poor
15549,Female,17,7,81,98,4,Yes,No,78,Good
15550,Female,18,5,76,72,1,No,No,64,Average
15551,Male,20,7,60,62,8,No,No,66,Good
15552,Male,21,1,66,86,9,No,No,52,Average
15553,Female,17,3,51,92,5,Yes,Yes,62,Average
15554,Female,20,1,82,61,8,No,No,47,Poor
15555,Female,20,1,51,73,3,Yes,Yes,46,Poor
15556,Male,19,5,74,45,1,Yes,Yes,60,Average
15557,Male,17,4,77,96,1,No,No,56,Average
15558,Male,19,2,55,87,7,No,No,63,Average
15559,Male,22,3,96,46,8,Yes,No,58,Average
15560,Male,22,4,84,40,6,No,Yes,51,Average
15561,Male,20,2,55,71,6,Yes,Yes,47,Poor
15562,Male,17,2,90,40,0,Yes,No,54,Average
15563,Male,18,8,52,47,10,No,No,58,Average
15564,Female,21,10,80,100,6,Yes,Yes,96,Excellent
15565,Female,22,10,53,91,6,Yes,Yes,84,Excellent
15566,Female,17,10,52,100,6,Yes,Yes,80,Excellent
15567,Female,16,1,70,77,6,Yes,No,56,Average
15568,Female,20,1,85,80,7,Yes,Yes,64,Average
15569,Female,20,1,56,56,0,Yes,Yes,35,Poor
15570,Male,16,4,79,61,4,No,Yes,59,Average
15571,Male,21,9,53,46,5,No,No,59,Average
15572,Female,18,10,53,80,3,No,No,69,Good
15573,Male,19,7,67,65,3,No,No,56,Average
15574,Male,19,5,70,89,1,No,No,65,Good
15575,Male,16,5,88,55,1,No,Yes,51,Average
15576,Male,18,2,58,81,3,Yes,Yes,60,Average
15577,Male,20,4,75,80,4,Yes,No,66,Good
15578,Female,18,4,91,86,0,No,Yes,61,Average
15579,Male,19,4,56,75,0,Yes,Yes,48,Poor
15580,Female,21,4,82,83,4,Yes,Yes,64,Average
15581,Female,18,3,72,82,1,Yes,No,50,Average
15582,Female,18,8,79,92,7,No,No,79,Good
15583,Male,17,1,74,40,10,Yes,Yes,42,Poor
15584,Male,22,10,87,62,8,No,Yes,72,Good
15585,Male,18,4,59,85,2,No,No,48,Poor
15586,Female,18,9,67,68,8,Yes,Yes,74,Good
15587,Female,17,5,73,70,1,Yes,No,66,Good
15588,Male,17,9,50,68,2,Yes,Yes,56,Average
15589,Female,18,5,77,64,8,Yes,No,72,Good
15590,Female,17,6,70,53,9,No,Yes,55,Average
15591,Female,22,9,68,93,7,Yes,No,73,Good
15592,Male,19,3,68,89,10,No,No,66,Good
15593,Female,20,7,90,57,5,Yes,No,72,Good
15594,Female,17,10,66,48,6,No,Yes,58,Average
15595,Male,20,4,93,55,0,No,Yes,48,Poor
15596,Male,19,2,80,62,9,Yes,No,54,Average
15597,Male,18,8,99,91,9,Yes,No,90,Excellent
15598,Male,21,4,75,87,6,No,No,62,Average
15599,Female,22,3,65,64,1,No,No,41,Poor
15600,Female,16,10,67,58,6,No,No,70,Good
15601,Male,17,8,51,81,7,No,Yes,63,Average
15602,Female,20,6,52,76,3,Yes,Yes,63,Average
15603,Female,19,8,51,81,2,No,Yes,69,Good
15604,Female,22,2,66,78,9,Yes,Yes,54,Average
15605,Female,20,10,87,75,9,Yes,Yes,79,Good
15606,Female,21,8,95,95,10,No,No,84,Excellent
15607,Male,16,7,60,98,1,No,Yes,70,Good
15608,Male,16,3,52,44,4,No,Yes,43,Poor
15609,Female,22,5,88,78,2,Yes,Yes,61,Average
15610,Male,16,6,72,72,4,Yes,No,63,Average
15611,Female,21,8,67,99,7,Yes,No,72,Good
15612,Female,22,7,69,44,7,No,Yes,59,Average
15613,Male,18,9,67,69,5,Yes,No,67,Good
15614,Female,16,3,56,98,2,Yes,No,61,Average
15615,Male,16,7,60,66,5,No,No,54,Average
15616,Male,22,3,88,100,0,No,Yes,57,Average
15617,Male,22,9,72,90,5,Yes,Yes,76,Good
15618,Male,20,6,57,99,6,Yes,Yes,63,Average
15619,Female,17,3,94,70,1,No,No,63,Average
15620,Female,18,2,77,53,4,Yes,Yes,44,Poor
15621,Female,20,2,57,99,9,No,No,61,Average
15622,Male,20,9,52,74,10,No,Yes,74,Good
15623,Female,17,7,56,51,6,Yes,Yes,57,Average
15624,Female,16,5,95,78,3,No,No,73,Good
15625,Female,19,4,97,96,9,No,No,73,Good
15626,Male,17,7,53,63,6,Yes,No,56,Average
15627,Male,17,5,54,80,1,Yes,No,54,Average
15628,Female,20,5,59,61,0,No,No,48,Poor
15629,Male,22,2,89,84,1,Yes,Yes,60,Average
15630,Male,20,1,81,78,8,No,Yes,64,Average
15631,Male,16,3,91,58,5,Yes,Yes,67,Good
15632,Male,20,4,54,66,9,No,No,60,Average
15633,Male,19,10,85,99,8,No,No,81,Excellent
15634,Female,21,9,96,50,4,Yes,No,79,Good
15635,Male,21,6,63,55,6,Yes,Yes,51,Average
15636,Female,20,10,77,63,7,Yes,No,82,Excellent
15637,Female,18,7,83,93,8,No,Yes,73,Good
15638,Male,17,7,54,83,4,Yes,No,62,Average
15639,Female,17,9,53,51,2,No,Yes,63,Average
15640,Male,22,1,89,57,2,Yes,Yes,53,Average
15641,Male,18,8,66,90,4,No,No,63,Average
15642,Female,20,9,74,46,9,Yes,Yes,66,Good
15643,Female,22,5,51,61,7,No,No,45,Poor
15644,Male,18,5,89,65,0,Yes,No,64,Average
15645,Male,19,1,72,93,8,No,No,59,Average
15646,Female,17,6,94,66,5,No,No,76,Good
15647,Female,19,6,71,63,4,Yes,Yes,59,Average
15648,Male,22,1,68,92,9,No,Yes,62,Average
15649,Male,20,3,65,43,10,No,No,44,Poor
15650,Male,18,3,81,49,7,No,Yes,62,Average
15651,Female,16,3,95,94,6,No,Yes,76,Good
15652,Female,22,6,96,62,8,Yes,Yes,81,Excellent
15653,Male,21,9,94,91,7,Yes,Yes,81,Excellent
15654,Male,16,3,63,88,4,Yes,No,58,Average
15655,Female,17,6,63,94,5,No,No,70,Good
15656,Male,16,5,97,48,0,Yes,Yes,58,Average
15657,Female,19,10,50,72,4,No,Yes,65,Good
15658,Female,21,8,70,97,8,No,No,85,Excellent
15659,Female,20,5,55,93,5,No,No,67,Good
15660,Male,16,2,90,45,10,No,Yes,50,Average
15661,Female,17,10,82,100,7,Yes,No,90,Excellent
15662,Female,22,6,73,92,10,No,Yes,70,Good
15663,Female,18,4,58,50,2,Yes,No,53,Average
15664,Female,18,7,92,84,2,No,Yes,73,Good
15665,Female,17,2,71,90,0,No,Yes,48,Poor
15666,Male,18,2,53,89,0,No,Yes,50,Average
15667,Male,16,1,52,64,3,Yes,Yes,50,Average
15668,Male,16,1,81,92,9,Yes,Yes,64,Average
15669,Male,20,9,73,92,0,No,No,68,Good
15670,Male,22,6,94,82,6,Yes,No,78,Good
15671,Female,20,6,99,47,9,No,No,75,Good
15672,Male,19,9,66,71,3,Yes,No,73,Good
15673,Male,20,9,80,91,10,Yes,Yes,88,Excellent
15674,Female,20,9,63,48,2,Yes,No,62,Average
15675,Male,21,8,95,49,0,Yes,Yes,67,Good
15676,Female,20,10,89,44,1,Yes,No,74,Good
15677,Male,17,3,67,85,6,Yes,Yes,61,Average
15678,Male,20,5,66,83,7,Yes,No,70,Good
15679,Female,22,3,70,54,6,Yes,No,61,Average
15680,Male,22,9,68,50,8,Yes,Yes,61,Average
15681,Male,18,5,65,54,4,No,Yes,54,Average
15682,Female,18,4,66,61,10,Yes,Yes,68,Good
15683,Male,22,4,59,44,1,No,Yes,41,Poor
15684,Female,21,10,96,53,9,Yes,No,80,Excellent
15685,Female,20,5,70,55,7,No,Yes,58,Average
15686,Male,20,4,68,91,5,No,Yes,64,Average
15687,Male,17,9,78,87,3,Yes,No,74,Good
15688,Female,16,3,77,79,8,No,No,54,Average
15689,Female,19,6,70,84,0,No,No,66,Good
15690,Male,17,5,68,53,4,No,No,53,Average
15691,Female,17,3,59,62,9,No,Yes,55,Average
15692,Male,16,5,80,65,8,No,Yes,64,Average
15693,Male,19,8,80,63,3,Yes,Yes,61,Average
15694,Female,17,5,67,65,4,No,Yes,51,Average
15695,Male,22,3,67,83,6,No,No,58,Average
15696,Female,16,1,73,66,1,No,Yes,53,Average
15697,Female,19,5,83,68,0,No,Yes,64,Average
15698,Female,22,1,83,63,2,Yes,Yes,47,Poor
15699,Female,21,3,90,54,4,Yes,Yes,50,Average
15700,Female,19,3,63,74,8,No,Yes,61,Average
15701,Male,22,1,88,58,3,Yes,Yes,56,Average
15702,Male,18,9,75,76,3,No,No,68,Good
15703,Male,22,5,79,76,10,No,No,73,Good
15704,Male,16,10,66,71,8,No,Yes,69,Good
15705,Male,22,7,87,67,6,Yes,No,65,Good
15706,Male,21,4,63,46,7,Yes,No,48,Poor
15707,Female,17,8,78,72,7,No,No,66,Good
15708,Male,17,3,90,56,9,No,No,61,Average
15709,Female,21,4,83,86,2,Yes,No,68,Good
15710,Female,19,6,68,55,0,Yes,No,53,Average
15711,Female,20,6,99,87,4,No,Yes,72,Good
15712,Female,19,3,68,72,3,Yes,Yes,62,Average
15713,Male,22,10,80,60,5,Yes,No,69,Good
15714,Male,16,4,61,85,9,Yes,No,59,Average
15715,Male,19,3,61,77,1,No,No,56,Average
15716,Female,18,7,71,72,6,No,Yes,66,Good
15717,Female,20,4,91,49,8,Yes,Yes,62,Average
15718,Male,20,4,64,83,6,No,Yes,68,Good
15719,Female,20,5,81,97,5,No,Yes,65,Good
15720,Male,17,7,63,68,0,Yes,No,59,Average
15721,Male,22,2,65,68,4,No,No,53,Average
15722,Female,22,5,64,49,4,No,No,54,Average
15723,Male,19,7,57,83,6,Yes,No,62,Average
15724,Male,22,2,92,97,5,Yes,Yes,77,Good
15725,Male,18,6,74,69,10,Yes,Yes,75,Good
15726,Male,18,1,99,72,9,Yes,Yes,72,Good
15727,Female,19,1,91,94,9,Yes,No,63,Average
15728,Male,21,5,69,71,4,No,Yes,50,Average
15729,Male,20,1,83,83,1,Yes,Yes,61,Average
15730,Male,21,7,96,66,9,Yes,No,70,Good
15731,Female,20,9,99,49,0,Yes,Yes,78,Good
15732,Female,18,4,54,90,10,Yes,Yes,59,Average
15733,Female,19,2,62,88,2,No,Yes,51,Average
15734,Female,17,7,69,70,6,Yes,No,60,Average
15735,Male,16,5,97,48,10,No,No,60,Average
15736,Male,16,5,81,45,7,No,No,49,Poor
15737,Male,17,10,69,99,4,No,No,72,Good
15738,Male,17,8,60,82,3,No,Yes,62,Average
15739,Male,21,9,50,46,9,No,Yes,66,Good
15740,Male,19,4,85,47,5,Yes,Yes,66,Good
15741,Male,22,1,67,81,9,No,No,60,Average
15742,Female,20,1,57,54,6,No,No,45,Poor
15743,Female,16,1,75,79,2,Yes,No,58,Average
15744,Male,16,10,97,76,1,Yes,Yes,87,Excellent
15745,Female,21,4,78,96,10,Yes,No,67,Good
15746,Female,21,4,96,42,5,Yes,Yes,60,Average
15747,Female,16,8,82,53,6,Yes,No,72,Good
15748,Female,21,9,98,51,1,No,Yes,64,Average
15749,Male,18,10,59,62,7,Yes,No,70,Good
15750,Female,18,1,95,57,4,No,No,56,Average
15751,Male,22,4,89,59,10,Yes,No,74,Good
15752,Female,17,2,58,70,2,No,Yes,38,Poor
15753,Male,19,10,100,62,1,No,No,70,Good
15754,Female,18,9,50,45,0,Yes,No,49,Poor
15755,Male,18,7,74,68,6,No,No,65,Good
15756,Male,16,6,87,62,10,No,No,76,Good
15757,Female,16,1,56,46,9,No,Yes,34,Poor
15758,Female,18,1,88,74,7,Yes,Yes,69,Good
15759,Female,20,7,66,42,5,No,Yes,50,Average
15760,Male,22,1,74,72,9,No,No,56,Average
15761,Female,19,8,63,47,10,No,Yes,56,Average
15762,Male,17,8,69,83,3,Yes,Yes,68,Good
15763,Male,16,5,72,80,3,No,No,63,Average
15764,Male,17,6,69,53,6,No,No,58,Average
15765,Male,17,5,78,75,5,Yes,Yes,62,Average
15766,Male,20,3,75,59,4,No,No,44,Poor
15767,Male,16,1,69,88,6,No,No,52,Average
15768,Female,17,1,80,78,5,No,Yes,55,Average
15769,Male,17,3,100,95,2,Yes,No,73,Good
15770,Female,16,1,97,78,0,No,Yes,61,Average
15771,Female,21,7,81,41,4,Yes,No,61,Average
15772,Female,22,1,73,67,8,Yes,No,60,Average
15773,Male,21,1,52,50,10,Yes,No,47,Poor
15774,Female,17,7,68,85,5,No,No,64,Average
15775,Male,22,5,58,50,6,No,Yes,56,Average
15776,Female,16,5,66,45,6,No,Yes,60,Average
15777,Male,20,5,71,53,5,Yes,No,63,Average
15778,Female,16,4,74,78,1,No,Yes,65,Good
15779,Male,18,1,92,73,6,No,Yes,63,Average
15780,Female,20,9,70,81,9,Yes,Yes,76,Good
15781,Female,18,1,58,77,10,Yes,Yes,60,Average
15782,Male,18,4,76,100,4,No,No,74,Good
15783,Male,16,6,89,66,8,Yes,Yes,74,Good
15784,Female,22,9,59,44,8,Yes,Yes,59,Average
15785,Male,16,6,57,89,9,No,No,69,Good
15786,Male,22,9,83,90,1,Yes,Yes,83,Excellent
15787,Male,20,4,88,86,9,Yes,Yes,68,Good
15788,Female,21,8,80,92,6,Yes,Yes,79,Good
15789,Female,22,4,93,45,5,No,No,56,Average
15790,Male,21,2,55,99,3,No,Yes,58,Average
15791,Male,21,7,50,71,7,Yes,Yes,58,Average
15792,Female,16,5,62,70,6,Yes,Yes,63,Average
15793,Female,21,4,98,54,7,Yes,No,63,Average
15794,Male,19,8,72,96,0,Yes,Yes,75,Good
15795,Male,16,4,52,94,0,No,No,60,Average
15796,Male,16,1,51,94,7,Yes,Yes,63,Average
15797,Male,17,5,58,84,0,Yes,Yes,60,Average
15798,Female,17,5,79,91,4,Yes,Yes,78,Good
15799,Female,21,5,65,65,5,No,Yes,60,Average
15800,Female,18,1,85,98,3,No,Yes,66,Good
15801,Female,20,9,86,91,5,No,Yes,78,Good
15802,Male,19,5,52,46,0,Yes,No,42,Poor
15803,Female,16,3,57,61,8,No,Yes,56,Average
15804,Male,22,5,66,53,5,Yes,No,59,Average
15805,Female,20,8,96,66,4,Yes,Yes,75,Good
15806,Female,16,8,66,88,3,No,Yes,64,Average
15807,Male,21,2,56,86,4,Yes,Yes,54,Average
15808,Male,22,5,100,82,3,No,Yes,78,Good
15809,Male,21,9,85,60,3,No,Yes,74,Good
15810,Female,16,2,73,68,7,No,Yes,46,Poor
15811,Male,21,10,97,93,6,Yes,Yes,97,Excellent
15812,Male,17,10,100,40,7,No,Yes,75,Good
15813,Female,17,4,75,47,10,Yes,Yes,58,Average
15814,Male,20,8,86,53,8,Yes,No,67,Good
15815,Female,16,6,99,62,2,No,No,66,Good
15816,Male,19,8,69,88,8,No,No,75,Good
15817,Female,22,2,62,44,7,Yes,No,55,Average
15818,Female,17,7,77,88,4,No,No,77,Good
15819,Male,21,3,64,96,0,No,Yes,54,Average
15820,Female,18,2,53,43,0,Yes,Yes,34,Poor
15821,Male,17,3,72,74,1,Yes,No,53,Average
15822,Male,16,8,98,71,6,Yes,Yes,74,Good
15823,Male,21,8,97,96,1,No,No,87,Excellent
15824,Female,21,9,94,75,1,Yes,Yes,80,Excellent
15825,Male,18,9,63,43,6,Yes,Yes,69,Good
15826,Female,21,10,96,50,2,Yes,Yes,79,Good
15827,Female,16,8,79,76,2,No,Yes,62,Average
15828,Female,16,4,83,89,4,No,Yes,73,Good
15829,Female,22,8,98,76,1,No,No,70,Good
15830,Female,22,3,99,43,10,Yes,Yes,62,Average
15831,Female,21,2,65,62,8,Yes,Yes,49,Poor
15832,Male,19,5,81,47,10,No,No,61,Average
15833,Female,18,10,90,91,1,No,No,78,Good
15834,Female,21,6,73,50,2,Yes,Yes,63,Average
15835,Male,17,6,62,96,2,No,Yes,61,Average
15836,Female,22,3,53,66,9,Yes,No,63,Average
15837,Male,22,1,53,73,5,Yes,Yes,46,Poor
15838,Female,16,9,75,98,10,Yes,Yes,84,Excellent
15839,Female,16,9,72,92,4,Yes,Yes,73,Good
15840,Female,17,7,89,100,9,Yes,No,90,Excellent
15841,Female,17,7,67,76,4,Yes,Yes,71,Good
15842,Male,19,4,64,70,10,Yes,No,64,Average
15843,Male,16,9,100,76,5,No,No,79,Good
15844,Male,21,1,73,51,3,Yes,No,46,Poor
15845,Female,20,10,92,65,3,Yes,No,73,Good
15846,Male,22,2,75,88,7,No,No,64,Average
15847,Female,22,8,84,67,4,Yes,No,79,Good
15848,Male,19,8,100,57,7,Yes,No,74,Good
15849,Female,19,3,67,56,9,Yes,Yes,53,Average
15850,Female,17,4,51,72,1,Yes,No,54,Average
15851,Male,19,8,94,61,7,Yes,No,78,Good
15852,Male,22,10,91,93,2,No,Yes,84,Excellent
15853,Male,18,2,96,68,1,No,Yes,54,Average
15854,Male,18,10,93,43,6,Yes,No,68,Good
15855,Female,17,5,93,50,10,No,No,73,Good
15856,Female,19,9,91,60,0,No,Yes,63,Average
15857,Male,20,7,58,73,5,Yes,Yes,64,Average
15858,Female,16,10,55,65,4,No,No,72,Good
15859,Female,19,10,82,51,9,Yes,No,70,Good
15860,Female,18,5,60,47,2,Yes,Yes,58,Average
15861,Female,17,4,63,74,0,Yes,Yes,54,Average
15862,Female,21,3,71,59,10,No,No,52,Average
15863,Female,20,9,63,47,6,No,Yes,58,Average
15864,Female,18,9,96,66,0,No,No,78,Good
15865,Male,20,5,51,83,10,No,Yes,65,Good
15866,Female,22,2,52,78,10,Yes,No,65,Good
15867,Male,19,8,96,77,2,Yes,No,70,Good
15868,Female,21,9,76,95,6,Yes,Yes,86,Excellent
15869,Female,16,8,73,89,7,No,Yes,83,Excellent
15870,Male,21,2,57,50,8,No,Yes,41,Poor
15871,Female,17,1,81,58,2,Yes,No,56,Average
15872,Female,20,10,84,51,10,No,No,82,Excellent
15873,Female,22,1,78,58,0,No,Yes,50,Average
15874,Female,16,7,64,74,5,No,Yes,65,Good
15875,Female,22,3,69,46,4,Yes,Yes,55,Average
15876,Female,21,1,70,77,1,Yes,No,46,Poor
15877,Female,19,3,50,45,8,No,Yes,39,Poor
15878,Male,21,6,57,87,6,No,Yes,68,Good
15879,Male,19,6,89,64,1,No,Yes,64,Average
15880,Male,17,4,59,53,1,No,Yes,41,Poor
15881,Male,18,5,84,42,10,Yes,No,67,Good
15882,Male,20,2,93,59,4,No,No,53,Average
15883,Male,22,6,92,69,9,No,Yes,66,Good
15884,Male,17,3,85,54,4,No,Yes,45,Poor
15885,Male,22,7,99,44,8,No,Yes,60,Average
15886,Male,20,6,76,61,4,No,Yes,61,Average
15887,Female,19,3,91,63,7,Yes,Yes,65,Good
15888,Male,17,9,94,49,4,No,No,73,Good
15889,Male,16,3,90,46,1,Yes,No,51,Average
15890,Male,18,3,99,71,7,Yes,No,64,Average
15891,Male,22,6,99,55,4,Yes,Yes,66,Good
15892,Female,21,10,87,69,2,No,No,72,Good
15893,Male,22,7,85,45,4,No,Yes,56,Average
15894,Female,16,3,61,79,8,Yes,No,52,Average
15895,Female,18,2,84,45,3,Yes,Yes,47,Poor
15896,Male,18,10,100,48,4,No,Yes,74,Good
15897,Female,20,9,66,98,6,Yes,No,80,Excellent
15898,Male,21,6,76,50,6,Yes,Yes,57,Average
15899,Male,19,3,90,44,1,No,No,50,Average
15900,Male,18,5,80,87,7,Yes,No,75,Good
15901,Male,21,3,85,69,3,No,Yes,63,Average
15902,Female,22,4,50,87,1,Yes,No,60,Average
15903,Male,20,3,59,93,2,No,Yes,56,Average
15904,Male,17,7,69,92,4,No,Yes,64,Average
15905,Female,17,3,65,60,0,Yes,Yes,46,Poor
15906,Female,16,3,69,73,10,No,Yes,57,Average
15907,Female,22,4,92,66,7,No,No,56,Average
15908,Male,20,5,61,42,6,Yes,Yes,60,Average
15909,Male,20,8,55,41,5,Yes,Yes,55,Average
15910,Male,19,6,65,79,3,Yes,Yes,61,Average
15911,Male,19,10,54,53,10,No,Yes,64,Average
15912,Male,20,9,83,57,5,No,No,76,Good
15913,Male,19,8,50,62,0,Yes,No,61,Average
15914,Female,19,4,81,61,10,Yes,Yes,59,Average
15915,Female,22,5,54,55,10,No,No,62,Average
15916,Male,22,5,53,95,5,Yes,Yes,65,Good
15917,Male,20,7,79,77,4,No,Yes,72,Good
15918,Male,18,4,68,94,3,Yes,Yes,62,Average
15919,Female,21,4,51,97,10,Yes,No,72,Good
15920,Male,22,7,95,55,1,No,No,64,Average
15921,Female,20,7,52,70,3,Yes,Yes,55,Average
15922,Female,17,10,99,63,9,Yes,Yes,94,Excellent
15923,Male,16,9,69,74,3,Yes,Yes,78,Good
15924,Female,16,8,84,52,0,Yes,No,68,Good
15925,Female,22,4,64,63,6,No,Yes,51,Average
15926,Male,17,9,63,79,8,Yes,No,69,Good
15927,Male,16,2,97,65,0,Yes,No,60,Average
15928,Female,16,10,87,65,5,No,Yes,71,Good
15929,Female,18,4,94,42,5,No,No,60,Average
15930,Male,16,1,94,41,7,Yes,No,45,Poor
15931,Female,19,5,53,89,1,Yes,Yes,64,Average
15932,Male,19,5,98,99,9,Yes,No,86,Excellent
15933,Female,16,7,65,64,6,Yes,No,59,Average
15934,Female,22,9,86,56,6,No,Yes,63,Average
15935,Male,22,4,77,85,7,Yes,Yes,73,Good
15936,Female,19,6,75,81,9,No,No,69,Good
15937,Female,19,1,79,49,4,Yes,Yes,46,Poor
15938,Female,21,5,91,61,3,No,No,54,Average
15939,Male,19,6,70,90,6,Yes,Yes,69,Good
15940,Female,19,6,91,50,7,No,No,66,Good
15941,Male,16,7,68,89,4,Yes,Yes,69,Good
15942,Female,22,3,96,54,7,No,No,68,Good
15943,Male,19,8,74,40,1,No,Yes,49,Poor
15944,Female,16,10,82,53,9,No,Yes,68,Good
15945,Female,18,8,76,72,8,Yes,Yes,81,Excellent
15946,Female,19,7,90,45,1,Yes,Yes,54,Average
15947,Female,20,8,82,44,5,Yes,Yes,69,Good
15948,Male,17,5,99,66,1,No,No,56,Average
15949,Female,18,5,50,51,5,Yes,Yes,52,Average
15950,Male,19,10,67,69,10,No,Yes,80,Excellent
15951,Female,19,2,78,49,9,No,No,46,Poor
15952,Female,22,9,66,62,10,No,Yes,72,Good
15953,Female,18,8,80,48,4,Yes,Yes,67,Good
15954,Female,18,9,68,57,2,Yes,Yes,61,Average
15955,Male,20,9,72,49,6,No,Yes,70,Good
15956,Female,20,5,58,76,8,No,Yes,60,Average
15957,Female,22,1,64,98,3,No,No,50,Average
15958,Male,17,8,73,63,7,Yes,No,75,Good
15959,Female,16,3,88,78,2,No,Yes,59,Average
15960,Male,22,10,74,58,8,No,Yes,71,Good
15961,Female,16,3,79,85,2,No,Yes,55,Average
15962,Male,22,8,62,43,5,No,No,54,Average
15963,Male,19,2,87,83,0,No,Yes,51,Average
15964,Male,17,8,96,77,7,No,Yes,71,Good
15965,Male,16,5,64,46,8,Yes,Yes,50,Average
15966,Female,22,10,51,87,8,Yes,No,80,Excellent
15967,Male,16,3,96,65,3,No,Yes,66,Good
15968,Female,19,8,70,43,1,Yes,No,56,Average
15969,Female,21,8,58,90,4,No,No,61,Average
15970,Male,17,7,63,66,1,No,Yes,63,Average
15971,Male,18,3,66,92,10,Yes,Yes,68,Good
15972,Male,19,10,88,60,1,No,Yes,73,Good
15973,Male,17,9,69,99,4,No,No,72,Good
15974,Female,21,9,90,86,4,Yes,No,89,Excellent
15975,Male,16,2,85,97,4,Yes,No,74,Good
15976,Male,20,3,68,73,7,No,No,55,Average
15977,Female,16,10,100,89,0,Yes,No,80,Excellent
15978,Female,20,2,93,58,7,Yes,No,53,Average
15979,Female,19,4,69,77,0,Yes,No,50,Average
15980,Female,17,8,97,83,3,No,Yes,81,Excellent
15981,Female,18,1,71,80,4,No,No,55,Average
15982,Female,17,8,62,45,3,Yes,Yes,54,Average
15983,Female,16,3,89,74,7,No,No,62,Average
15984,Male,18,8,67,72,8,No,No,62,Average
15985,Female,16,8,80,66,2,Yes,No,63,Average
15986,Female,20,2,92,44,10,Yes,Yes,66,Good
15987,Female,16,1,80,43,9,No,No,43,Poor
15988,Female,19,3,100,72,1,Yes,Yes,69,Good
15989,Male,22,2,89,87,2,Yes,No,55,Average
15990,Female,16,3,90,84,6,No,Yes,61,Average
15991,Female,19,6,99,43,8,No,Yes,72,Good
15992,Male,19,5,92,72,5,No,No,59,Average
15993,Female,19,1,99,68,10,No,Yes,64,Average
15994,Female,22,7,97,73,2,No,No,74,Good
15995,Male,18,6,94,46,8,Yes,Yes,74,Good
15996,Female,19,6,56,94,2,No,No,70,Good
15997,Female,21,5,68,67,10,Yes,No,69,Good
15998,Male,22,4,72,67,5,No,Yes,58,Average
15999,Male,16,6,61,90,0,No,No,59,Average
16000,Male,22,8,64,52,8,No,Yes,57,Average
